iModulon_ID,MEME,TF_Mouse,TF_AllVertebrate,AME
iModulon_0,complete,complete,complete,no_hits
iModulon_1,complete,complete,complete,complete
iModulon_2,complete,complete,complete,complete
iModulon_3,complete,complete,complete,no_hits
iModulon_4,complete,complete,complete,complete
iModulon_5,complete,complete,complete,complete
iModulon_6,complete,complete,complete,no_hits
iModulon_7,complete,complete,complete,complete
iModulon_8,complete,complete,complete,complete
iModulon_9,complete,complete,complete,complete
iModulon_10,complete,complete,complete,no_hits
iModulon_11,complete,complete,complete,complete
iModulon_12,complete,complete,complete,complete
iModulon_13,complete,complete,complete,no_hits
iModulon_14,complete,complete,complete,no_hits
iModulon_15,complete,complete,complete,no_hits
iModulon_16,complete,complete,complete,complete
iModulon_17,complete,complete,complete,no_hits
iModulon_18,complete,complete,complete,no_hits
iModulon_19,complete,complete,complete,complete
iModulon_20,complete,complete,complete,complete
iModulon_21,complete,complete,complete,complete
iModulon_22,complete,complete,complete,complete
iModulon_23,complete,complete,complete,no_hits
iModulon_24,complete,complete,complete,no_hits
iModulon_25,complete,complete,complete,complete
iModulon_26,complete,complete,complete,no_hits
iModulon_27,complete,complete,complete,no_hits
iModulon_28,complete,complete,complete,no_hits
iModulon_29,complete,complete,complete,complete
iModulon_30,complete,complete,complete,no_hits
iModulon_31,complete,complete,complete,complete
iModulon_32,complete,complete,complete,complete
iModulon_33,complete,complete,complete,no_hits
iModulon_34,complete,complete,complete,no_hits
iModulon_35,complete,complete,complete,no_hits
iModulon_36,complete,complete,complete,no_hits
iModulon_37,complete,complete,complete,complete
iModulon_38,complete,complete,complete,no_hits
iModulon_39,complete,complete,complete,no_hits
iModulon_40,complete,complete,complete,complete
iModulon_41,complete,complete,complete,complete
iModulon_42,complete,complete,complete,no_hits
iModulon_43,complete,complete,complete,complete
iModulon_44,complete,complete,complete,no_hits
iModulon_45,complete,complete,complete,no_hits
iModulon_46,complete,complete,complete,no_hits
iModulon_47,complete,complete,complete,no_hits
iModulon_48,complete,complete,complete,no_hits
iModulon_49,complete,complete,complete,complete
iModulon_50,complete,complete,complete,no_hits
iModulon_51,complete,complete,complete,no_hits
iModulon_52,complete,complete,complete,complete
iModulon_53,complete,complete,complete,complete
iModulon_54,complete,complete,complete,complete
iModulon_55,complete,complete,complete,complete
iModulon_56,complete,complete,complete,complete
iModulon_57,complete,complete,complete,complete
iModulon_58,complete,complete,complete,no_hits
iModulon_59,complete,complete,complete,no_hits
iModulon_60,complete,complete,complete,no_hits
iModulon_61,complete,complete,complete,complete
iModulon_62,complete,complete,complete,no_hits
iModulon_63,complete,complete,complete,no_hits
iModulon_64,complete,complete,complete,no_hits
iModulon_65,complete,complete,complete,complete
iModulon_66,complete,complete,complete,no_hits
iModulon_67,complete,complete,complete,no_hits
iModulon_68,complete,complete,complete,complete
iModulon_69,complete,complete,complete,complete
iModulon_70,complete,complete,complete,complete
iModulon_71,complete,complete,complete,no_hits
iModulon_72,complete,complete,complete,complete
iModulon_73,complete,complete,complete,no_hits
iModulon_74,complete,complete,complete,no_hits
iModulon_75,complete,complete,complete,complete
iModulon_76,complete,complete,complete,complete
iModulon_77,complete,complete,complete,no_hits
iModulon_78,complete,complete,complete,no_hits
iModulon_79,complete,complete,complete,no_hits
iModulon_80,complete,complete,complete,no_hits
iModulon_81,complete,complete,complete,complete
iModulon_82,complete,complete,complete,complete
iModulon_83,complete,complete,complete,complete
iModulon_84,complete,complete,complete,no_hits
iModulon_85,complete,complete,complete,complete
iModulon_86,complete,complete,complete,complete
iModulon_87,complete,complete,complete,no_hits
iModulon_88,complete,complete,complete,complete
iModulon_89,complete,complete,complete,complete
iModulon_90,complete,complete,complete,complete
iModulon_91,complete,complete,complete,no_hits
iModulon_92,complete,complete,complete,complete
iModulon_93,complete,complete,complete,no_hits
iModulon_94,complete,complete,complete,complete
iModulon_95,complete,complete,complete,complete
iModulon_96,complete,complete,complete,no_hits
iModulon_97,complete,complete,complete,complete
iModulon_98,complete,complete,complete,complete
iModulon_99,complete,complete,complete,no_hits
iModulon_100,complete,complete,complete,complete
iModulon_101,complete,complete,complete,complete
iModulon_102,complete,complete,complete,complete
iModulon_103,complete,complete,complete,no_hits
iModulon_104,complete,complete,complete,no_hits
iModulon_105,complete,complete,complete,complete
iModulon_106,excluded_single_gene,excluded_single_gene,excluded_single_gene,excluded_single_gene
iModulon_107,complete,complete,complete,no_hits
iModulon_108,complete,complete,complete,no_hits
iModulon_109,complete,complete,complete,complete
iModulon_110,complete,complete,complete,no_hits
iModulon_111,complete,complete,complete,no_hits
iModulon_112,complete,complete,complete,complete
iModulon_113,complete,complete,complete,no_hits
iModulon_114,complete,complete,complete,no_hits
iModulon_115,complete,complete,complete,complete
iModulon_116,complete,complete,complete,no_hits
iModulon_117,complete,complete,complete,complete
iModulon_118,complete,complete,complete,no_hits
iModulon_119,complete,complete,complete,no_hits
iModulon_120,complete,complete,complete,no_hits
iModulon_121,complete,complete,complete,no_hits
iModulon_122,complete,complete,complete,no_hits
iModulon_123,complete,complete,complete,no_hits
iModulon_124,complete,complete,complete,no_hits
iModulon_125,complete,complete,complete,complete
iModulon_126,complete,complete,complete,complete
iModulon_127,complete,complete,complete,complete
iModulon_128,complete,complete,complete,no_hits
iModulon_129,complete,complete,complete,no_hits
iModulon_130,complete,complete,complete,no_hits
iModulon_131,complete,complete,complete,no_hits
iModulon_132,complete,complete,complete,no_hits
iModulon_133,complete,complete,complete,complete
iModulon_134,complete,complete,complete,complete
iModulon_135,complete,complete,complete,no_hits
iModulon_136,complete,complete,complete,no_hits
iModulon_137,complete,complete,complete,no_hits
iModulon_138,complete,complete,complete,no_hits
iModulon_139,complete,complete,complete,complete
iModulon_140,complete,complete,complete,complete
iModulon_141,complete,complete,complete,complete
iModulon_142,complete,complete,complete,no_hits
iModulon_143,complete,complete,complete,no_hits
iModulon_144,complete,complete,complete,no_hits
iModulon_145,complete,complete,complete,complete
iModulon_146,complete,complete,complete,no_hits
iModulon_147,complete,complete,complete,complete
