iModulon_ID,motif_ID,motif_alt_ID,consensus,AME_pvalue,AME_adj_pvalue,AME_Evalue,TP,TP_percent,FP,FP_percent,pos,neg,AME_Significance,AME_Evalue_significant
iModulon_1,MA0742.2,KLF12,GGGGCGGGG,4.52e-6,3.92e-3,3.44e0,22,56.41,600,22.18,39,2705,Significant,False
iModulon_1,MA1127.1,FOSB::JUN,GATGACGTCAT,1.18e-5,4.08e-3,3.58e0,7,17.95,51,1.89,39,2705,Significant,False
iModulon_2,MA0145.2,Tfcp2l1,CCAGYYYVADCCRG,7.29e-6,5.25e-3,4.62e0,6,40.00,93,3.41,15,2729,Significant,False
iModulon_4,MA0831.3,TFE3,GTCACGTGAC,2.31e-6,3.38e-4,2.97e-1,7,30.43,73,2.68,23,2721,Significant,False
iModulon_4,MA0871.3,TFEC,CACGTGAC,2.03e-5,3.67e-3,3.23e0,5,21.74,38,1.40,23,2721,Significant,False
iModulon_4,MA0620.4,MITF,RTCACGTGAY,1.34e-5,3.71e-3,3.26e0,6,26.09,62,2.28,23,2721,Significant,False
iModulon_4,MA1464.2,ARNT2,GTCACGTG,1.41e-5,3.92e-3,3.45e0,5,21.74,35,1.29,23,2721,Significant,False
iModulon_4,MA0603.2,Arntl,GTCACGTG,2.55e-5,7.66e-3,6.73e0,5,21.74,40,1.47,23,2721,Significant,False
iModulon_5,MA0502.3,NFYB,YCATTGGCC,5.23e-7,3.48e-4,3.06e-1,20,41.67,334,12.39,48,2696,Significant,False
iModulon_5,MA1959.2,KLF7,GGGCGGGG,3.39e-7,3.82e-4,3.35e-1,29,60.42,679,25.19,48,2696,Significant,False
iModulon_5,MA0685.2,SP4,GGGGCGGGG,3.72e-7,4.13e-4,3.63e-1,30,62.50,728,27.00,48,2696,Significant,False
iModulon_5,MA0742.2,KLF12,GGGGCGGGG,8.27e-7,7.38e-4,6.49e-1,31,64.58,802,29.75,48,2696,Significant,False
iModulon_5,MA0516.3,SP2,GGGGCGGGG,1.08e-6,1.22e-3,1.07e0,26,54.17,582,21.59,48,2696,Significant,False
iModulon_5,MA1517.2,KLF6,CCACGCCCH,1.41e-6,1.34e-3,1.18e0,9,18.75,58,2.15,48,2696,Significant,False
iModulon_5,MA0740.2,KLF14,KGGGCGGGG,2.21e-6,2.55e-3,2.24e0,25,52.08,561,20.81,48,2696,Significant,False
iModulon_5,MA0493.3,KLF1,GGGYGGGG,3.33e-6,3.97e-3,3.49e0,27,56.25,661,24.52,48,2696,Significant,False
iModulon_5,MA0746.3,SP3,GCCACGCCCMC,7.19e-6,5.66e-3,4.98e0,27,56.25,687,25.48,48,2696,Significant,False
iModulon_5,MA0079.5,SP1,GGGGCGGGG,6.09e-6,5.69e-3,5.00e0,31,64.58,874,32.42,48,2696,Significant,False
iModulon_5,MA1644.2,NFYC,CCAATCA,9.46e-6,6.54e-3,5.75e0,14,29.17,201,7.46,48,2696,Significant,False
iModulon_5,MA1564.2,SP9,CCACGCCCMC,6.92e-6,7.98e-3,7.01e0,22,45.83,472,17.51,48,2696,Significant,False
iModulon_5,MA0799.3,RFX4,GTTGCYWRGCAAC,3.00e-4,8.06e-3,7.09e0,2,4.17,0,0.00,48,2696,Significant,False
iModulon_5,MA0060.4,NFYA,CCAATCAG,1.61e-5,9.15e-3,8.05e0,14,29.17,211,7.83,48,2696,Significant,False
iModulon_7,MA1981.2,ZNF530,GMARGGMRAGGGGC,3.98e-6,2.35e-3,2.06e0,3,27.27,6,0.22,11,2733,Significant,False
iModulon_7,MA0695.2,ZBTB7C,CGACCACC,4.12e-6,4.07e-3,3.57e0,5,45.45,66,2.41,11,2733,Significant,False
iModulon_7,MA1493.1,HES6,GGCACGTGTY,5.32e-5,6.78e-3,5.96e0,4,36.36,54,1.98,11,2733,Significant,False
iModulon_8,MA0619.2,LIN54,TTTRAAT,7.31e-9,9.33e-6,8.20e-3,29,76.32,814,30.08,38,2706,Significant,True
iModulon_8,MA0746.3,SP3,GCCACGCCCMC,4.10e-7,3.24e-4,2.85e-1,26,68.42,765,28.27,38,2706,Significant,False
iModulon_8,MA0502.3,NFYB,YCATTGGCC,8.74e-7,5.82e-4,5.11e-1,18,47.37,373,13.78,38,2706,Significant,False
iModulon_8,MA0060.4,NFYA,CCAATCAG,4.47e-6,2.54e-3,2.23e0,11,28.95,145,5.36,38,2706,Significant,False
iModulon_8,MA1122.2,TFDP1,SGCGGGAA,6.48e-6,3.15e-3,2.77e0,11,28.95,151,5.58,38,2706,Significant,False
iModulon_8,MA1564.2,SP9,CCACGCCCMC,3.26e-6,3.79e-3,3.33e0,30,78.95,1122,41.46,38,2706,Significant,False
iModulon_8,MA1716.2,ZNF76,WCCCAYAATGCAHYGCG,1.71e-5,4.75e-3,4.18e0,6,15.79,36,1.33,38,2706,Significant,False
iModulon_8,MA0865.3,E2F8,TTCCCGCCA,2.73e-5,1.05e-2,9.20e0,11,28.95,177,6.54,38,2706,Significant,False
iModulon_9,MA1119.2,SIX2,TGAAACCTGAT,1.80e-5,9.06e-3,7.97e0,13,39.39,286,10.55,33,2711,Significant,False
iModulon_11,MA1608.2,Isl1,CCATTAG,9.66e-6,3.76e-3,3.30e0,7,23.33,67,2.47,30,2714,Significant,False
iModulon_12,MA0793.2,POU6F2,ASCTMATTA,1.24e-7,4.19e-5,3.68e-2,6,24.00,23,0.85,25,2719,Significant,True
iModulon_12,MA0889.2,GBX1,CYAATTA,3.93e-7,2.07e-4,1.82e-1,12,48.00,235,8.64,25,2719,Significant,False
iModulon_12,MA0618.2,LBX1,TAATTAG,6.10e-7,2.88e-4,2.53e-1,13,52.00,299,11.00,25,2719,Significant,False
iModulon_12,MA0701.3,LHX9,CYAATTA,6.63e-7,3.15e-4,2.77e-1,12,48.00,247,9.08,25,2719,Significant,False
iModulon_12,MA0661.2,MEOX1,STAATTA,3.50e-6,1.66e-3,1.46e0,9,36.00,142,5.22,25,2719,Significant,False
iModulon_12,MA0075.4,PRRX2,CTAATTA,7.40e-6,3.51e-3,3.09e0,8,32.00,115,4.23,25,2719,Significant,False
iModulon_12,MA0642.3,EN2,SYAATTA,1.22e-5,7.03e-3,6.18e0,13,52.00,391,14.38,25,2719,Significant,False
iModulon_12,MA0726.2,VSX2,CTAATTA,1.57e-5,8.08e-3,7.10e0,8,32.00,128,4.71,25,2719,Significant,False
iModulon_12,MA0068.2,PAX4,CTAATTAG,2.18e-5,8.85e-3,7.78e0,5,20.00,35,1.29,25,2719,Significant,False
iModulon_12,MA0707.3,MNX1,YRATTA,1.58e-5,9.12e-3,8.02e0,15,60.00,545,20.04,25,2719,Significant,False
iModulon_12,MA0658.2,LHX6,CTAATTAR,2.51e-5,1.02e-2,8.95e0,11,44.00,290,10.67,25,2719,Significant,False
iModulon_12,MA2093.1,HOXB1,STAATTA,2.27e-5,1.03e-2,9.03e0,13,52.00,414,15.23,25,2719,Significant,False
iModulon_16,MA2328.1,ZBED4,CCCGCYCCGC,7.42e-9,3.96e-6,3.48e-3,22,56.41,419,15.49,39,2705,Significant,True
iModulon_16,MA1522.2,MAZ,CCCCTCCC,2.27e-8,1.64e-5,1.44e-2,11,28.21,80,2.96,39,2705,Significant,True
iModulon_16,MA1965.2,SP5,CCTCCC,2.76e-8,4.39e-5,3.86e-2,22,56.41,450,16.64,39,2705,Significant,True
iModulon_16,MA0079.5,SP1,GGGGCGGGG,1.62e-7,1.36e-4,1.20e-1,16,41.03,247,9.13,39,2705,Significant,False
iModulon_16,MA0685.2,SP4,GGGGCGGGG,5.08e-7,5.31e-4,4.67e-1,8,20.51,46,1.70,39,2705,Significant,False
iModulon_16,MA1122.2,TFDP1,SGCGGGAA,4.12e-6,1.05e-3,9.23e-1,10,25.64,111,4.10,39,2705,Significant,False
iModulon_16,MA0516.3,SP2,GGGGCGGGG,1.20e-6,1.17e-3,1.03e0,11,28.21,122,4.51,39,2705,Significant,False
iModulon_16,MA1961.2,PATZ1,SGGGGMGGGGS,1.74e-6,1.60e-3,1.41e0,7,17.95,37,1.37,39,2705,Significant,False
iModulon_16,MA0006.2,Ahr::Arnt,GCGTG,5.41e-6,1.61e-3,1.41e0,8,20.51,65,2.40,39,2705,Significant,False
iModulon_16,MA0740.2,KLF14,KGGGCGGGG,2.53e-6,2.58e-3,2.27e0,14,35.90,229,8.47,39,2705,Significant,False
iModulon_16,MA0632.3,TCFL5,KCACGCGC,1.11e-5,3.39e-3,2.98e0,14,35.90,261,9.65,39,2705,Significant,False
iModulon_16,MA1650.2,ZBTB14,CCGCGCAC,1.65e-5,3.84e-3,3.38e0,12,30.77,196,7.25,39,2705,Significant,False
iModulon_16,MA1653.2,ZNF148,CCCCTCCCCC,8.50e-6,7.41e-3,6.51e0,10,25.64,121,4.47,39,2705,Significant,False
iModulon_16,MA1569.2,TFAP2E,GCCYSRGGC,1.48e-5,7.74e-3,6.80e0,16,41.03,350,12.94,39,2705,Significant,False
iModulon_16,MA0014.4,PAX5,GCGTGACC,5.16e-5,9.60e-3,8.44e0,3,7.69,3,0.11,39,2705,Significant,False
iModulon_16,MA1630.3,ZNF281,GGGGGAGGGG,1.49e-5,9.76e-3,8.58e0,6,15.38,34,1.26,39,2705,Significant,False
iModulon_19,MA0095.4,Yy1,CAAAATGG,3.35e-8,2.07e-5,1.82e-2,37,52.11,581,21.74,71,2673,Significant,True
iModulon_20,MA0652.2,IRF8,CGAAACCGAAACT,4.60e-6,2.44e-4,2.14e-1,8,13.56,39,1.45,59,2685,Significant,False
iModulon_20,MA1418.2,IRF3,RRAAMGGAAACCGAAAC,9.66e-6,1.19e-3,1.04e0,9,15.25,59,2.20,59,2685,Significant,False
iModulon_20,MA0772.2,IRF7,CGAAARYGAAAVT,1.07e-5,2.55e-3,2.24e0,10,16.95,77,2.87,59,2685,Significant,False
iModulon_20,MA1419.2,IRF4,CGAAACCGAAACYA,9.01e-5,3.33e-3,2.93e0,6,10.17,30,1.12,59,2685,Significant,False
iModulon_20,MA0653.1,IRF9,AACGAAACCGAAACT,2.20e-4,9.62e-3,8.45e0,6,10.17,36,1.34,59,2685,Significant,False
iModulon_21,MA0106.3,TP53,RACATGYCCGGRCATGTY,2.45e-5,1.20e-3,1.05e0,3,13.64,5,0.18,22,2721,Significant,False
iModulon_22,MA0162.5,EGR1,MCGCCCACGC,1.08e-8,7.41e-6,6.52e-3,18,54.55,336,12.39,33,2711,Significant,True
iModulon_22,MA0516.3,SP2,GGGGCGGGG,1.80e-7,1.91e-4,1.67e-1,27,81.82,997,36.78,33,2711,Significant,False
iModulon_22,MA0733.2,EGR4,MCGCCCACGCA,1.25e-6,5.47e-4,4.81e-1,15,45.45,309,11.40,33,2711,Significant,False
iModulon_22,MA1961.2,PATZ1,SGGGGMGGGGS,1.70e-6,1.77e-3,1.56e0,25,75.76,932,34.38,33,2711,Significant,False
iModulon_22,MA0732.2,EGR3,MCGCCCACGCA,1.65e-5,2.08e-3,1.83e0,8,24.24,93,3.43,33,2711,Significant,False
iModulon_22,MA2328.1,ZBED4,CCCGCYCCGC,3.03e-6,2.09e-3,1.84e0,21,63.64,670,24.71,33,2711,Significant,False
iModulon_22,MA1122.2,TFDP1,SGCGGGAA,9.00e-6,3.42e-3,3.01e0,13,39.39,268,9.89,33,2711,Significant,False
iModulon_22,MA0259.2,ARNT::HIF1A,ACGTG,9.36e-6,3.88e-3,3.41e0,14,42.42,315,11.62,33,2711,Significant,False
iModulon_22,MA1630.3,ZNF281,GGGGGAGGGG,6.24e-6,4.75e-3,4.17e0,13,39.39,259,9.55,33,2711,Significant,False
iModulon_22,MA0006.2,Ahr::Arnt,GCGTG,1.67e-5,8.20e-3,7.21e0,13,39.39,284,10.48,33,2711,Significant,False
iModulon_22,MA1513.2,KLF15,CCCCGCCC,1.32e-5,1.02e-2,8.98e0,19,57.58,601,22.17,33,2711,Significant,False
iModulon_25,MA0527.2,ZBTB33,TCTCGCGAGA,9.70e-6,1.84e-3,1.62e0,10,24.39,116,4.29,41,2704,Significant,False
iModulon_25,MA0014.4,PAX5,GCGTGACC,2.67e-5,1.07e-2,9.37e0,15,36.59,305,11.28,41,2704,Significant,False
iModulon_29,MA0759.3,ELK3,ACCGGAAGT,1.46e-15,3.43e-13,3.02e-10,24,50.00,180,6.68,48,2696,Significant,True
iModulon_29,MA0765.4,ETV5,ACCGGAAGT,4.64e-13,1.02e-10,8.93e-8,19,39.58,125,4.64,48,2696,Significant,True
iModulon_29,MA0028.3,ELK1,ACCGGAAGT,4.46e-13,1.02e-10,8.99e-8,22,45.83,188,6.97,48,2696,Significant,True
iModulon_29,MA2340.1,Zbtb2,ACCGGAAGTG,3.48e-13,1.97e-10,1.73e-7,27,56.25,318,11.80,48,2696,Significant,True
iModulon_29,MA0763.2,ETV3,ACCGGAAGT,7.24e-13,3.24e-10,2.85e-7,21,43.75,170,6.31,48,2696,Significant,True
iModulon_29,MA0764.4,ETV4,ACCGGAAGT,6.78e-13,3.30e-10,2.90e-7,24,50.00,242,8.98,48,2696,Significant,True
iModulon_29,MA0156.4,FEV,ACCGGAAGT,1.63e-12,4.80e-10,4.22e-7,19,39.58,135,5.01,48,2696,Significant,True
iModulon_29,MA0645.2,ETV6,SCGGAAGTR,6.40e-12,5.05e-9,4.44e-6,24,50.00,270,10.01,48,2696,Significant,True
iModulon_29,MA0076.3,ELK4,CRCTTCCGG,1.03e-11,7.93e-9,6.97e-6,28,58.33,402,14.91,48,2696,Significant,True
iModulon_29,MA0475.3,FLI1,ACCGGAART,2.19e-11,9.89e-9,8.70e-6,26,54.17,348,12.91,48,2696,Significant,True
iModulon_29,MA0098.4,ETS1,ACCGGAART,1.04e-10,6.26e-8,5.50e-5,25,52.08,341,12.65,48,2696,Significant,True
iModulon_29,MA0750.3,ZBTB7A,CCGGAAGTG,4.66e-10,3.84e-7,3.38e-4,27,56.25,436,16.17,48,2696,Significant,True
iModulon_29,MA1708.2,ETV7,SCGGAAGTR,4.45e-10,4.89e-7,4.30e-4,19,39.58,191,7.08,48,2696,Significant,True
iModulon_29,MA0641.1,ELF4,AACCCGGAAGTR,2.34e-9,5.67e-7,4.98e-4,19,39.58,212,7.86,48,2696,Significant,True
iModulon_29,MA1483.3,ELF2,AMCCGGAAGT,1.05e-9,6.10e-7,5.36e-4,17,35.42,153,5.68,48,2696,Significant,True
iModulon_29,MA0527.2,ZBTB33,TCTCGCGAGA,4.78e-8,6.84e-6,6.01e-3,8,16.67,25,0.93,48,2696,Significant,True
iModulon_29,MA2329.1,ZBTB11,CACTTCCGG,2.19e-8,1.38e-5,1.21e-2,20,41.67,274,10.16,48,2696,Significant,True
iModulon_29,MA1484.2,ETS2,ACCGGAAGY,5.26e-8,2.20e-5,1.93e-2,12,25.00,86,3.19,48,2696,Significant,True
iModulon_29,MA0686.2,SPDEF,AMCCGGATGT,2.39e-7,3.97e-5,3.49e-2,11,22.92,80,2.97,48,2696,Significant,True
iModulon_29,MA0760.2,ERF,ACCGGAAGT,1.03e-6,5.17e-4,4.54e-1,23,47.92,459,17.03,48,2696,Significant,False
iModulon_29,MA1957.1,HOXB2::ELK1,RCCGGAAGTMRTTA,4.05e-6,5.26e-4,4.63e-1,11,22.92,109,4.04,48,2696,Significant,False
iModulon_29,MA1587.1,ZNF135,CCTCGACCTCCYRR,2.20e-6,5.50e-4,4.83e-1,16,33.33,234,8.68,48,2696,Significant,False
iModulon_29,MA1931.1,ELK1::HOXA1,ACCGGAAGTAATTA,5.42e-6,6.45e-4,5.67e-1,7,14.58,35,1.30,48,2696,Significant,False
iModulon_29,MA0006.2,Ahr::Arnt,GCGTG,4.27e-6,2.49e-3,2.19e0,24,50.00,539,19.99,48,2696,Significant,False
iModulon_29,MA1933.2,ELK1::SREBF2,CCGGAAGTSRCGTGA,3.04e-5,3.06e-3,2.69e0,7,14.58,47,1.74,48,2696,Significant,False
iModulon_29,MA0762.2,ETV2,ACCGGAAAT,1.17e-5,4.08e-3,3.58e0,17,35.42,301,11.16,48,2696,Significant,False
iModulon_31,MA1952.2,FOXJ2::ELF1,AAACMGGAAGT,3.56e-8,3.36e-5,2.95e-2,15,18.99,80,3.00,79,2665,Significant,True
iModulon_31,MA2332.1,ZNF175,ACAGGAAGT,3.85e-8,4.67e-5,4.11e-2,27,34.18,283,10.62,79,2665,Significant,True
iModulon_31,MA0598.4,EHF,CACTTCCTG,1.05e-7,1.23e-4,1.08e-1,11,13.92,40,1.50,79,2665,Significant,False
iModulon_31,MA0640.3,ELF3,CACTTCCTG,1.05e-7,1.38e-4,1.22e-1,11,13.92,40,1.50,79,2665,Significant,False
iModulon_31,MA0473.4,ELF1,CAGGAAGTG,1.96e-7,2.13e-4,1.87e-1,11,13.92,43,1.61,79,2665,Significant,False
iModulon_31,MA1954.2,FOXO1::ELK1,RWMAACAGGAAGT,5.97e-7,3.19e-4,2.80e-1,33,41.77,465,17.45,79,2665,Significant,False
iModulon_31,MA1942.2,ETV2::FOXI1,AAACAGGAAGY,5.54e-7,4.86e-4,4.28e-1,13,16.46,73,2.74,79,2665,Significant,False
iModulon_31,MA0761.3,ETV1,ACAGGAAGT,4.36e-7,4.96e-4,4.36e-1,16,20.25,114,4.28,79,2665,Significant,False
iModulon_31,MA1955.2,FOXO1::ELK3,RWMAACAGGAAGT,1.51e-6,6.48e-4,5.70e-1,7,8.86,15,0.56,79,2665,Significant,False
iModulon_31,MA0136.4,Elf5,AAGGAAGT,5.10e-7,6.65e-4,5.85e-1,11,13.92,48,1.80,79,2665,Significant,False
iModulon_31,MA0062.4,GABPA,CACTTCCTGT,6.00e-7,6.89e-4,6.05e-1,35,44.30,515,19.32,79,2665,Significant,False
iModulon_31,MA0474.4,Erg,ACAGGAAGTG,7.22e-7,8.24e-4,7.24e-1,35,44.30,519,19.47,79,2665,Significant,False
iModulon_31,MA1483.3,ELF2,AMCCGGAAGT,1.46e-6,8.72e-4,7.66e-1,32,40.51,459,17.22,79,2665,Significant,False
iModulon_31,MA0687.2,SPIC,AAAAGVGGAAGTA,1.32e-6,8.75e-4,7.69e-1,20,25.32,195,7.32,79,2665,Significant,False
iModulon_31,MA0501.2,MAF::NFE2,ATGACTCAGCA,7.43e-6,2.19e-3,1.92e0,22,27.85,261,9.79,79,2665,Significant,False
iModulon_31,MA1508.2,IKZF1,AACAGGAA,2.30e-6,2.93e-3,2.58e0,51,64.56,1013,38.01,79,2665,Significant,False
iModulon_31,MA1953.2,FOXO1::ELF1,RTMAACAGGAAGT,6.04e-6,4.22e-3,3.71e0,10,12.66,51,1.91,79,2665,Significant,False
iModulon_31,MA1116.2,RBPJ,TGGGAA,4.16e-6,5.30e-3,4.66e0,46,58.23,873,32.76,79,2665,Significant,False
iModulon_31,MA0150.3,Nfe2l2,ATGACTCAGCA,1.54e-5,5.94e-3,5.22e0,19,24.05,211,7.92,79,2665,Significant,False
iModulon_31,MA1992.2,Ikzf3,CAGGAAGTG,5.54e-6,7.41e-3,6.51e0,12,15.19,77,2.89,79,2665,Significant,False
iModulon_31,MA0777.1,MYBL2,RRCCGTTAAACBGYY,3.74e-4,7.82e-3,6.87e0,4,5.06,9,0.34,79,2665,Significant,False
iModulon_31,MA1956.2,FOXO1::FLI1,GTAAACAGGAAGT,3.21e-5,7.91e-3,6.95e0,6,7.59,17,0.64,79,2665,Significant,False
iModulon_31,MA0502.3,NFYB,YCATTGGCC,1.16e-5,8.87e-3,7.80e0,14,17.72,115,4.32,79,2665,Significant,False
iModulon_31,MA1624.2,Stat5a,TTCCAAGAA,1.18e-5,9.19e-3,8.08e0,31,39.24,481,18.05,79,2665,Significant,False
iModulon_32,MA2100.1,ZSCAN16,AAGTGTTAACAGAGCCTC,9.11e-3,9.11e-3,8.01e0,1,4.00,0,0.00,25,2719,Significant,False
iModulon_37,MA2096.1,ZNF524,CTCGRACCC,1.88e-29,8.05e-27,7.08e-24,31,56.36,90,3.35,55,2689,Significant,True
iModulon_37,MA0466.4,CEBPB,ATTGCGCAAT,1.52e-12,5.91e-11,5.20e-8,12,21.82,25,0.93,55,2689,Significant,True
iModulon_37,MA0837.3,CEBPE,ATTGCGCAAT,2.18e-12,1.07e-10,9.40e-8,12,21.82,26,0.97,55,2689,Significant,True
iModulon_37,MA1971.2,ZBED2,CGAAACC,9.43e-13,1.65e-10,1.45e-7,21,38.18,144,5.36,55,2689,Significant,True
iModulon_37,MA0838.1,CEBPG,ATTRCGCAAY,4.09e-12,4.01e-10,3.52e-7,16,29.09,73,2.71,55,2689,Significant,True
iModulon_37,MA2102.1,ZBTB17,AATCGATT,3.28e-8,8.82e-6,7.75e-3,17,30.91,165,6.14,55,2689,Significant,True
iModulon_40,MA1645.2,NKX2-2,CCACTCAA,5.03e-6,3.30e-3,2.90e0,11,13.25,59,2.22,83,2661,Significant,False
iModulon_41,MA1989.2,Bcl11B,AAACCACAA,2.73e-6,2.36e-3,2.08e0,29,43.94,497,18.56,66,2678,Significant,False
iModulon_43,MA0470.3,E2F4,TTTTGGCGCCAWW,6.11e-5,5.60e-3,4.92e0,8,15.38,67,2.49,52,2692,Significant,False
iModulon_49,MA1588.1,ZNF136,RWATTCTTGGTTGRC,5.78e-5,6.51e-3,5.72e0,5,12.82,26,0.96,39,2705,Significant,False
iModulon_52,MA0517.2,STAT1::STAT2,AGTTTCRKTTTCY,3.08e-53,1.92e-50,1.69e-47,35,60.34,14,0.52,58,2686,Significant,True
iModulon_52,MA1418.2,IRF3,RRAAMGGAAACCGAAAC,5.83e-36,7.05e-34,6.20e-31,33,56.90,60,2.23,58,2686,Significant,True
iModulon_52,MA0772.2,IRF7,CGAAARYGAAAVT,5.35e-35,1.21e-32,1.07e-29,42,72.41,178,6.63,58,2686,Significant,True
iModulon_52,MA0051.2,IRF2,SGAAAGYGAAASCRWW,7.23e-33,6.57e-31,5.78e-28,31,53.45,60,2.23,58,2686,Significant,True
iModulon_52,MA0652.2,IRF8,CGAAACCGAAACT,4.39e-29,2.33e-27,2.04e-24,24,41.38,27,1.01,58,2686,Significant,True
iModulon_52,MA0050.4,Irf1,TGAAACTGAAA,3.66e-28,3.60e-25,3.16e-22,40,68.97,231,8.60,58,2686,Significant,True
iModulon_52,MA0653.1,IRF9,AACGAAACCGAAACT,4.39e-25,1.93e-23,1.70e-20,20,34.48,19,0.71,58,2686,Significant,True
iModulon_52,MA1420.1,IRF5,CCGAAACCGAAACY,6.90e-22,1.33e-19,1.17e-16,23,39.66,57,2.12,58,2686,Significant,True
iModulon_52,MA1419.2,IRF4,CGAAACCGAAACYA,3.11e-20,1.15e-18,1.01e-15,17,29.31,20,0.74,58,2686,Significant,True
iModulon_52,MA1623.2,Stat2,GAAACAGAAA,2.72e-20,3.51e-17,3.08e-14,38,65.52,334,12.43,58,2686,Significant,True
iModulon_52,MA1593.2,ZNF317,ACAGCAGA,7.19e-8,6.33e-5,5.56e-2,33,56.90,631,23.49,58,2686,Significant,False
iModulon_52,MA0152.3,Nfatc2,AATGGAAA,4.47e-7,3.77e-4,3.31e-1,27,46.55,469,17.46,58,2686,Significant,False
iModulon_52,MA1509.1,IRF6,ACCGAAACT,5.69e-6,5.40e-4,4.75e-1,9,15.52,56,2.08,58,2686,Significant,False
iModulon_52,MA1508.2,IKZF1,AACAGGAA,9.08e-7,1.16e-3,1.02e0,45,77.59,1226,45.64,58,2686,Significant,False
iModulon_52,MA1709.2,ZIM3,MAACAGAAACC,3.42e-6,1.94e-3,1.70e0,27,46.55,520,19.36,58,2686,Significant,False
iModulon_52,MA0624.3,Nfatc1,TGGAAA,2.34e-6,2.52e-3,2.21e0,35,60.34,808,30.08,58,2686,Significant,False
iModulon_52,MA1485.1,FERD3L,GCRMCAGCTGTYAC,1.98e-5,2.71e-3,2.38e0,7,12.07,35,1.30,58,2686,Significant,False
iModulon_52,MA0018.5,CREB1,TGATGTCA,1.37e-5,6.49e-3,5.70e0,8,13.79,47,1.75,58,2686,Significant,False
iModulon_52,MA0498.3,MEIS1,TGACA,8.62e-6,8.83e-3,7.76e0,34,58.62,811,30.19,58,2686,Significant,False
iModulon_52,MA1115.2,POU5F1,ATGCAAA,1.31e-5,9.45e-3,8.30e0,30,51.72,668,24.87,58,2686,Significant,False
iModulon_53,MA0476.2,FOS,TGASTCAT,1.53e-5,8.10e-3,7.12e0,25,36.23,400,14.95,69,2675,Significant,False
iModulon_54,MA1106.2,HIF1A,ACGTGC,5.61e-10,1.46e-7,1.28e-4,16,50.00,212,7.82,32,2712,Significant,True
iModulon_54,MA2325.1,EPAS1,CGCACGTAS,9.07e-9,1.29e-6,1.13e-3,11,34.38,93,3.43,32,2712,Significant,True
iModulon_54,MA0259.2,ARNT::HIF1A,ACGTG,5.90e-8,2.53e-5,2.22e-2,15,46.88,253,9.33,32,2712,Significant,True
iModulon_55,MA0516.3,SP2,GGGGCGGGG,5.02e-7,5.62e-4,4.94e-1,27,52.94,556,20.65,51,2692,Significant,False
iModulon_55,MA0685.2,SP4,GGGGCGGGG,9.74e-7,1.08e-3,9.47e-1,16,31.37,204,7.58,51,2692,Significant,False
iModulon_55,MA1513.2,KLF15,CCCCGCCC,3.17e-6,2.48e-3,2.18e0,16,31.37,224,8.32,51,2692,Significant,False
iModulon_55,MA0742.2,KLF12,GGGGCGGGG,5.76e-6,5.11e-3,4.49e0,16,31.37,235,8.73,51,2692,Significant,False
iModulon_55,MA1961.2,PATZ1,SGGGGMGGGGS,9.14e-6,9.93e-3,8.73e0,35,68.63,1015,37.70,51,2692,Significant,False
iModulon_56,MA0795.1,SMAD3,YGTCTAGACA,1.79e-15,1.91e-13,1.68e-10,16,24.62,32,1.19,65,2679,Significant,True
iModulon_56,MA1557.1,SMAD5,YGTCTAGACA,3.77e-15,5.62e-13,4.94e-10,16,24.62,34,1.27,65,2679,Significant,True
iModulon_56,MA0507.3,POU2F2,WTATGCAAATKAG,8.06e-15,1.53e-12,1.35e-9,20,30.77,76,2.84,65,2679,Significant,True
iModulon_56,MA0784.3,POU1F1,CTMATTWGCATAWT,4.18e-14,7.28e-12,6.40e-9,19,29.23,72,2.69,65,2679,Significant,True
iModulon_56,MA0627.3,POU2F3,TATGCAAAT,8.63e-12,4.92e-9,4.33e-6,11,16.92,17,0.63,65,2679,Significant,True
iModulon_56,MA0792.1,POU5F1B,TATGCWAAT,1.37e-11,1.14e-8,1.01e-5,11,16.92,18,0.67,65,2679,Significant,True
iModulon_56,MA0786.2,POU3F1,WTATGCWAAT,1.77e-11,1.32e-8,1.16e-5,19,29.23,106,3.96,65,2679,Significant,True
iModulon_56,MA0785.2,POU2F1,TATGCWAAT,3.58e-11,2.47e-8,2.17e-5,27,41.54,259,9.67,65,2679,Significant,True
iModulon_56,MA0789.1,POU3F4,TATGCWAAT,1.03e-10,5.56e-8,4.89e-5,11,16.92,23,0.86,65,2679,Significant,True
iModulon_56,MA1583.2,ZFP57,TGCCGCA,1.24e-9,3.06e-7,2.69e-4,23,35.38,216,8.06,65,2679,Significant,True
iModulon_56,MA0788.1,POU3F3,WWTATGCWAATTW,9.24e-10,6.29e-7,5.53e-4,7,10.77,4,0.15,65,2679,Significant,True
iModulon_56,MA0787.1,POU3F2,WTATGCWAATKA,4.88e-9,2.80e-6,2.46e-3,24,36.92,255,9.52,65,2679,Significant,True
iModulon_56,MA0106.3,TP53,RACATGYCCGGRCATGTY,7.12e-8,3.42e-6,3.00e-3,10,15.38,37,1.38,65,2679,Significant,True
iModulon_56,MA1554.2,RFX7,CGTTGCYA,9.20e-9,3.85e-6,3.39e-3,9,13.85,20,0.75,65,2679,Significant,True
iModulon_56,MA1552.2,RARB,RAGGTCATGACCT,4.02e-8,5.63e-6,4.94e-3,12,18.46,58,2.16,65,2679,Significant,True
iModulon_56,MA0060.4,NFYA,CCAATCAG,8.36e-8,4.60e-5,4.04e-2,20,30.77,205,7.65,65,2679,Significant,True
iModulon_56,MA1140.3,JUNB,ATGACGTCAYC,9.31e-7,7.91e-5,6.96e-2,6,9.23,10,0.37,65,2679,Significant,False
iModulon_56,MA1644.2,NFYC,CCAATCA,2.07e-7,1.28e-4,1.12e-1,21,32.31,240,8.96,65,2679,Significant,False
iModulon_56,MA0014.4,PAX5,GCGTGACC,4.99e-7,1.99e-4,1.75e-1,14,21.54,108,4.03,65,2679,Significant,False
iModulon_56,MA0861.2,TP73,RCATGTCNNRACAYGY,3.11e-6,2.17e-4,1.91e-1,10,15.38,59,2.20,65,2679,Significant,False
iModulon_56,MA0863.1,MTF1,TTTGCACACGGCAC,5.78e-6,3.29e-4,2.89e-1,8,12.31,36,1.34,65,2679,Significant,False
iModulon_56,MA1951.2,FOS,GATGACGTCATCR,2.98e-6,3.43e-4,3.01e-1,6,9.23,13,0.49,65,2679,Significant,False
iModulon_56,MA0840.2,Creb5,ATGACGTCAY,4.18e-6,4.77e-4,4.19e-1,6,9.23,14,0.52,65,2679,Significant,False
iModulon_56,MA0834.2,ATF7,ATGACGTCAT,7.76e-6,5.04e-4,4.43e-1,6,9.23,16,0.60,65,2679,Significant,False
iModulon_56,MA1127.1,FOSB::JUN,GATGACGTCAT,2.08e-6,5.55e-4,4.88e-1,6,9.23,12,0.45,65,2679,Significant,False
iModulon_56,MA1139.2,FOSL2::JUNB,ATGACGTCAT,5.75e-6,1.30e-3,1.14e0,6,9.23,15,0.56,65,2679,Significant,False
iModulon_56,MA0605.3,ATF3,RTGACGTCAY,1.74e-5,1.44e-3,1.27e0,6,9.23,19,0.71,65,2679,Significant,False
iModulon_56,MA0656.2,JDP2,ATGACGTCAY,1.74e-5,1.53e-3,1.35e0,6,9.23,19,0.71,65,2679,Significant,False
iModulon_56,MA1145.2,FOSL2::JUND,RTGACGTCAY,5.75e-6,1.58e-3,1.39e0,6,9.23,15,0.56,65,2679,Significant,False
iModulon_56,MA1136.1,FOSB::JUNB,RTGACGTCAT,5.75e-6,1.68e-3,1.48e0,6,9.23,15,0.56,65,2679,Significant,False
iModulon_56,MA1129.1,FOSL1::JUN,ATGACGTCAT,5.75e-6,1.81e-3,1.60e0,6,9.23,15,0.56,65,2679,Significant,False
iModulon_56,MA1126.2,FOS::JUN,RTGACGTCAT,5.75e-6,2.12e-3,1.87e0,6,9.23,15,0.56,65,2679,Significant,False
iModulon_56,MA1131.2,FOSL2::JUN,RTGACGTMAT,1.35e-5,3.77e-3,3.31e0,6,9.23,18,0.67,65,2679,Significant,False
iModulon_56,MA1602.2,ZSCAN29,YGTCTACRCNG,3.70e-5,5.27e-3,4.64e0,8,12.31,48,1.79,65,2679,Significant,False
iModulon_56,MA1475.2,CREB3L4,RTGACGTCA,2.80e-5,7.40e-3,6.51e0,6,9.23,21,0.78,65,2679,Significant,False
iModulon_56,MA0865.3,E2F8,TTCCCGCCA,1.73e-5,1.01e-2,8.92e0,28,43.08,524,19.56,65,2679,Significant,False
iModulon_56,MA0609.3,CREM,GTGACGTCAC,3.50e-5,1.09e-2,9.59e0,6,9.23,22,0.82,65,2679,Significant,False
iModulon_57,MA1108.3,MXI1,CACATG,5.33e-6,4.16e-3,3.66e0,19,39.58,352,13.06,48,2696,Significant,False
iModulon_61,MA0527.2,ZBTB33,TCTCGCGAGA,2.74e-6,3.87e-4,3.40e-1,8,32.00,110,3.69,25,2982,Significant,False
iModulon_65,MA1538.1,NR2F1,RAGGTCANTGACCTY,8.18e-5,6.04e-3,5.31e0,6,8.11,25,0.85,74,2933,Significant,False
iModulon_68,MA0476.2,FOS,TGASTCAT,3.67e-7,2.07e-4,1.82e-1,17,54.84,445,14.95,31,2976,Significant,False
iModulon_68,MA1138.2,FOSL2::JUNB,RTGASTCAT,5.54e-7,2.50e-4,2.20e-1,15,48.39,345,11.59,31,2976,Significant,False
iModulon_68,MA1135.2,FOSB::JUNB,RTGASTCAT,8.09e-7,3.92e-4,3.45e-1,16,51.61,411,13.81,31,2976,Significant,False
iModulon_68,MA1144.2,FOSL2::JUND,ATGACTCAT,8.55e-7,4.07e-4,3.58e-1,15,48.39,357,12.00,31,2976,Significant,False
iModulon_68,MA0477.3,FOSL1,ATGACTCAT,1.23e-6,5.60e-4,4.92e-1,16,51.61,424,14.25,31,2976,Significant,False
iModulon_68,MA1137.2,FOSL1::JUNB,RTGACTCAT,8.36e-7,6.03e-4,5.30e-1,16,51.61,412,13.84,31,2976,Significant,False
iModulon_68,MA1134.2,FOS::JUNB,ATGASTCAT,1.57e-6,6.45e-4,5.67e-1,14,45.16,321,10.79,31,2976,Significant,False
iModulon_68,MA0491.3,JUND,ATGACTCAT,2.10e-6,8.93e-4,7.85e-1,14,45.16,329,11.06,31,2976,Significant,False
iModulon_68,MA0490.3,JUNB,ATGACTCAT,2.96e-6,1.30e-3,1.15e0,13,41.94,287,9.64,31,2976,Significant,False
iModulon_68,MA0462.3,BATF::JUN,TGACTCA,1.99e-6,1.34e-3,1.18e0,17,54.84,501,16.83,31,2976,Significant,False
iModulon_68,MA0099.4,FOS::JUN,ATGAGTCAY,2.55e-6,1.45e-3,1.27e0,17,54.84,510,17.14,31,2976,Significant,False
iModulon_68,MA0835.3,BATF3,TGACTCA,2.41e-6,1.66e-3,1.46e0,16,51.61,446,14.99,31,2976,Significant,False
iModulon_68,MA1634.2,BATF,TGACTCA,2.56e-6,1.76e-3,1.55e0,16,51.61,448,15.05,31,2976,Significant,False
iModulon_68,MA1128.2,FOSL1::JUN,ATGACTCAT,3.44e-6,1.85e-3,1.63e0,17,54.84,521,17.51,31,2976,Significant,False
iModulon_68,MA1130.2,FOSL2::JUN,RTGAGTCAY,3.44e-6,1.88e-3,1.65e0,17,54.84,521,17.51,31,2976,Significant,False
iModulon_68,MA1988.2,Atf3,TGACTCA,5.67e-6,3.41e-3,3.00e0,17,54.84,540,18.15,31,2976,Significant,False
iModulon_68,MA1141.2,FOS::JUND,ATGAGTCAT,7.86e-6,3.62e-3,3.18e0,13,41.94,314,10.55,31,2976,Significant,False
iModulon_68,MA0489.3,Jun,TGACTCAT,6.18e-6,3.66e-3,3.22e0,16,51.61,479,16.10,31,2976,Significant,False
iModulon_68,MA1928.2,BNC2,TGAGTCA,1.29e-5,7.19e-3,6.32e0,16,51.61,507,17.04,31,2976,Significant,False
iModulon_68,MA1142.2,FOSL1::JUND,RTGACTCA,7.77e-6,7.74e-3,6.80e0,15,48.39,426,14.31,31,2976,Significant,False
iModulon_69,MA0497.2,MEF2C,CYAAAAATAGM,1.97e-6,9.89e-4,8.69e-1,19,30.65,266,9.03,62,2945,Significant,False
iModulon_69,MA0052.5,MEF2A,CTAAAAATAG,1.82e-6,1.06e-3,9.31e-1,28,45.16,544,18.47,62,2945,Significant,False
iModulon_69,MA0610.2,DMRT3,TGTATCA,4.92e-6,2.62e-3,2.31e0,17,27.42,229,7.78,62,2945,Significant,False
iModulon_69,MA0684.3,RUNX3,AACCTCAA,4.77e-6,3.99e-3,3.51e0,33,53.23,758,25.74,62,2945,Significant,False
iModulon_69,MA0791.2,POU4F3,TGMATWATTAAT,1.20e-5,4.41e-3,3.88e0,20,32.26,332,11.27,62,2945,Significant,False
iModulon_69,MA1580.1,ZBTB32,TGTACAGTAW,4.63e-5,7.51e-3,6.61e0,8,12.90,58,1.97,62,2945,Significant,False
iModulon_69,MA0846.2,FOXC2,WAWGTAAACAW,1.11e-5,1.01e-2,8.90e0,23,37.10,424,14.40,62,2945,Significant,False
iModulon_69,MA1519.2,LHX5,STAATTA,2.32e-5,1.08e-2,9.51e0,23,37.10,444,15.08,62,2945,Significant,False
iModulon_70,MA0035.5,GATA1,CTAATCT,9.47e-6,4.36e-3,3.83e0,9,16.67,72,2.44,54,2953,Significant,False
iModulon_72,MA1961.2,PATZ1,SGGGGMGGGGS,1.01e-10,1.03e-7,9.05e-5,32,76.19,813,27.42,42,2965,Significant,True
iModulon_72,MA1721.2,ZNF93,GGYAGCRGCAGCGG,4.24e-10,1.82e-7,1.60e-4,16,38.10,160,5.40,42,2965,Significant,True
iModulon_72,MA1965.2,SP5,CCTCCC,1.90e-10,3.31e-7,2.91e-4,34,80.95,962,32.45,42,2965,Significant,True
iModulon_72,MA2328.1,ZBED4,CCCGCYCCGC,8.18e-10,4.94e-7,4.34e-4,26,61.90,545,18.38,42,2965,Significant,True
iModulon_72,MA1713.2,ZNF610,SCGCCGCTCC,1.68e-9,5.95e-7,5.23e-4,20,47.62,307,10.35,42,2965,Significant,True
iModulon_72,MA0516.3,SP2,GGGGCGGGG,7.68e-10,8.22e-7,7.23e-4,28,66.67,644,21.72,42,2965,Significant,True
iModulon_72,MA1653.2,ZNF148,CCCCTCCCCC,6.11e-9,5.94e-6,5.22e-3,31,73.81,880,29.68,42,2965,Significant,True
iModulon_72,MA0079.5,SP1,GGGGCGGGG,8.66e-9,7.95e-6,6.99e-3,30,71.43,830,27.99,42,2965,Significant,True
iModulon_72,MA0742.2,KLF12,GGGGCGGGG,7.93e-8,6.61e-5,5.81e-2,25,59.52,621,20.94,42,2965,Significant,False
iModulon_72,MA1511.2,KLF10,GGGGCGGGG,7.21e-8,7.18e-5,6.31e-2,17,40.48,268,9.04,42,2965,Significant,False
iModulon_72,MA0685.2,SP4,GGGGCGGGG,9.03e-8,1.03e-4,9.06e-2,23,54.76,525,17.71,42,2965,Significant,False
iModulon_72,MA0493.3,KLF1,GGGYGGGG,8.44e-8,1.04e-4,9.12e-2,24,57.14,572,19.29,42,2965,Significant,False
iModulon_72,MA1515.2,KLF2,CCACRCCC,1.02e-7,1.04e-4,9.16e-2,26,61.90,682,23.00,42,2965,Significant,False
iModulon_72,MA1959.2,KLF7,GGGCGGGG,1.09e-7,1.21e-4,1.06e-1,19,45.24,353,11.91,42,2965,Significant,False
iModulon_72,MA0740.2,KLF14,KGGGCGGGG,1.72e-7,1.91e-4,1.68e-1,29,69.05,874,29.48,42,2965,Significant,False
iModulon_72,MA0599.1,KLF5,GCCCCDCCCH,1.88e-7,2.64e-4,2.32e-1,32,76.19,1074,36.22,42,2965,Significant,False
iModulon_72,MA1513.2,KLF15,CCCCGCCC,1.03e-6,8.86e-4,7.79e-1,15,35.71,248,8.36,42,2965,Significant,False
iModulon_72,MA1630.3,ZNF281,GGGGGAGGGG,2.78e-6,2.02e-3,1.78e0,16,38.10,308,10.39,42,2965,Significant,False
iModulon_72,MA2099.1,ZNF770,CGGCCTCA,5.16e-6,3.86e-3,3.39e0,24,57.14,711,23.98,42,2965,Significant,False
iModulon_72,MA0746.3,SP3,GCCACGCCCMC,7.94e-6,5.22e-3,4.59e0,18,42.86,422,14.23,42,2965,Significant,False
iModulon_72,MA1650.2,ZBTB14,CCGCGCAC,2.21e-5,6.05e-3,5.32e0,5,11.90,21,0.71,42,2965,Significant,False
iModulon_72,MA0146.3,Zfx,GCCBVGGCCT,9.68e-6,6.09e-3,5.35e0,21,50.00,574,19.36,42,2965,Significant,False
iModulon_72,MA1564.2,SP9,CCACGCCCMC,7.36e-6,7.06e-3,6.20e0,24,57.14,725,24.45,42,2965,Significant,False
iModulon_72,MA1569.2,TFAP2E,GCCYSRGGC,1.27e-5,7.41e-3,6.52e0,17,40.48,391,13.19,42,2965,Significant,False
iModulon_72,MA0131.3,HINFP,RCGTCCGC,5.56e-5,7.81e-3,6.86e0,7,16.67,67,2.26,42,2965,Significant,False
iModulon_72,MA0810.2,TFAP2A,YGCCCBVRGGC,1.52e-5,8.36e-3,7.35e0,19,45.24,490,16.53,42,2965,Significant,False
iModulon_72,MA0039.5,KLF4,CCCCACCC,8.21e-6,8.78e-3,7.72e0,26,61.90,846,28.53,42,2965,Significant,False
iModulon_75,MA0501.2,MAF::NFE2,ATGACTCAGCA,1.28e-5,4.09e-3,3.59e0,14,25.00,190,6.44,56,2951,Significant,False
iModulon_76,MA2096.1,ZNF524,CTCGRACCC,3.38e-7,2.23e-4,1.96e-1,11,35.48,155,5.21,31,2976,Significant,False
iModulon_76,MA1972.1,ZFP14,GGAGGCHCHGGARBG,3.94e-6,4.28e-3,3.76e0,3,9.68,1,0.03,31,2976,Significant,False
iModulon_76,MA0785.2,POU2F1,TATGCWAAT,1.57e-5,8.98e-3,7.89e0,12,38.71,282,9.48,31,2976,Significant,False
iModulon_81,MA0620.4,MITF,RTCACGTGAY,7.81e-7,2.27e-4,2.00e-1,9,20.00,64,2.16,45,2962,Significant,False
iModulon_81,MA0831.3,TFE3,GTCACGTGAC,1.55e-6,2.43e-4,2.14e-1,9,20.00,70,2.36,45,2962,Significant,False
iModulon_81,MA1995.2,Npas4,TCGTGAC,1.39e-6,2.68e-4,2.36e-1,9,20.00,69,2.33,45,2962,Significant,False
iModulon_81,MA0526.5,USF2,RTCACGTGAY,5.41e-5,5.50e-3,4.83e0,6,13.33,41,1.38,45,2962,Significant,False
iModulon_81,MA0663.1,MLX,RTCACGTGAT,8.81e-5,8.60e-3,7.56e0,7,15.56,67,2.26,45,2962,Significant,False
iModulon_81,MA0871.3,TFEC,CACGTGAC,4.81e-5,9.19e-3,8.08e0,8,17.78,84,2.84,45,2962,Significant,False
iModulon_82,MA0144.3,STAT3,TTCYKGGAA,4.88e-7,4.59e-4,4.04e-1,16,21.33,135,4.60,75,2932,Significant,False
iModulon_82,MA0518.2,Stat4,TTCYRGGAAR,7.01e-7,5.99e-4,5.26e-1,16,21.33,139,4.74,75,2932,Significant,False
iModulon_82,MA1625.2,Stat5b,TTCCCAGAA,7.01e-7,6.03e-4,5.30e-1,16,21.33,139,4.74,75,2932,Significant,False
iModulon_82,MA0502.3,NFYB,YCATTGGCC,1.04e-6,8.39e-4,7.37e-1,37,49.33,680,23.19,75,2932,Significant,False
iModulon_82,MA0519.2,Stat5a::Stat5b,TTCCMAGAA,1.25e-6,1.11e-3,9.75e-1,19,25.33,206,7.03,75,2932,Significant,False
iModulon_82,MA1130.2,FOSL2::JUN,RTGAGTCAY,2.29e-6,1.26e-3,1.11e0,30,40.00,492,16.78,75,2932,Significant,False
iModulon_82,MA1573.2,Thap11,ACTACAABTCCCAG,7.26e-6,2.49e-3,2.19e0,12,16.00,93,3.17,75,2932,Significant,False
iModulon_82,MA1624.2,Stat5a,TTCCAAGAA,2.90e-6,2.52e-3,2.22e0,21,28.00,264,9.00,75,2932,Significant,False
iModulon_82,MA0029.2,Mecom,AGAYAAGATAA,2.71e-5,5.70e-3,5.01e0,9,12.00,57,1.94,75,2932,Significant,False
iModulon_82,MA0137.4,STAT1,TTCYRGGAA,1.39e-5,8.95e-3,7.86e0,19,25.33,245,8.36,75,2932,Significant,False
iModulon_82,MA1128.2,FOSL1::JUN,ATGACTCAT,1.93e-5,1.03e-2,9.08e0,27,36.00,460,15.69,75,2932,Significant,False
iModulon_83,MA0858.1,Rarb,AGGTCAHVYARAGGTCA,5.59e-4,7.24e-3,6.37e0,2,10.53,4,0.13,19,2988,Significant,False
iModulon_85,MA0785.2,POU2F1,TATGCWAAT,4.45e-10,2.97e-7,2.61e-4,36,48.00,482,16.44,75,2932,Significant,True
iModulon_85,MA0507.3,POU2F2,WTATGCAAATKAG,3.71e-9,7.08e-7,6.23e-4,16,21.33,92,3.14,75,2932,Significant,True
iModulon_85,MA0792.1,POU5F1B,TATGCWAAT,6.93e-9,5.54e-6,4.87e-3,35,46.67,506,17.26,75,2932,Significant,True
iModulon_85,MA0627.3,POU2F3,TATGCAAAT,2.26e-8,1.29e-5,1.14e-2,20,26.67,175,5.97,75,2932,Significant,True
iModulon_85,MA0789.1,POU3F4,TATGCWAAT,4.24e-8,2.24e-5,1.97e-2,31,41.33,434,14.80,75,2932,Significant,True
iModulon_85,MA2101.1,ZNF677,RATAAGAACAGC,2.94e-7,1.65e-4,1.45e-1,6,8.00,7,0.24,75,2932,Significant,False
iModulon_85,MA0088.2,ZNF143,TWCCCAYAATGCAYYG,1.15e-5,7.36e-4,6.47e-1,7,9.33,26,0.89,75,2932,Significant,False
iModulon_85,MA0784.3,POU1F1,CTMATTWGCATAWT,1.30e-5,1.74e-3,1.53e0,12,16.00,99,3.38,75,2932,Significant,False
iModulon_85,MA0749.2,ZBED1,TRTCGCGACATR,1.81e-3,9.03e-3,7.94e0,2,2.67,1,0.03,75,2932,Significant,False
iModulon_85,MA0786.2,POU3F1,WTATGCWAAT,1.45e-5,1.02e-2,8.94e0,10,13.33,67,2.29,75,2932,Significant,False
iModulon_86,MA0501.2,MAF::NFE2,ATGACTCAGCA,6.86e-7,2.22e-4,1.95e-1,15,32.61,215,7.26,46,2961,Significant,False
iModulon_86,MA0474.4,Erg,ACAGGAAGTG,4.53e-6,5.66e-3,4.97e0,10,21.74,102,3.44,46,2961,Significant,False
iModulon_86,MA0062.4,GABPA,CACTTCCTGT,5.06e-6,6.36e-3,5.59e0,6,13.04,25,0.84,46,2961,Significant,False
iModulon_86,MA0598.4,EHF,CACTTCCTG,8.54e-6,1.10e-2,9.67e0,7,15.22,44,1.49,46,2961,Significant,False
iModulon_88,MA2328.1,ZBED4,CCCGCYCCGC,1.48e-6,1.05e-3,9.23e-1,14,77.78,687,22.98,18,2989,Significant,False
iModulon_88,MA0471.3,E2F6,GGCGGGAA,1.80e-6,1.52e-3,1.34e0,13,72.22,576,19.27,18,2989,Significant,False
iModulon_88,MA0527.2,ZBTB33,TCTCGCGAGA,2.21e-5,3.13e-3,2.75e0,5,27.78,57,1.91,18,2989,Significant,False
iModulon_88,MA1713.2,ZNF610,SCGCCGCTCC,1.34e-5,5.58e-3,4.90e0,10,55.56,363,12.14,18,2989,Significant,False
iModulon_88,MA1122.2,TFDP1,SGCGGGAA,1.93e-5,7.22e-3,6.34e0,9,50.00,292,9.77,18,2989,Significant,False
iModulon_89,MA0117.3,Mafb,AWWNTGCTGAC,5.88e-6,3.83e-3,3.37e0,19,38.78,380,12.85,49,2958,Significant,False
iModulon_89,MA1508.2,IKZF1,AACAGGAA,3.82e-6,5.31e-3,4.66e0,23,46.94,530,17.92,49,2958,Significant,False
iModulon_89,MA0495.4,MAFF,GTCAGCATTTT,1.77e-5,8.77e-3,7.70e0,20,40.82,451,15.25,49,2958,Significant,False
iModulon_90,MA0833.3,ATF4,ATGATGCAAT,9.66e-19,2.75e-16,2.42e-13,19,36.54,55,1.86,52,2955,Significant,True
iModulon_90,MA1636.2,CEBPG,ATGATGCAAT,1.02e-15,4.62e-13,4.07e-10,22,42.31,135,4.57,52,2955,Significant,True
iModulon_90,MA0043.4,HLF,TTATGCAAC,2.56e-8,9.49e-6,8.34e-3,19,36.54,246,8.32,52,2955,Significant,True
iModulon_90,MA0488.2,JUN,ATGATGTCAT,2.41e-6,7.63e-4,6.70e-1,18,34.62,299,10.12,52,2955,Significant,False
iModulon_90,MA2328.1,ZBED4,CCCGCYCCGC,1.53e-6,1.38e-3,1.21e0,32,61.54,860,29.10,52,2955,Significant,False
iModulon_90,MA0746.3,SP3,GCCACGCCCMC,4.49e-6,4.00e-3,3.51e0,27,51.92,665,22.50,52,2955,Significant,False
iModulon_90,MA1517.2,KLF6,CCACGCCCH,5.34e-6,5.93e-3,5.21e0,26,50.00,627,21.22,52,2955,Significant,False
iModulon_90,MA0516.3,SP2,GGGGCGGGG,6.64e-6,8.42e-3,7.40e0,29,55.77,770,26.06,52,2955,Significant,False
iModulon_90,MA0060.4,NFYA,CCAATCAG,1.50e-5,9.28e-3,8.16e0,9,17.31,80,2.71,52,2955,Significant,False
iModulon_90,MA1513.2,KLF15,CCCCGCCC,1.16e-5,1.01e-2,8.84e0,28,53.85,744,25.18,52,2955,Significant,False
iModulon_90,MA0742.2,KLF12,GGGGCGGGG,1.13e-5,1.11e-2,9.76e0,30,57.69,838,28.36,52,2955,Significant,False
iModulon_92,MA1530.2,NKX6-3,VYCATTAW,2.78e-6,1.19e-3,1.04e0,17,39.53,339,11.44,43,2964,Significant,False
iModulon_92,MA0675.2,NKX6-2,YMATTA,4.72e-6,2.62e-3,2.30e0,18,41.86,395,13.33,43,2964,Significant,False
iModulon_92,MA0892.2,GSX1,YMATTA,1.28e-5,7.16e-3,6.29e0,20,46.51,518,17.48,43,2964,Significant,False
iModulon_94,MA0476.2,FOS,TGASTCAT,8.09e-8,4.57e-5,4.02e-2,35,42.17,491,16.79,83,2924,Significant,True
iModulon_94,MA1142.2,FOSL1::JUND,RTGACTCA,3.20e-7,3.71e-4,3.26e-1,30,36.14,396,13.54,83,2924,Significant,False
iModulon_94,MA0490.3,JUNB,ATGACTCAT,7.48e-7,3.79e-4,3.33e-1,23,27.71,255,8.72,83,2924,Significant,False
iModulon_94,MA1130.2,FOSL2::JUN,RTGAGTCAY,9.39e-7,5.37e-4,4.72e-1,30,36.14,417,14.26,83,2924,Significant,False
iModulon_94,MA1988.2,Atf3,TGACTCA,7.22e-7,5.47e-4,4.81e-1,22,26.51,234,8.00,83,2924,Significant,False
iModulon_94,MA0477.3,FOSL1,ATGACTCAT,1.41e-6,6.93e-4,6.10e-1,31,37.35,450,15.39,83,2924,Significant,False
iModulon_94,MA1928.2,BNC2,TGAGTCA,1.15e-6,7.33e-4,6.45e-1,24,28.92,283,9.68,83,2924,Significant,False
iModulon_94,MA0491.3,JUND,ATGACTCAT,1.70e-6,7.88e-4,6.93e-1,23,27.71,268,9.17,83,2924,Significant,False
iModulon_94,MA1141.2,FOS::JUND,ATGAGTCAT,2.84e-6,1.45e-3,1.27e0,25,30.12,321,10.98,83,2924,Significant,False
iModulon_94,MA1135.2,FOSB::JUNB,RTGASTCAT,2.79e-6,1.50e-3,1.32e0,31,37.35,465,15.90,83,2924,Significant,False
iModulon_94,MA0835.3,BATF3,TGACTCA,2.07e-6,1.54e-3,1.36e0,24,28.92,293,10.02,83,2924,Significant,False
iModulon_94,MA0099.4,FOS::JUN,ATGAGTCAY,2.65e-6,1.56e-3,1.37e0,22,26.51,254,8.69,83,2924,Significant,False
iModulon_94,MA1128.2,FOSL1::JUN,ATGACTCAT,2.84e-6,1.62e-3,1.42e0,25,30.12,321,10.98,83,2924,Significant,False
iModulon_94,MA1138.2,FOSL2::JUNB,RTGASTCAT,3.51e-6,1.63e-3,1.43e0,20,24.10,217,7.42,83,2924,Significant,False
iModulon_94,MA1633.2,BACH1,ATGACTCAT,4.87e-6,1.78e-3,1.56e0,20,24.10,222,7.59,83,2924,Significant,False
iModulon_94,MA1144.2,FOSL2::JUND,ATGACTCAT,3.69e-6,1.87e-3,1.65e0,30,36.14,446,15.25,83,2924,Significant,False
iModulon_94,MA0462.3,BATF::JUN,TGACTCA,2.60e-6,1.99e-3,1.75e0,24,28.92,297,10.16,83,2924,Significant,False
iModulon_94,MA1137.2,FOSL1::JUNB,RTGACTCAT,2.44e-6,1.99e-3,1.75e0,26,31.33,341,11.66,83,2924,Significant,False
iModulon_94,MA1634.2,BATF,TGACTCA,2.76e-6,2.24e-3,1.97e0,24,28.92,298,10.19,83,2924,Significant,False
iModulon_94,MA0489.3,Jun,TGACTCAT,3.51e-6,2.27e-3,2.00e0,29,34.94,420,14.36,83,2924,Significant,False
iModulon_94,MA1134.2,FOS::JUNB,ATGASTCAT,5.80e-6,2.47e-3,2.17e0,26,31.33,358,12.24,83,2924,Significant,False
iModulon_94,MA0655.1,JDP2,ATGACTCAT,2.76e-5,6.14e-3,5.40e0,16,19.28,168,5.75,83,2924,Significant,False
iModulon_94,MA1581.2,ZBTB6,SCTTGAGCC,1.21e-5,9.14e-3,8.03e0,33,39.76,553,18.91,83,2924,Significant,False
iModulon_95,MA0060.4,NFYA,CCAATCAG,9.16e-12,6.08e-9,5.34e-6,23,74.19,518,17.41,31,2976,Significant,True
iModulon_95,MA0502.3,NFYB,YCATTGGCC,3.20e-11,2.36e-8,2.08e-5,23,74.19,550,18.48,31,2976,Significant,True
iModulon_95,MA1644.2,NFYC,CCAATCA,1.11e-10,9.76e-8,8.58e-5,25,80.65,731,24.56,31,2976,Significant,True
iModulon_95,MA1721.2,ZNF93,GGYAGCRGCAGCGG,7.05e-6,3.33e-3,2.93e0,14,45.16,365,12.26,31,2976,Significant,False
iModulon_95,MA1564.2,SP9,CCACGCCCMC,6.84e-6,7.57e-3,6.65e0,23,74.19,1015,34.11,31,2976,Significant,False
iModulon_95,MA0748.3,YY2,ATGGCGG,3.35e-5,8.61e-3,7.56e0,8,25.81,122,4.10,31,2976,Significant,False
iModulon_97,MA0473.4,ELF1,CAGGAAGTG,5.08e-6,6.07e-3,5.33e0,6,26.09,57,1.91,23,2984,Significant,False
iModulon_98,MA0473.4,ELF1,CAGGAAGTG,7.65e-7,8.97e-4,7.89e-1,17,41.46,327,11.02,41,2966,Significant,False
iModulon_98,MA0640.3,ELF3,CACTTCCTG,1.48e-6,2.07e-3,1.82e0,15,36.59,263,8.87,41,2966,Significant,False
iModulon_98,MA0598.4,EHF,CACTTCCTG,1.77e-6,2.25e-3,1.98e0,15,36.59,267,9.00,41,2966,Significant,False
iModulon_98,MA2332.1,ZNF175,ACAGGAAGT,4.04e-6,5.32e-3,4.67e0,14,34.15,247,8.33,41,2966,Significant,False
iModulon_98,MA0761.3,ETV1,ACAGGAAGT,5.30e-6,6.61e-3,5.81e0,14,34.15,253,8.53,41,2966,Significant,False
iModulon_98,MA0474.4,Erg,ACAGGAAGTG,7.26e-6,8.81e-3,7.75e0,16,39.02,342,11.53,41,2966,Significant,False
iModulon_98,MA0081.3,SPIB,TCACTTCCTCTTT,8.51e-6,8.85e-3,7.78e0,12,29.27,190,6.41,41,2966,Significant,False
iModulon_100,MA0858.1,Rarb,AGGTCAHVYARAGGTCA,7.53e-4,9.75e-3,8.57e0,2,9.09,4,0.13,22,2985,Significant,False
iModulon_101,MA0108.3,TBP,TATAAAW,6.33e-11,4.83e-8,4.24e-5,39,51.32,519,17.71,76,2931,Significant,True
iModulon_101,MA1505.2,HOXC8,TAATTA,5.28e-10,2.57e-7,2.26e-4,35,46.05,451,15.39,76,2931,Significant,True
iModulon_101,MA1498.3,HOXA7,YMATTA,9.73e-10,3.49e-7,3.07e-4,21,27.63,158,5.39,76,2931,Significant,True
iModulon_101,MA0718.2,RAX,YAATTA,6.22e-10,3.74e-7,3.28e-4,31,40.79,356,12.15,76,2931,Significant,True
iModulon_101,MA1639.2,MEIS1,CATMAATCA,1.33e-9,4.54e-7,3.99e-4,20,26.32,144,4.91,76,2931,Significant,True
iModulon_101,MA0662.2,MIXL1,YAATTA,2.22e-9,9.73e-7,8.55e-4,32,42.11,400,13.65,76,2931,Significant,True
iModulon_101,MA0882.2,DLX6,YAATTA,2.24e-9,1.16e-6,1.02e-3,33,43.42,425,14.50,76,2931,Significant,True
iModulon_101,MA0890.2,GBX2,YAATTA,1.87e-9,1.35e-6,1.18e-3,31,40.79,373,12.73,76,2931,Significant,True
iModulon_101,MA0721.2,UNCX,YAATTA,3.70e-9,1.60e-6,1.41e-3,31,40.79,384,13.10,76,2931,Significant,True
iModulon_101,MA0630.2,SHOX,TAATTR,5.32e-9,2.41e-6,2.12e-3,21,27.63,175,5.97,76,2931,Significant,True
iModulon_101,MA0675.2,NKX6-2,YMATTA,5.84e-9,2.42e-6,2.13e-3,21,27.63,176,6.00,76,2931,Significant,True
iModulon_101,MA0881.2,Dlx4,YAATTA,5.09e-9,2.44e-6,2.14e-3,27,35.53,296,10.10,76,2931,Significant,True
iModulon_101,MA0903.2,HOXB3,YMATTA,5.83e-9,2.44e-6,2.15e-3,20,26.32,158,5.39,76,2931,Significant,True
iModulon_101,MA0640.3,ELF3,CACTTCCTG,1.68e-9,2.58e-6,2.27e-3,15,19.74,72,2.46,76,2931,Significant,True
iModulon_101,MA0634.2,ALX3,YAATTA,5.99e-9,2.65e-6,2.33e-3,31,40.79,392,13.37,76,2931,Significant,True
iModulon_101,MA0904.3,HOXB5,TAATTA,7.19e-9,3.80e-6,3.34e-3,27,35.53,301,10.27,76,2931,Significant,True
iModulon_101,MA0902.3,HOXB2,YAATTA,8.03e-9,4.09e-6,3.59e-3,31,40.79,397,13.54,76,2931,Significant,True
iModulon_101,MA0723.3,VAX2,YAATTA,9.28e-9,4.36e-6,3.83e-3,24,31.58,240,8.19,76,2931,Significant,True
iModulon_101,MA1507.2,HOXD4,TMATTA,8.60e-9,4.53e-6,3.98e-3,34,44.74,475,16.21,76,2931,Significant,True
iModulon_101,MA0880.2,Dlx3,YAATTA,1.01e-8,4.59e-6,4.04e-3,27,35.53,306,10.44,76,2931,Significant,True
iModulon_101,MA0716.2,PRRX1,YAATTA,9.28e-9,4.64e-6,4.08e-3,22,28.95,200,6.82,76,2931,Significant,True
iModulon_101,MA0699.2,LBX2,YAATTA,1.11e-8,4.91e-6,4.32e-3,18,23.68,130,4.44,76,2931,Significant,True
iModulon_101,MA0125.2,Nobox,TAATTR,9.52e-9,5.49e-6,4.82e-3,36,47.37,531,18.12,76,2931,Significant,True
iModulon_101,MA0879.3,DLX1,YAATTA,1.45e-8,5.70e-6,5.01e-3,26,34.21,289,9.86,76,2931,Significant,True
iModulon_101,MA0888.2,EVX2,TAATTA,1.52e-8,6.34e-6,5.57e-3,29,38.16,359,12.25,76,2931,Significant,True
iModulon_101,MA0720.2,Shox2,YAATTA,1.19e-8,6.49e-6,5.71e-3,29,38.16,355,12.11,76,2931,Significant,True
iModulon_101,MA0876.2,BSX,YVATTA,2.44e-8,7.11e-6,6.25e-3,23,30.26,232,7.92,76,2931,Significant,True
iModulon_101,MA0887.2,EVX1,TAATTA,1.93e-8,7.74e-6,6.81e-3,29,38.16,363,12.38,76,2931,Significant,True
iModulon_101,MA0722.2,VAX1,YTAATTA,1.82e-8,8.24e-6,7.24e-3,27,35.53,315,10.75,76,2931,Significant,True
iModulon_101,MA0654.2,ISX,YAATTA,1.48e-8,8.31e-6,7.31e-3,32,42.11,433,14.77,76,2931,Significant,True
iModulon_101,MA0892.2,GSX1,YMATTA,2.17e-8,8.67e-6,7.62e-3,26,34.21,295,10.06,76,2931,Significant,True
iModulon_101,MA0598.4,EHF,CACTTCCTG,8.51e-9,1.19e-5,1.05e-2,14,18.42,69,2.35,76,2931,Significant,True
iModulon_101,MA0894.2,HESX1,TAATTR,1.65e-8,1.23e-5,1.08e-2,32,42.11,435,14.84,76,2931,Significant,True
iModulon_101,MA0717.2,RAX2,YAATTA,3.18e-8,1.38e-5,1.21e-2,22,28.95,215,7.34,76,2931,Significant,True
iModulon_101,MA0786.2,POU3F1,WTATGCWAAT,2.93e-8,1.50e-5,1.32e-2,31,40.79,420,14.33,76,2931,Significant,True
iModulon_101,MA1481.2,DRGX,YAATTA,3.46e-8,1.61e-5,1.41e-2,29,38.16,373,12.73,76,2931,Significant,True
iModulon_101,MA1499.2,HOXB4,TMATTA,2.76e-8,1.64e-5,1.44e-2,36,47.37,553,18.87,76,2931,Significant,True
iModulon_101,MA1577.2,TLX2,YAATTA,3.08e-8,1.73e-5,1.52e-2,29,38.16,371,12.66,76,2931,Significant,True
iModulon_101,MA0132.3,PDX1,YAATTA,4.13e-8,1.94e-5,1.70e-2,30,39.47,401,13.68,76,2931,Significant,True
iModulon_101,MA0473.4,ELF1,CAGGAAGTG,1.61e-8,2.06e-5,1.81e-2,14,18.42,73,2.49,76,2931,Significant,True
iModulon_101,MA0674.2,NKX6-1,TMATTAA,4.65e-8,2.33e-5,2.05e-2,27,35.53,330,11.26,76,2931,Significant,True
iModulon_101,MA1625.2,Stat5b,TTCCCAGAA,2.88e-8,2.36e-5,2.08e-2,18,23.68,139,4.74,76,2931,Significant,True
iModulon_101,MA0029.2,Mecom,AGAYAAGATAA,1.51e-7,2.63e-5,2.32e-2,12,15.79,61,2.08,76,2931,Significant,True
iModulon_101,MA0704.2,Lhx4,TAATTA,6.37e-8,2.80e-5,2.46e-2,30,39.47,409,13.95,76,2931,Significant,True
iModulon_101,MA0788.1,POU3F3,WWTATGCWAATTW,7.97e-8,3.11e-5,2.74e-2,24,31.58,270,9.21,76,2931,Significant,True
iModulon_101,MA1495.2,HOXA1,TAATTA,7.08e-8,3.53e-5,3.10e-2,27,35.53,337,11.50,76,2931,Significant,True
iModulon_101,MA0518.2,Stat4,TTCYRGGAAR,4.49e-8,3.62e-5,3.18e-2,20,26.32,180,6.14,76,2931,Significant,True
iModulon_101,MA0027.3,EN1,YAATTA,7.45e-8,3.80e-5,3.34e-2,28,36.84,362,12.35,76,2931,Significant,True
iModulon_101,MA0062.4,GABPA,CACTTCCTGT,2.85e-8,3.94e-5,3.47e-2,15,19.74,91,3.10,76,2931,Significant,True
iModulon_101,MA1573.2,Thap11,ACTACAABTCCCAG,1.22e-7,4.70e-5,4.14e-2,16,21.05,119,4.06,76,2931,Significant,True
iModulon_101,MA0886.2,EMX2,TAATTA,1.38e-7,5.59e-5,4.91e-2,28,36.84,373,12.73,76,2931,Significant,True
iModulon_101,MA0612.3,EMX1,TAATTA,1.71e-7,6.94e-5,6.10e-2,28,36.84,377,12.86,76,2931,Significant,False
iModulon_101,MA1992.2,Ikzf3,CAGGAAGTG,4.51e-8,7.18e-5,6.31e-2,14,18.42,80,2.73,76,2931,Significant,False
iModulon_101,MA0080.7,Spi1,AAAGAGGAAGTGG,6.33e-8,8.04e-5,7.07e-2,16,21.05,113,3.86,76,2931,Significant,False
iModulon_101,MA0725.2,VSX1,YTAATTA,2.38e-7,9.53e-5,8.38e-2,26,34.21,334,11.40,76,2931,Significant,False
iModulon_101,MA0036.4,GATA2,CTTATCT,2.08e-7,9.57e-5,8.41e-2,18,23.68,160,5.46,76,2931,Significant,False
iModulon_101,MA0726.2,VSX2,CTAATTA,2.64e-7,9.86e-5,8.67e-2,25,32.89,312,10.64,76,2931,Significant,False
iModulon_101,MA0709.2,Msx3,CAATTA,1.83e-7,1.00e-4,8.81e-2,33,43.42,510,17.40,76,2931,Significant,False
iModulon_101,MA0474.4,Erg,ACAGGAAGTG,8.81e-8,1.19e-4,1.05e-1,15,19.74,100,3.41,76,2931,Significant,False
iModulon_101,MA0144.3,STAT3,TTCYKGGAA,1.62e-7,1.48e-4,1.30e-1,17,22.37,139,4.74,76,2931,Significant,False
iModulon_101,MA0502.3,NFYB,YCATTGGCC,1.78e-7,1.63e-4,1.43e-1,17,22.37,140,4.78,76,2931,Significant,False
iModulon_101,MA0479.2,FOXH1,AATCCACA,3.47e-7,1.69e-4,1.48e-1,18,23.68,166,5.66,76,2931,Significant,False
iModulon_101,MA0708.3,MSX2,CAATTA,3.93e-7,2.14e-4,1.88e-1,30,39.47,445,15.18,76,2931,Significant,False
iModulon_101,MA1504.2,HOXC4,TMATTA,4.53e-7,2.19e-4,1.92e-1,30,39.47,448,15.28,76,2931,Significant,False
iModulon_101,MA0037.5,Gata3,TCTTATCT,4.75e-7,2.56e-4,2.25e-1,30,39.47,449,15.32,76,2931,Significant,False
iModulon_101,MA0519.2,Stat5a::Stat5b,TTCCMAGAA,3.47e-7,2.85e-4,2.50e-1,18,23.68,166,5.66,76,2931,Significant,False
iModulon_101,MA0035.5,GATA1,CTAATCT,7.11e-7,3.14e-4,2.76e-1,26,34.21,354,12.08,76,2931,Significant,False
iModulon_101,MA0644.3,ESX1,YYAATTA,8.22e-7,3.89e-4,3.42e-1,29,38.16,434,14.81,76,2931,Significant,False
iModulon_101,MA0900.3,HOXA2,TAATTA,9.10e-7,4.01e-4,3.53e-1,27,35.53,384,13.10,76,2931,Significant,False
iModulon_101,MA0787.1,POU3F2,WTATGCWAATKA,1.05e-6,4.06e-4,3.57e-1,18,23.68,180,6.14,76,2931,Significant,False
iModulon_101,MA1640.2,MEIS2,TGATTTATG,1.13e-6,4.34e-4,3.82e-1,25,32.89,338,11.53,76,2931,Significant,False
iModulon_101,MA0081.3,SPIB,TCACTTCCTCTTT,4.41e-7,4.90e-4,4.30e-1,20,26.32,209,7.13,76,2931,Significant,False
iModulon_101,MA0666.3,MSX1,CAATTA,9.32e-7,5.38e-4,4.72e-1,31,40.79,491,16.75,76,2931,Significant,False
iModulon_101,MA0875.2,BARX1,CMATTA,1.84e-6,5.97e-4,5.24e-1,20,26.32,230,7.85,76,2931,Significant,False
iModulon_101,MA0033.2,FOXL1,RTAAACA,8.67e-7,6.11e-4,5.37e-1,37,48.68,664,22.65,76,2931,Significant,False
iModulon_101,MA0614.1,Foxj2,RTAAACAA,8.96e-7,6.33e-4,5.56e-1,32,42.11,518,17.67,76,2931,Significant,False
iModulon_101,MA0137.4,STAT1,TTCYRGGAA,9.76e-7,6.38e-4,5.61e-1,18,23.68,179,6.11,76,2931,Significant,False
iModulon_101,MA0707.3,MNX1,YRATTA,1.93e-6,6.43e-4,5.65e-1,22,28.95,276,9.42,76,2931,Significant,False
iModulon_101,MA0754.3,CUX1,TAATCGATA,5.66e-6,7.87e-4,6.92e-1,14,18.42,124,4.23,76,2931,Significant,False
iModulon_101,MA1606.2,Foxf1,RTAAACA,1.48e-6,8.77e-4,7.71e-1,30,39.47,474,16.17,76,2931,Significant,False
iModulon_101,MA0700.3,LHX2,CAATTA,2.60e-6,1.24e-3,1.09e0,23,30.26,305,10.41,76,2931,Significant,False
iModulon_101,MA1104.3,GATA6,TCTTATCT,3.14e-6,1.42e-3,1.25e0,27,35.53,410,13.99,76,2931,Significant,False
iModulon_101,MA1496.2,HOXA4,RTMATTA,5.34e-6,1.90e-3,1.67e0,17,22.37,182,6.21,76,2931,Significant,False
iModulon_101,MA1530.2,NKX6-3,VYCATTAW,4.90e-6,2.00e-3,1.76e0,20,26.32,246,8.39,76,2931,Significant,False
iModulon_101,MA1502.2,HOXB8,GYMATTA,4.80e-6,2.09e-3,1.84e0,26,34.21,393,13.41,76,2931,Significant,False
iModulon_101,MA0628.2,POU6F1,TAATTA,8.34e-6,3.11e-3,2.74e0,22,28.95,303,10.34,76,2931,Significant,False
iModulon_101,MA0756.3,ONECUT2,GATCRATA,1.65e-5,3.26e-3,2.86e0,15,19.74,157,5.36,76,2931,Significant,False
iModulon_101,MA0910.3,HOXD8,GYMATTA,7.63e-6,3.29e-3,2.89e0,25,32.89,377,12.86,76,2931,Significant,False
iModulon_101,MA1463.2,ARGFX,CTAATTAR,1.07e-5,3.70e-3,3.26e0,22,28.95,308,10.51,76,2931,Significant,False
iModulon_101,MA0905.2,HOXC10,GTCRTAAAA,1.42e-5,4.05e-3,3.56e0,20,26.32,265,9.04,76,2931,Significant,False
iModulon_101,MA1970.2,TRPS1,TCTTATCT,8.31e-6,4.08e-3,3.59e0,24,31.58,353,12.04,76,2931,Significant,False
iModulon_101,MA0613.1,FOXG1,RTAAACAW,9.76e-6,4.35e-3,3.82e0,26,34.21,409,13.95,76,2931,Significant,False
iModulon_101,MA0679.3,ONECUT1,AAATCAATA,1.83e-5,4.53e-3,3.98e0,11,14.47,84,2.87,76,2931,Significant,False
iModulon_101,MA2332.1,ZNF175,ACAGGAAGT,3.48e-6,4.74e-3,4.16e0,16,21.05,156,5.32,76,2931,Significant,False
iModulon_101,MA0710.2,NOTO,YTAATTA,9.76e-6,4.87e-3,4.28e0,26,34.21,409,13.95,76,2931,Significant,False
iModulon_101,MA0621.2,mix-a,TTAATTA,1.44e-5,5.13e-3,4.51e0,22,28.95,314,10.71,76,2931,Significant,False
iModulon_101,MA0032.2,FOXC1,WAWGTAAAYAW,9.53e-6,6.43e-3,5.65e0,32,42.11,578,19.72,76,2931,Significant,False
iModulon_101,MA0761.3,ETV1,ACAGGAAGT,5.49e-6,7.03e-3,6.18e0,16,21.05,162,5.53,76,2931,Significant,False
iModulon_101,MA1497.2,HOXA6,GYMATTA,2.82e-5,9.09e-3,7.99e0,21,27.63,303,10.34,76,2931,Significant,False
iModulon_101,MA0705.2,Lhx8,TAATTA,2.34e-5,9.13e-3,8.02e0,9,11.84,55,1.88,76,2931,Significant,False
iModulon_101,MA1623.2,Stat2,GAAACAGAAA,8.32e-6,1.04e-2,9.17e0,37,48.68,728,24.84,76,2931,Significant,False
iModulon_101,MA1508.2,IKZF1,AACAGGAA,7.63e-6,1.05e-2,9.24e0,25,32.89,377,12.86,76,2931,Significant,False
iModulon_102,MA0527.2,ZBTB33,TCTCGCGAGA,2.82e-5,4.02e-3,3.53e0,4,13.33,15,0.50,30,2977,Significant,False
iModulon_105,MA0770.1,HSF2,TTCTAGAAYRTTC,4.16e-5,7.46e-3,6.56e0,8,20.00,94,3.17,40,2967,Significant,False
iModulon_109,MA0079.5,SP1,GGGGCGGGG,7.50e-7,6.89e-4,6.05e-1,11,78.57,504,16.84,14,2993,Significant,False
iModulon_109,MA1627.2,Wt1,CCTCCCCCAC,1.15e-6,8.74e-4,7.68e-1,10,71.43,398,13.30,14,2993,Significant,False
iModulon_109,MA0742.2,KLF12,GGGGCGGGG,1.11e-6,9.36e-4,8.23e-1,9,64.29,291,9.72,14,2993,Significant,False
iModulon_109,MA0685.2,SP4,GGGGCGGGG,9.46e-7,1.08e-3,9.50e-1,13,92.86,856,28.60,14,2993,Significant,False
iModulon_109,MA0746.3,SP3,GCCACGCCCMC,2.76e-6,1.84e-3,1.61e0,11,78.57,572,19.11,14,2993,Significant,False
iModulon_109,MA1653.2,ZNF148,CCCCTCCCCC,2.59e-6,2.54e-3,2.23e0,9,64.29,322,10.76,14,2993,Significant,False
iModulon_109,MA1513.2,KLF15,CCCCGCCC,3.31e-6,2.85e-3,2.51e0,10,71.43,446,14.90,14,2993,Significant,False
iModulon_109,MA1959.2,KLF7,GGGCGGGG,2.86e-6,3.15e-3,2.77e0,11,78.57,574,19.18,14,2993,Significant,False
iModulon_109,MA0516.3,SP2,GGGGCGGGG,5.27e-6,5.66e-3,4.98e0,10,71.43,469,15.67,14,2993,Significant,False
iModulon_109,MA1511.2,KLF10,GGGGCGGGG,6.25e-6,6.26e-3,5.50e0,9,64.29,358,11.96,14,2993,Significant,False
iModulon_109,MA0740.2,KLF14,KGGGCGGGG,7.05e-6,7.81e-3,6.87e0,11,78.57,627,20.95,14,2993,Significant,False
iModulon_109,MA0162.5,EGR1,MCGCCCACGC,1.41e-5,8.59e-3,7.55e0,10,71.43,522,17.44,14,2993,Significant,False
iModulon_109,MA1569.2,TFAP2E,GCCYSRGGC,1.51e-5,8.98e-3,7.89e0,10,71.43,526,17.57,14,2993,Significant,False
iModulon_109,MA1961.2,PATZ1,SGGGGMGGGGS,1.02e-5,1.04e-2,9.12e0,11,78.57,650,21.72,14,2993,Significant,False
iModulon_112,MA2324.1,BCL11A,CTGACCA,2.25e-7,2.28e-4,2.00e-1,4,5.97,0,0.00,67,2940,Significant,False
iModulon_112,MA0519.2,Stat5a::Stat5b,TTCCMAGAA,5.25e-7,4.30e-4,3.78e-1,25,37.31,377,12.82,67,2940,Significant,False
iModulon_112,MA1625.2,Stat5b,TTCCCAGAA,1.62e-6,1.35e-3,1.19e0,17,25.37,192,6.53,67,2940,Significant,False
iModulon_112,MA0144.3,STAT3,TTCYKGGAA,5.51e-6,5.05e-3,4.44e0,14,20.90,143,4.86,67,2940,Significant,False
iModulon_112,MA0598.4,EHF,CACTTCCTG,4.92e-6,6.45e-3,5.67e0,13,19.40,121,4.12,67,2940,Significant,False
iModulon_112,MA1992.2,Ikzf3,CAGGAAGTG,5.24e-6,7.78e-3,6.84e0,15,22.39,164,5.58,67,2940,Significant,False
iModulon_112,MA0679.3,ONECUT1,AAATCAATA,2.38e-5,8.06e-3,7.08e0,11,16.42,100,3.40,67,2940,Significant,False
iModulon_112,MA1624.2,Stat5a,TTCCAAGAA,1.03e-5,8.72e-3,7.67e0,18,26.87,247,8.40,67,2940,Significant,False
iModulon_112,MA1497.2,HOXA6,GYMATTA,2.27e-5,1.04e-2,9.15e0,20,29.85,317,10.78,67,2940,Significant,False
iModulon_115,MA0738.2,HIC2,RTGCCC,2.23e-6,2.54e-3,2.23e0,41,34.75,478,16.55,118,2889,Significant,False
iModulon_117,MA0156.4,FEV,ACCGGAAGT,5.58e-25,1.83e-22,1.61e-19,11,45.83,0,0.00,24,2983,Significant,True
iModulon_117,MA1484.2,ETS2,ACCGGAAGY,5.58e-25,2.63e-22,2.31e-19,11,45.83,0,0.00,24,2983,Significant,True
iModulon_117,MA0475.3,FLI1,ACCGGAART,5.58e-25,2.79e-22,2.45e-19,11,45.83,0,0.00,24,2983,Significant,True
iModulon_117,MA0760.2,ERF,ACCGGAAGT,5.58e-25,3.10e-22,2.72e-19,11,45.83,0,0.00,24,2983,Significant,True
iModulon_117,MA0098.4,ETS1,ACCGGAART,5.58e-25,3.85e-22,3.38e-19,11,45.83,0,0.00,24,2983,Significant,True
iModulon_117,MA0764.4,ETV4,ACCGGAAGT,6.67e-24,3.34e-21,2.94e-18,11,45.83,1,0.03,24,2983,Significant,True
iModulon_117,MA0759.3,ELK3,ACCGGAAGT,1.47e-23,3.89e-21,3.42e-18,12,50.00,5,0.17,24,2983,Significant,True
iModulon_117,MA0765.4,ETV5,ACCGGAAGT,4.40e-23,1.12e-20,9.82e-18,12,50.00,6,0.20,24,2983,Significant,True
iModulon_117,MA0028.3,ELK1,ACCGGAAGT,4.40e-23,1.50e-20,1.31e-17,12,50.00,6,0.20,24,2983,Significant,True
iModulon_117,MA0763.2,ETV3,ACCGGAAGT,4.32e-23,2.34e-20,2.05e-17,11,45.83,2,0.07,24,2983,Significant,True
iModulon_117,MA2340.1,Zbtb2,ACCGGAAGTG,2.96e-22,1.75e-19,1.54e-16,12,50.00,8,0.27,24,2983,Significant,True
iModulon_117,MA1483.3,ELF2,AMCCGGAAGT,2.22e-20,1.53e-17,1.35e-14,12,50.00,14,0.47,24,2983,Significant,True
iModulon_117,MA0762.2,ETV2,ACCGGAAAT,7.20e-19,3.16e-16,2.78e-13,11,45.83,12,0.40,24,2983,Significant,True
iModulon_117,MA0641.1,ELF4,AACCCGGAAGTR,6.62e-17,2.00e-14,1.76e-11,11,45.83,21,0.70,24,2983,Significant,True
iModulon_117,MA0750.3,ZBTB7A,CCGGAAGTG,8.56e-17,7.45e-14,6.55e-11,13,54.17,50,1.68,24,2983,Significant,True
iModulon_117,MA0076.3,ELK4,CRCTTCCGG,1.33e-16,1.14e-13,1.00e-10,13,54.17,52,1.74,24,2983,Significant,True
iModulon_117,MA2329.1,ZBTB11,CACTTCCGG,9.92e-16,6.83e-13,6.00e-10,13,54.17,62,2.08,24,2983,Significant,True
iModulon_117,MA0686.2,SPDEF,AMCCGGATGT,1.31e-14,3.15e-12,2.77e-9,8,33.33,6,0.20,24,2983,Significant,True
iModulon_117,MA1931.1,ELK1::HOXA1,ACCGGAAGTAATTA,1.31e-11,2.01e-9,1.76e-6,11,45.83,77,2.58,24,2983,Significant,True
iModulon_117,MA1957.1,HOXB2::ELK1,RCCGGAAGTMRTTA,2.08e-11,3.71e-9,3.26e-6,5,20.83,0,0.00,24,2983,Significant,True
iModulon_117,MA1948.2,ETV5::HOXA2,CGGAWGTMATTA,1.24e-10,3.76e-8,3.31e-5,5,20.83,1,0.03,24,2983,Significant,True
iModulon_117,MA1684.1,Foxn1,RGAMGC,1.18e-10,1.31e-7,1.15e-4,6,25.00,6,0.20,24,2983,Significant,True
iModulon_117,MA1932.2,ELK1::HOXB13,ACCGGAAGTHGTAAA,5.11e-9,4.90e-7,4.31e-4,5,20.83,5,0.17,24,2983,Significant,True
iModulon_117,MA1952.2,FOXJ2::ELF1,AAACMGGAAGT,3.86e-10,6.03e-7,5.30e-4,10,41.67,78,2.61,24,2983,Significant,True
iModulon_117,MA1949.2,FLI1::DRGX,ACCGGAAGTAATTA,5.11e-9,2.03e-6,1.78e-3,5,20.83,5,0.17,24,2983,Significant,True
iModulon_117,MA0645.2,ETV6,SCGGAAGTR,8.25e-9,7.35e-6,6.46e-3,11,45.83,147,4.93,24,2983,Significant,True
iModulon_117,MA1933.2,ELK1::SREBF2,CCGGAAGTSRCGTGA,1.79e-7,2.02e-5,1.78e-2,8,33.33,79,2.65,24,2983,Significant,True
iModulon_117,MA0782.3,PKNOX1,TGAGTGACAG,3.50e-8,2.65e-5,2.33e-2,6,25.00,21,0.70,24,2983,Significant,True
iModulon_117,MA1958.2,HOXD12::ELK1,CGGAAGTCGTAAA,8.00e-7,4.24e-5,3.73e-2,5,20.83,19,0.64,24,2983,Significant,True
iModulon_117,MA1935.2,ERF::FOXI1,AAACMGGAAR,3.90e-8,6.81e-5,5.99e-2,10,41.67,130,4.36,24,2983,Significant,False
iModulon_117,MA0761.3,ETV1,ACAGGAAGT,5.82e-8,8.24e-5,7.24e-2,13,54.17,283,9.49,24,2983,Significant,False
iModulon_117,MA1942.2,ETV2::FOXI1,AAACAGGAAGY,1.17e-7,1.41e-4,1.24e-1,11,45.83,192,6.44,24,2983,Significant,False
iModulon_117,MA1955.2,FOXO1::ELK3,RWMAACAGGAAGT,5.36e-7,3.51e-4,3.08e-1,8,33.33,92,3.08,24,2983,Significant,False
iModulon_117,MA1114.2,PBX3,TGAGTGACAGG,5.65e-7,3.92e-4,3.44e-1,7,29.17,61,2.04,24,2983,Significant,False
iModulon_117,MA1608.2,Isl1,CCATTAG,5.39e-7,4.40e-4,3.87e-1,9,37.50,130,4.36,24,2983,Significant,False
iModulon_117,MA1708.2,ETV7,SCGGAAGTR,3.82e-7,4.78e-4,4.20e-1,13,54.17,333,11.16,24,2983,Significant,False
iModulon_117,MA2332.1,ZNF175,ACAGGAAGT,6.36e-7,9.64e-4,8.48e-1,4,16.67,6,0.20,24,2983,Significant,False
iModulon_117,MA1956.2,FOXO1::FLI1,GTAAACAGGAAGT,2.65e-6,1.04e-3,9.12e-1,8,33.33,115,3.86,24,2983,Significant,False
iModulon_117,MA1971.2,ZBED2,CGAAACC,8.80e-6,1.80e-3,1.58e0,3,12.50,3,0.10,24,2983,Significant,False
iModulon_117,MA1944.2,ETV5::DRGX,MGGAAGYAATTA,4.10e-6,2.34e-3,2.06e0,10,41.67,219,7.34,24,2983,Significant,False
iModulon_117,MA0474.4,Erg,ACAGGAAGTG,2.52e-6,3.44e-3,3.02e0,12,50.00,325,10.90,24,2983,Significant,False
iModulon_117,MA1995.2,Npas4,TCGTGAC,1.91e-5,3.97e-3,3.49e0,8,33.33,152,5.10,24,2983,Significant,False
iModulon_117,MA0604.1,Atf1,RTGACGTA,2.01e-5,5.63e-3,4.95e0,10,41.67,263,8.82,24,2983,Significant,False
iModulon_117,MA0748.3,YY2,ATGGCGG,2.18e-5,5.76e-3,5.06e0,9,37.50,207,6.94,24,2983,Significant,False
iModulon_117,MA2094.1,PAX8,CGTCACGCWTSANYGM,1.10e-4,6.44e-3,5.66e0,4,16.67,29,0.97,24,2983,Significant,False
iModulon_117,MA0732.2,EGR3,MCGCCCACGCA,6.93e-5,9.66e-3,8.49e0,7,29.17,132,4.43,24,2983,Significant,False
iModulon_117,MA0865.3,E2F8,TTCCCGCCA,2.95e-5,1.03e-2,9.07e0,11,45.83,341,11.43,24,2983,Significant,False
iModulon_125,MA1466.2,ATF6,TGRTGACGTGGCA,1.31e-4,4.05e-3,3.56e0,5,8.62,22,0.75,58,2949,Significant,False
iModulon_125,MA0773.1,MEF2D,DCTAWAAATAGM,7.20e-5,4.17e-3,3.66e0,5,8.62,19,0.64,58,2949,Significant,False
iModulon_125,MA0660.1,MEF2B,RCTAWAAATAGC,1.39e-4,9.13e-3,8.02e0,6,10.34,37,1.25,58,2949,Significant,False
iModulon_125,MA0151.1,Arid3a,ATYAAA,9.73e-6,1.10e-2,9.69e0,29,50.00,683,23.16,58,2949,Significant,False
iModulon_126,MA0083.3,SRF,TGMCCATATATGGKCA,3.37e-6,1.25e-4,1.10e-1,3,13.64,2,0.07,22,2985,Significant,False
iModulon_127,MA1976.2,ZNF320,GKGGGRCCMRGGGGCCWGTG,1.02e-8,3.17e-6,2.79e-3,4,28.57,3,0.10,14,2993,Significant,True
iModulon_127,MA1604.2,Ebf2,CCCAAGGGA,8.25e-8,4.71e-5,4.14e-2,8,57.14,144,4.81,14,2993,Significant,True
iModulon_127,MA1637.2,EBF3,CCCAAGGGA,1.01e-7,6.09e-5,5.35e-2,8,57.14,148,4.94,14,2993,Significant,False
iModulon_127,MA0694.2,ZBTB7B,CGACCACCGA,1.10e-6,3.44e-4,3.03e-1,4,28.57,15,0.50,14,2993,Significant,False
iModulon_127,MA0163.1,PLAG1,GGGGCCCWAGGGGG,1.26e-5,1.50e-3,1.32e0,4,28.57,30,1.00,14,2993,Significant,False
iModulon_127,MA1981.2,ZNF530,GMARGGMRAGGGGC,4.44e-6,2.20e-3,1.93e0,3,21.43,5,0.17,14,2993,Significant,False
iModulon_127,MA0695.2,ZBTB7C,CGACCACC,1.01e-5,7.45e-3,6.55e0,7,50.00,188,6.28,14,2993,Significant,False
iModulon_127,MA0696.1,ZIC1,GACCCCCYGCTGTG,9.41e-5,8.15e-3,7.17e0,4,28.57,52,1.74,14,2993,Significant,False
iModulon_133,MA0619.2,LIN54,TTTRAAT,1.42e-8,1.24e-5,1.09e-2,13,37.14,153,5.15,35,2972,Significant,True
iModulon_133,MA1588.1,ZNF136,RWATTCTTGGTTGRC,3.14e-5,3.64e-3,3.20e0,7,20.00,75,2.52,35,2972,Significant,False
iModulon_133,MA0031.2,FOXD1,GTAAACA,2.00e-5,5.67e-3,4.99e0,11,31.43,207,6.97,35,2972,Significant,False
iModulon_134,MA1964.2,SMAD2,CCAGAC,6.12e-10,6.19e-7,5.44e-4,6,11.32,2,0.07,53,2954,Significant,True
iModulon_134,MA1717.2,ZNF784,ACYTACCG,6.51e-8,1.99e-5,1.75e-2,14,26.42,127,4.30,53,2954,Significant,True
iModulon_134,MA0083.3,SRF,TGMCCATATATGGKCA,1.80e-6,5.77e-5,5.07e-2,6,11.32,17,0.58,53,2954,Significant,False
iModulon_134,MA0056.3,MZF1,AATCCCCA,1.76e-7,1.25e-4,1.10e-1,8,15.09,30,1.02,53,2954,Significant,False
iModulon_134,MA0619.2,LIN54,TTTRAAT,1.57e-7,1.85e-4,1.63e-1,6,11.32,10,0.34,53,2954,Significant,False
iModulon_134,MA2123.1,Hand1,TCCAGACCT,3.57e-7,3.63e-4,3.19e-1,11,20.75,82,2.78,53,2954,Significant,False
iModulon_134,MA0114.5,HNF4A,CAAAGTCCA,7.40e-7,4.30e-4,3.78e-1,16,30.19,210,7.11,53,2954,Significant,False
iModulon_134,MA0484.3,HNF4G,CAAAGTCCA,1.23e-6,7.17e-4,6.30e-1,14,26.42,164,5.55,53,2954,Significant,False
iModulon_134,MA0694.2,ZBTB7B,CGACCACCGA,3.02e-6,1.38e-3,1.21e0,8,15.09,46,1.56,53,2954,Significant,False
iModulon_134,MA0029.2,Mecom,AGAYAAGATAA,9.65e-6,2.11e-3,1.86e0,6,11.32,24,0.81,53,2954,Significant,False
iModulon_134,MA0784.3,POU1F1,CTMATTWGCATAWT,1.49e-5,2.72e-3,2.39e0,7,13.21,41,1.39,53,2954,Significant,False
iModulon_134,MA0646.2,GCM1,ATGCGGGTAC,1.02e-5,3.06e-3,2.69e0,4,7.55,5,0.17,53,2954,Significant,False
iModulon_134,MA1619.2,Ptf1A,ACAGCTGT,4.20e-6,3.81e-3,3.35e0,7,13.21,33,1.12,53,2954,Significant,False
iModulon_134,MA1641.2,MYF5,ACAGCTGT,5.00e-6,3.84e-3,3.38e0,7,13.21,34,1.15,53,2954,Significant,False
iModulon_134,MA1472.3,Bhlha15,ACAGCTGT,5.00e-6,3.94e-3,3.46e0,7,13.21,34,1.15,53,2954,Significant,False
iModulon_134,MA1153.2,Smad4,TGTCTRG,6.29e-6,4.54e-3,3.99e0,6,11.32,22,0.74,53,2954,Significant,False
iModulon_134,MA1553.2,RARG,AGGTCATGACCTY,3.44e-5,5.21e-3,4.58e0,6,11.32,31,1.05,53,2954,Significant,False
iModulon_139,MA0517.2,STAT1::STAT2,AGTTTCRKTTTCY,6.74e-23,4.67e-20,4.11e-17,21,38.89,43,1.46,54,2953,Significant,True
iModulon_139,MA0050.4,Irf1,TGAAACTGAAA,6.71e-18,7.29e-15,6.41e-12,19,35.19,59,2.00,54,2953,Significant,True
iModulon_139,MA0772.2,IRF7,CGAAARYGAAAVT,2.06e-16,5.49e-14,4.82e-11,23,42.59,135,4.57,54,2953,Significant,True
iModulon_139,MA1419.2,IRF4,CGAAACCGAAACYA,2.87e-13,1.32e-11,1.16e-8,13,24.07,33,1.12,54,2953,Significant,True
iModulon_139,MA1418.2,IRF3,RRAAMGGAAACCGAAAC,3.39e-13,4.61e-11,4.06e-8,18,33.33,99,3.35,54,2953,Significant,True
iModulon_139,MA0653.1,IRF9,AACGAAACCGAAACT,2.27e-11,1.18e-9,1.04e-6,12,22.22,38,1.29,54,2953,Significant,True
iModulon_139,MA1623.2,Stat2,GAAACAGAAA,4.74e-12,6.72e-9,5.91e-6,17,31.48,100,3.39,54,2953,Significant,True
iModulon_139,MA1420.1,IRF5,CCGAAACCGAAACY,4.34e-11,9.42e-9,8.28e-6,18,33.33,136,4.61,54,2953,Significant,True
iModulon_139,MA0652.2,IRF8,CGAAACCGAAACT,2.61e-9,1.59e-7,1.40e-4,11,20.37,47,1.59,54,2953,Significant,True
iModulon_139,MA0051.2,IRF2,SGAAAGYGAAASCRWW,6.53e-9,6.40e-7,5.63e-4,12,22.22,67,2.27,54,2953,Significant,True
iModulon_139,MA1624.2,Stat5a,TTCCAAGAA,6.80e-8,5.78e-5,5.08e-2,6,11.11,8,0.27,54,2953,Significant,False
iModulon_139,MA0107.1,RELA,GGGRATTTCC,1.20e-5,3.88e-3,3.41e0,12,22.22,143,4.84,54,2953,Significant,False
iModulon_139,MA0519.2,Stat5a::Stat5b,TTCCMAGAA,1.09e-5,8.95e-3,7.86e0,7,12.96,38,1.29,54,2953,Significant,False
iModulon_140,MA0701.3,LHX9,CYAATTA,2.21e-5,1.09e-2,9.59e0,9,12.68,59,2.01,71,2936,Significant,False
iModulon_141,MA0150.3,Nfe2l2,ATGACTCAGCA,6.59e-7,2.81e-4,2.47e-1,6,22.22,32,1.07,27,2980,Significant,False
iModulon_141,MA0591.2,Bach1::Mafk,SATGACTCAGCA,1.49e-6,3.33e-4,2.93e-1,8,29.63,92,3.09,27,2980,Significant,False
iModulon_141,MA0501.2,MAF::NFE2,ATGACTCAGCA,1.63e-6,5.25e-4,4.62e-1,6,22.22,38,1.28,27,2980,Significant,False
iModulon_141,MA0089.3,MAFG::NFE2L1,ATGACTCAGCA,2.13e-6,6.50e-4,5.71e-1,6,22.22,40,1.34,27,2980,Significant,False
iModulon_141,MA0659.4,Mafg,GMTGACTCAGCA,1.04e-5,4.84e-3,4.26e0,12,44.44,321,10.77,27,2980,Significant,False
iModulon_141,MA0496.4,MAFK,MTGACTCAGC,1.65e-5,1.13e-2,9.90e0,12,44.44,336,11.28,27,2980,Significant,False
iModulon_145,MA0870.1,Sox1,AACAATANCATTGTT,9.28e-5,2.32e-3,2.04e0,3,20.00,16,0.53,15,2992,Significant,False
iModulon_147,MA1644.2,NFYC,CCAATCA,1.47e-5,9.98e-3,8.78e0,5,11.36,18,0.61,44,2963,Significant,False
