Project,SampleID,Media
2014_11_CHOS_baseline,P1796_101,CD CHO (8mM GLN)
2014_11_CHOS_baseline,P1796_102,CD CHO (8mM GLN)
2014_11_CHOS_baseline,P1796_103,CD CHO (8mM GLN)
2014_11_CHOS_baseline,P1796_104,CD CHO (8mM GLN)
2014_11_CHOS_baseline,P1796_105,CD CHO (8mM GLN)
2014_11_CHOS_baseline,P1796_106,CD CHO (8mM GLN)
2014_11_CHOS_baseline,P1796_107,CD CHO (8mM GLN)
2014_11_CHOS_baseline,P1796_108,CD CHO (8mM GLN)
2014_11_CHOS_baseline,P1796_109,CD CHO (8mM GLN)
2014_11_CHOS_baseline,P1796_110,CD CHO (8mM GLN)
2014_11_CHOS_baseline,P1796_111,CD CHO (8mM GLN)
2014_11_CHOS_baseline,P1796_112,CD CHO (8mM GLN)
2014_11_CHOS_baseline,P1796_113,CD CHO (8mM GLN)
2014_11_CHOS_baseline,P1796_114,CD CHO (8mM GLN)
2014_11_CHOS_baseline,P1796_115,CD CHO (8mM GLN)
2014_11_CHOS_baseline,P1796_116,CD CHO (8mM GLN)
2014_11_CHOS_baseline,P1796_117,CD CHO (8mM GLN)
2014_11_CHOS_baseline,P1796_118,CD CHO (8mM GLN)
2014_11_CHOS_baseline,P1796_119,CD CHO (8mM GLN)
2014_11_CHOS_baseline,P1796_120,CD CHO (8mM GLN)
2014_11_CHOS_baseline,P1796_121,CD CHO (8mM GLN)
2014_11_CHOS_baseline,P1796_122,CD CHO (8mM GLN)
2014_11_CHOS_baseline,P1796_323,CD CHO (8mM GLN)
2014_11_CHOS_baseline,P1796_124,CD CHO (8mM GLN)
2014_11_CHOS_baseline,P1796_125,CD CHO (8mM GLN)
2014_11_CHOS_baseline,P1796_126,CD CHO (8mM GLN)
2014_11_CHOS_baseline,P1796_127,CD CHO (8mM GLN)
2014_11_CHOS_baseline,P1796_128,CD CHO (8mM GLN)
2014_11_CHOS_baseline,P1796_129,CD CHO (8mM GLN)
2014_11_CHOS_baseline,P1796_130,CD CHO (8mM GLN)
2014_11_CHOS_baseline,P1796_131,CD CHO (8mM GLN)
2014_11_CHOS_baseline,P1796_132,CD CHO (8mM GLN)
2014_11_CHOS_baseline,P1796_133,CD CHO (8mM GLN)
2014_11_CHOS_baseline,P1796_134,CD CHO (8mM GLN)
2014_11_CHOS_baseline,P1796_135,CD CHO (8mM GLN)
2014_11_CHOS_baseline,P1796_136,CD CHO (8mM GLN)
2014_11_CHOS_baseline,P1796_137,CD CHO (8mM GLN)
2014_11_CHOS_baseline,P1796_138,CD CHO (8mM GLN)
2014_11_CHOS_baseline,P1796_139,CD CHO (8mM GLN)
2014_11_CHOS_baseline,P1796_140,CD CHO (8mM GLN)
2014_11_CHOS_baseline,P1796_141,CD CHO (8mM GLN)
2014_11_CHOS_baseline,P1796_142,CD CHO (8mM GLN)
2014_11_CHOS_baseline,P1796_143,CD CHO (8mM GLN)
2014_11_CHOS_baseline,P1796_144,CD CHO (8mM GLN)
2014_11_CHOS_baseline,P1796_145,CD CHO (8mM GLN)
2014_11_CHOS_baseline,P1796_146,CD CHO (8mM GLN)
2014_11_CHOS_baseline,P1796_147,CD CHO (8mM GLN)
2014_11_CHOS_baseline,P1796_148,CD CHO (8mM GLN)
2014_11_CHOS_baseline,P1796_149,CD CHO (8mM GLN)
2014_11_CHOS_baseline,P1796_150,CD CHO (8mM GLN)
2014_11_CHOS_baseline,P1796_151,CD CHO (8mM GLN)
2014_11_CHOS_baseline,P1796_152,CD CHO (8mM GLN)
2014_11_CHOS_baseline,P1796_153,CD CHO (8mM GLN)
2014_11_CHOS_baseline,P1796_154,CD CHO (8mM GLN)
2014_11_CHOS_baseline,P1796_155,CD CHO (8mM GLN)
2014_11_CHOS_baseline,P1796_156,CD CHO (8mM GLN)
2014_11_CHOS_baseline,P1796_157,CD CHO (8mM GLN)
2014_11_CHOS_baseline,P1796_158,CD CHO (8mM GLN)
2014_11_CHOS_baseline,P1796_159,CD CHO (8mM GLN)
2014_11_CHOS_baseline,P1796_160,CD CHO (8mM GLN)
2014_11_CHOS_baseline,P1796_161,CD CHO (8mM GLN)
2014_11_CHOS_baseline,P1796_162,CD CHO (8mM GLN)
2014_11_CHOS_baseline,P1796_163,CD CHO (8mM GLN)
2014_11_CHOS_baseline,P1796_164,CD CHO (8mM GLN)
2014_11_CHOS_baseline,P1796_165,CD CHO (8mM GLN)
2014_11_CHOS_baseline,P1796_166,CD CHO (8mM GLN)
2014_11_CHOS_baseline,P1796_167,CD CHO (8mM GLN)
2014_11_CHOS_baseline,P1796_168,CD CHO (8mM GLN)
2014_11_CHOS_baseline,P1796_169,CD CHO (8mM GLN)
2014_11_CHOS_baseline,P1796_170,CD CHO (8mM GLN)
2014_11_CHOS_baseline,P1796_171,CD CHO (8mM GLN)
2014_11_CHOS_baseline,P1796_172,CD CHO (8mM GLN)
2014_11_CHOS_baseline,P1796_173,CD CHO (8mM GLN)
2014_11_CHOS_baseline,P1796_174,CD CHO (8mM GLN)
2014_11_CHOS_baseline,P1796_175,CD CHO (8mM GLN)
2014_11_CHOS_baseline,P1796_176,CD CHO (8mM GLN)
2014_11_CHOS_baseline,P1796_177,CD CHO (8mM GLN)
2014_11_CHOS_baseline,P1796_178,CD CHO (8mM GLN)
2014_11_CHOS_baseline,P1796_179,CD CHO (8mM GLN)
2014_11_CHOS_baseline,P1796_180,CD CHO (8mM GLN)
2014_11_CHOS_baseline,P1796_181,CD CHO (8mM GLN)
2014_11_CHOS_baseline,P1796_182,CD CHO (8mM GLN)
2014_11_CHOS_baseline,P1796_183,CD CHO (8mM GLN)
2014_11_CHOS_baseline,P1796_184,CD CHO (8mM GLN)
2014_11_CHOS_baseline,P1796_185,CD CHO (8mM GLN)
2014_11_CHOS_baseline,P1796_186,CD CHO (8mM GLN)
2014_11_CHOS_baseline,P1796_187,CD CHO (8mM GLN)
2014_11_CHOS_baseline,P1796_188,CD CHO (8mM GLN)
2014_11_CHOS_baseline,P1796_189,CD CHO (8mM GLN)
2014_11_CHOS_baseline,P1796_190,CD CHO (8mM GLN)
2014_11_CHOS_baseline,P1796_191,CD CHO (8mM GLN)
2014_11_CHOS_baseline,P1796_192,CD CHO (8mM GLN)
2014_11_CHOS_baseline,P1796_193,CD CHO (8mM GLN)
2014_11_CHOS_baseline,P1796_194,CD CHO (8mM GLN)
2014_11_CHOS_baseline,P1796_195,CD CHO (8mM GLN)
2014_11_CHOS_baseline,P1796_196,CD CHO (8mM GLN)
2014_11_CHOS_baseline,P1796_201,CD CHO (8mM GLN)
2014_11_CHOS_baseline,P1796_202,CD CHO (8mM GLN)
2014_11_CHOS_baseline,P1796_203,CD CHO (8mM GLN)
2014_11_CHOS_baseline,P1796_204,CD CHO (8mM GLN)
2014_11_CHOS_baseline,P1796_205,CD CHO (8mM GLN)
2014_11_CHOS_baseline,P1796_206,CD CHO (8mM GLN)
2014_11_CHOS_baseline,P1796_207,CD CHO (8mM GLN)
2014_11_CHOS_baseline,P1796_208,CD CHO (8mM GLN)
2014_11_CHOS_baseline,P1796_209,CD CHO (8mM GLN)
2014_11_CHOS_baseline,P1796_210,CD CHO (8mM GLN)
2015_12_FDA_virus,EMCV1Vifn_S10,Commercial (RPMI-1040)
2015_12_FDA_virus,EMCV1Vm_S8,Commercial (RPMI-1040)
2015_12_FDA_virus,EMCV1Vpoly_S9,Commercial (RPMI-1040)
2015_12_FDA_virus,EMCV1ifn_S7,Commercial (RPMI-1040)
2015_12_FDA_virus,EMCV1m_S5,Commercial (RPMI-1040)
2015_12_FDA_virus,EMCV1poly_S6,Commercial (RPMI-1040)
2015_12_FDA_virus,EMCV2Vifn_S17,Commercial (RPMI-1040)
2015_12_FDA_virus,EMCV2Vm_S15,Commercial (RPMI-1040)
2015_12_FDA_virus,EMCV2Vpoly_S16,Commercial (RPMI-1040)
2015_12_FDA_virus,EMCV2ifn_S14,Commercial (RPMI-1040)
2015_12_FDA_virus,EMCV2m_S11,Commercial (RPMI-1040)
2015_12_FDA_virus,EMCV2poly_S13,Commercial (RPMI-1040)
2015_12_FDA_virus,MVM1IFN_S33,Commercial (RPMI-1040)
2015_12_FDA_virus,MVM1VIFN_S37,Commercial (RPMI-1040)
2015_12_FDA_virus,MVM1Vmedia_S35,Commercial (RPMI-1040)
2015_12_FDA_virus,MVM1VpolyIC_S36,Commercial (RPMI-1040)
2015_12_FDA_virus,MVM1media_S31,Commercial (RPMI-1040)
2015_12_FDA_virus,MVM1polyIC_S32,Commercial (RPMI-1040)
2015_12_FDA_virus,MVM2IFN_S40,Commercial (RPMI-1040)
2015_12_FDA_virus,MVM2VIFN_S43,Commercial (RPMI-1040)
2015_12_FDA_virus,MVM2Vmedia_S41,Commercial (RPMI-1040)
2015_12_FDA_virus,MVM2VpolyIC_S42,Commercial (RPMI-1040)
2015_12_FDA_virus,MVM2media_S38,Commercial (RPMI-1040)
2015_12_FDA_virus,MVM2polyIC_S39,Commercial (RPMI-1040)
2015_12_FDA_virus,Reo1Vifn_S24,Commercial (RPMI-1040)
2015_12_FDA_virus,Reo1Vpoly_S22,Commercial (RPMI-1040)
2015_12_FDA_virus,Reo1ifn_S20,Commercial (RPMI-1040)
2015_12_FDA_virus,Reo1m_S18,Commercial (RPMI-1040)
2015_12_FDA_virus,Reo1poly_S19,Commercial (RPMI-1040)
2015_12_FDA_virus,Reo3Vifn_S30,Commercial (RPMI-1040)
2015_12_FDA_virus,Reo3Vpoly_S29,Commercial (RPMI-1040)
2015_12_FDA_virus,Reo3ifn_S27,Commercial (RPMI-1040)
2015_12_FDA_virus,Reo3m_S25,Commercial (RPMI-1040)
2015_12_FDA_virus,Reo3poly_S26,Commercial (RPMI-1040)
2015_12_FDA_virus,VSV1Vifn_S45,Commercial (RPMI-1040)
2015_12_FDA_virus,VSV1Vm_S34,Commercial (RPMI-1040)
2015_12_FDA_virus,VSV1Vpoly_S44,Commercial (RPMI-1040)
2015_12_FDA_virus,VSV1ifn_S23,Commercial (RPMI-1040)
2015_12_FDA_virus,VSV1m_S1,Commercial (RPMI-1040)
2015_12_FDA_virus,VSV1poly_S12,Commercial (RPMI-1040)
2015_12_FDA_virus,VSV2Vifn_S4,Commercial (RPMI-1040)
2015_12_FDA_virus,VSV2Vm_S2,Commercial (RPMI-1040)
2015_12_FDA_virus,VSV2Vpoly_S3,Commercial (RPMI-1040)
2015_12_FDA_virus,VSV2ifn_S48,Commercial (RPMI-1040)
2015_12_FDA_virus,VSV2m_S46,Commercial (RPMI-1040)
2015_12_FDA_virus,VSV2poly_S47,Commercial (RPMI-1040)
2015_12_FDA_virus,reo1Vm_S21,Commercial (RPMI-1040)
2015_12_FDA_virus,reo3Vm_S28,Commercial (RPMI-1040)
2016_03_CHOS_bioreactor,Bio101-P2_S1,
2016_03_CHOS_bioreactor,Bio101-P4_S5,
2016_03_CHOS_bioreactor,Bio101-P5_S9,
2016_03_CHOS_bioreactor,Bio101-P7_S13,
2016_03_CHOS_bioreactor,Bio101-P10_S17,
2016_03_CHOS_bioreactor,Bio102-P2_S21,
2016_03_CHOS_bioreactor,Bio102-P5_S24,
2016_03_CHOS_bioreactor,Bio102-P7_S27,
2016_03_CHOS_bioreactor,Bio102-P10_S2,
2016_03_CHOS_bioreactor,Bio109-P2_S6,
2016_03_CHOS_bioreactor,Bio109-P4_S10,
2016_03_CHOS_bioreactor,Bio109-P6_S14,
2016_03_CHOS_bioreactor,Bio109-P8_S18,
2016_03_CHOS_bioreactor,Bio109-P12_S22,
2016_03_CHOS_bioreactor,Bio110-P2_S25,
2016_03_CHOS_bioreactor,Bio110-P4_S28,
2016_03_CHOS_bioreactor,Bio110-P6_S3,
2016_03_CHOS_bioreactor,Bio110-P8_S7,
2016_03_CHOS_bioreactor,Bio110-P12_S11,
2016_03_CHOS_bioreactor,Bio117-P2_S15,
2016_03_CHOS_bioreactor,Bio117-P4_S19,
2016_03_CHOS_bioreactor,Bio117-P6_S23,
2016_03_CHOS_bioreactor,Bio117-P8_S26,
2016_03_CHOS_bioreactor,Bio117-P12_S29,
2016_03_CHOS_bioreactor,Bio118-P2_S4,
2016_03_CHOS_bioreactor,Bio118-P4_S8,
2016_03_CHOS_bioreactor,Bio118-P6_S12,
2016_03_CHOS_bioreactor,Bio118-P8_S16,
2016_03_CHOS_bioreactor,Bio118-P12_S20,
2016_05_HH_L,Bio141P2_S1,CD CHO (8mM GLN)
2016_05_HH_L,Bio141P4_S2,CD CHO (8mM GLN)
2016_05_HH_L,Bio141P6_S3,CD CHO (8mM GLN)
2016_05_HH_L,Bio141P8_S4,CD CHO (8mM GLN)
2016_05_HH_L,Bio141P12_S5,CD CHO (8mM GLN)
2016_05_HH_L,Bio141P14_S6,CD CHO (8mM GLN)
2016_05_HH_L,Bio142P2_S7,CD CHO (8mM GLN)
2016_05_HH_L,Bio142P4_S8,CD CHO (8mM GLN)
2016_05_HH_L,Bio142P6_S9,CD CHO (8mM GLN)
2016_05_HH_L,Bio142P8_S10,CD CHO (8mM GLN)
2016_05_HH_L,Bio142P12_S11,CD CHO (8mM GLN)
2016_05_HH_L,Bio142P14_S12,CD CHO (8mM GLN)
2016_05_HH_L,Bio143P2_S13,CD CHO (8mM GLN)
2016_05_HH_L,Bio143P4_S14,CD CHO (8mM GLN)
2016_05_HH_L,Bio143P6_S15,CD CHO (8mM GLN)
2016_05_HH_L,Bio143P8_S16,CD CHO (8mM GLN)
2016_05_HH_L,Bio143P14_S17,CD CHO (8mM GLN)
2016_05_HH_L,Bio144P4_S18,CD CHO (8mM GLN)
2016_05_HH_L,Bio144P6_S19,CD CHO (8mM GLN)
2016_05_HH_L,Bio144P8_S20,CD CHO (8mM GLN)
2016_05_HH_L,Bio144P14_S21,CD CHO (8mM GLN)
2016_05_HH_L,Bio145P2_S22,CD CHO (8mM GLN)
2016_05_HH_L,Bio145P4_S23,CD CHO (8mM GLN)
2016_05_HH_L,Bio145P8_S24,CD CHO (8mM GLN)
2016_05_HH_L,Bio145P12_S25,CD CHO (8mM GLN)
2016_05_HH_L,Bio145P14_S26,CD CHO (8mM GLN)
2016_05_HH_L,Bio146P2_S27,CD CHO (8mM GLN)
2016_05_HH_L,Bio146P4_S28,CD CHO (8mM GLN)
2016_05_HH_L,Bio146P6_S29,CD CHO (8mM GLN)
2016_05_HH_L,Bio146P8_S30,CD CHO (8mM GLN)
2016_05_HH_L,Bio146P12_S31,CD CHO (8mM GLN)
2016_05_HH_L,Bio146P14_S32,CD CHO (8mM GLN)
2016_05_HH_L,Bio147P2_S33,CD CHO (8mM GLN)
2016_05_HH_L,Bio147P4_S34,CD CHO (8mM GLN)
2016_05_HH_L,Bio147P6_S35,CD CHO (8mM GLN)
2016_05_HH_L,Bio147P8_S36,CD CHO (8mM GLN)
2016_05_HH_L,Bio147P14_S37,CD CHO (8mM GLN)
2016_05_HH_L,Bio148P2_S38,CD CHO (8mM GLN)
2016_05_HH_L,Bio148P4_S39,CD CHO (8mM GLN)
2016_05_HH_L,Bio148P6_S40,CD CHO (8mM GLN)
2016_05_HH_L,Bio148P8_S41,CD CHO (8mM GLN)
2016_05_HH_L,Bio148P12_S42,CD CHO (8mM GLN)
2016_05_HH_L,Bio148P14_S43,CD CHO (8mM GLN)
2017_04_09_4X_Lact_mutants,1-C5_S8,
2017_04_09_4X_Lact_mutants,1-D6_S7,
2017_04_09_4X_Lact_mutants,2-D5_S6,
2017_04_09_4X_Lact_mutants,2-G1_S5,
2017_04_09_4X_Lact_mutants,3-C4_S4,
2017_04_09_4X_Lact_mutants,3-D8_S3,
2017_04_09_4X_Lact_mutants,3-G12_S2,
2017_04_09_4X_Lact_mutants,3-H9_S1,
2017_04_09_4X_Lact_mutants,4-B6_S13,
2017_04_09_4X_Lact_mutants,4-B7_S12,
2017_04_09_4X_Lact_mutants,4-C12_S10,
2017_04_09_4X_Lact_mutants,4-C9_S11,
2017_04_09_4X_Lact_mutants,4-H9_S9,
2017_04_09_4X_Lact_mutants,WT_S14,
2017_08_09_Lact_prod,Bio229P5_S1,
2017_08_09_Lact_prod,Bio229P7_S9,
2017_08_09_Lact_prod,Bio229P8_S17,
2017_08_09_Lact_prod,Bio229P12_S23,
2017_08_09_Lact_prod,Bio229P14_S30,
2017_08_09_Lact_prod,Bio230P5_S2,
2017_08_09_Lact_prod,Bio230P7_S10,
2017_08_09_Lact_prod,Bio231P5_S3,
2017_08_09_Lact_prod,Bio231P7_S11,
2017_08_09_Lact_prod,Bio231P8_S19,
2017_08_09_Lact_prod,Bio231P12_S25,
2017_08_09_Lact_prod,Bio231P14_S32,
2017_08_09_Lact_prod,Bio232P5_S4,
2017_08_09_Lact_prod,Bio232P7_S12,
2017_08_09_Lact_prod,Bio232P8_S20,
2017_08_09_Lact_prod,Bio232P12_S26,
2017_08_09_Lact_prod,Bio232P14_S33,
2017_08_09_Lact_prod,Bio233P5_S5,
2017_08_09_Lact_prod,Bio233P7_S13,
2017_08_09_Lact_prod,Bio233P8_S21,
2017_08_09_Lact_prod,Bio233P12_S27,
2017_08_09_Lact_prod,Bio233P14_S34,
2017_08_09_Lact_prod,Bio234P5_S6,
2017_08_09_Lact_prod,Bio234P7_S14,
2017_08_09_Lact_prod,Bio234P12_S28,
2017_08_09_Lact_prod,Bio234P14_S35,
2017_08_09_Lact_prod,Bio235P5_S7,
2017_08_09_Lact_prod,Bio235P7_S15,
2017_08_09_Lact_prod,Bio236P5_S8,
2017_08_09_Lact_prod,Bio236P7_S16,
2017_08_09_Lact_prod,Bio236P12_S29,
2017_08_09_Lact_prod,Bio236P14_S36,
2017_08_09_Lact_prod,Bio238P8_S18,
2017_10_ZeLa_C13,CHOS68-1_S5,
2017_10_ZeLa_C13,CHOS68-2_S6,
2017_10_ZeLa_C13,CHOS68-3_S7,
2017_10_ZeLa_C13,CHOS71-1_S2,
2017_10_ZeLa_C13,CHOS71-2_S3,
2017_10_ZeLa_C13,CHOS71-3_S4,
2017_10_ZeLa_C13,CHOZL71-1_S8,
2017_10_ZeLa_C13,CHOZL71-2_S9,
2017_10_ZeLa_C13,CHOZL71-3_S10,
2019_02_GFI1_TRIM24_noVirus,1-1_S1,CD CHO (8mM GLN)
2019_02_GFI1_TRIM24_noVirus,1-2_S2,CD CHO (8mM GLN)
2019_02_GFI1_TRIM24_noVirus,1-3_S3,CD CHO (8mM GLN)
2019_02_GFI1_TRIM24_noVirus,2-1_S4,CD CHO (8mM GLN)
2019_02_GFI1_TRIM24_noVirus,2-2_S5,CD CHO (8mM GLN)
2019_02_GFI1_TRIM24_noVirus,2-3_S8,CD CHO (8mM GLN)
2019_02_GFI1_TRIM24_noVirus,3-1_S9,CD CHO (8mM GLN)
2019_02_GFI1_TRIM24_noVirus,3-2_S10,CD CHO (8mM GLN)
2019_02_GFI1_TRIM24_noVirus,3-3_S11,CD CHO (8mM GLN)
2019_02_GFI1_TRIM24_noVirus,4-1_S6,CD CHO (8mM GLN)
2019_02_GFI1_TRIM24_noVirus,4-2_S12,CD CHO (8mM GLN)
2019_02_GFI1_TRIM24_noVirus,4-3_S7,CD CHO (8mM GLN)
2019_02_GFI1_TRIM24_noVirus,5-1_S13,CD CHO (8mM GLN)
2019_02_GFI1_TRIM24_noVirus,5-2_S14,CD CHO (8mM GLN)
2019_02_GFI1_TRIM24_noVirus,5-3_S15,CD CHO (8mM GLN)
2019_02_GFI1_TRIM24_noVirus,6-1_S16,CD CHO (8mM GLN)
2019_02_GFI1_TRIM24_noVirus,6-2_S17,CD CHO (8mM GLN)
2019_02_GFI1_TRIM24_noVirus,6-3_S18,CD CHO (8mM GLN)
2019_02_GFI1_TRIM24_noVirus,7-1_S19,CD CHO (8mM GLN)
2019_02_GFI1_TRIM24_noVirus,7-2_S20,CD CHO (8mM GLN)
2019_02_GFI1_TRIM24_noVirus,7-3_S21,CD CHO (8mM GLN)
2019_02_GFI1_TRIM24_noVirus,8-1_S22,CD CHO (8mM GLN)
2019_02_GFI1_TRIM24_noVirus,8-2_S23,CD CHO (8mM GLN)
2019_02_GFI1_TRIM24_noVirus,8-3_S24,CD CHO (8mM GLN)
2019_12_BD_pilot_A1AT,1-48hrs_S2,
2019_12_BD_pilot_A1AT,1-72hrs_S11,
2019_12_BD_pilot_A1AT,1-96hrs_S20,
2019_12_BD_pilot_A1AT,2-48hrs_S3,
2019_12_BD_pilot_A1AT,2-72hrs_S12,
2019_12_BD_pilot_A1AT,2-96hrs_S21,
2019_12_BD_pilot_A1AT,3-48hrs_S4,
2019_12_BD_pilot_A1AT,3-72hrs_S13,
2019_12_BD_pilot_A1AT,3-96hrs_S22,
2019_12_BD_pilot_A1AT,4-48hrs_S5,
2019_12_BD_pilot_A1AT,4-72hrs_S14,
2019_12_BD_pilot_A1AT,4-96hrs_S23,
2019_12_BD_pilot_A1AT,5-48hrs_S6,
2019_12_BD_pilot_A1AT,5-72hrs_S15,
2019_12_BD_pilot_A1AT,6-48hrs_S7,
2019_12_BD_pilot_A1AT,6-72hrs_S16,
2019_12_BD_pilot_A1AT,6-96hrs_S24,
2019_12_BD_pilot_A1AT,7-48hrs_S8,
2019_12_BD_pilot_A1AT,7-72hrs_S17,
2019_12_BD_pilot_A1AT,7-96hrs_S25,
2019_12_BD_pilot_A1AT,8-48hrs_S9,
2019_12_BD_pilot_A1AT,8-72hrs_S18,
2019_12_BD_pilot_A1AT,8-96hrs_S26,
2019_12_BD_pilot_A1AT,9-48hrs_S10,
2019_12_BD_pilot_A1AT,9-72hrs_S19,
2019_12_BD_pilot_A1AT,9-96hrs_S27,
2019_12_BD_pilot_A1AT,CHO-Swt_S1,
2019_BD_Pilot_Set2_48h_72h,R-48-1-C9-1_S7,
2019_BD_Pilot_Set2_48h_72h,R-48-1-C9-2_S8,
2019_BD_Pilot_Set2_48h_72h,R-48-1-C9-3_S9,
2019_BD_Pilot_Set2_48h_72h,R-72-1-C9-1_S25,
2019_BD_Pilot_Set2_48h_72h,R-72-1-C9-2_S26,
2019_BD_Pilot_Set2_48h_72h,R-72-1-C9-3_S27,
2019_BD_Pilot_Set2_48h_72h,R-48-2-B3-1_S10,
2019_BD_Pilot_Set2_48h_72h,R-48-2-B3-2_S11,
2019_BD_Pilot_Set2_48h_72h,R-48-2-B3-3_S12,
2019_BD_Pilot_Set2_48h_72h,R-72-2-B3-1_S28,
2019_BD_Pilot_Set2_48h_72h,R-72-2-B3-2_S29,
2019_BD_Pilot_Set2_48h_72h,R-72-2-B3-3_S30,
2019_BD_Pilot_Set2_48h_72h,R-48-2-C4-1_S13,
2019_BD_Pilot_Set2_48h_72h,R-48-2-C4-2_S14,
2019_BD_Pilot_Set2_48h_72h,R-48-2-C4-3_S15,
2019_BD_Pilot_Set2_48h_72h,R-72-2-C4-2_S32,
2019_BD_Pilot_Set2_48h_72h,R-72-2-C4-3_S33,
2019_BD_Pilot_Set2_48h_72h,R-48-2-H9-1_S16,
2019_BD_Pilot_Set2_48h_72h,R-48-2-H9-2_S17,
2019_BD_Pilot_Set2_48h_72h,R-48-2-H9-3_S18,
2019_BD_Pilot_Set2_48h_72h,R-72-2-H9-1_S34,
2019_BD_Pilot_Set2_48h_72h,R-72-2-H9-2_S35,
2019_BD_Pilot_Set2_48h_72h,R-72-2-H9-3_S36,
2019_BD_Pilot_Set2_48h_72h,R-48-Pool-B-1_S4,
2019_BD_Pilot_Set2_48h_72h,R-48-Pool-B-2_S5,
2019_BD_Pilot_Set2_48h_72h,R-48-Pool-B-3_S6,
2019_BD_Pilot_Set2_48h_72h,R-72-Pool-B-1_S22,
2019_BD_Pilot_Set2_48h_72h,R-72-Pool-B-2_S23,
2019_BD_Pilot_Set2_48h_72h,R-72-Pool-B-3_S24,
2019_BD_Pilot_Set2_48h_72h,R-48-WT-B-1_S1,
2019_BD_Pilot_Set2_48h_72h,R-48-WT-B-2_S2,
2019_BD_Pilot_Set2_48h_72h,R-48-WT-B-3_S3,
2019_BD_Pilot_Set2_48h_72h,R-72-WT-B-1_S19,
2019_BD_Pilot_Set2_48h_72h,R-72-WT-B-2_S20,
2019_BD_Pilot_Set2_48h_72h,R-72-WT-B-3_S21,
2020_02_12_ZeN,2Aplus_S7,
2020_02_12_ZeN,2Bplus_S8,
2020_02_12_ZeN,2Cplus_S9,
2020_02_12_ZeN,6Aplus_S10,
2020_02_12_ZeN,6Bplus_S11,
2020_02_12_ZeN,6Cplus_S12,
2020_02_12_ZeN,D2-Z-1_S1,
2020_02_12_ZeN,D2-Z-2_S2,
2020_02_12_ZeN,D2-Z-3_S3,
2020_02_12_ZeN,D2-Z-ZeLa-1_S4,
2020_02_12_ZeN,D2-Z-ZeLa-2_S5,
2020_02_12_ZeN,D2-Z-ZeLa-3_S6,
2020_02_12_ZeN,D3-Z-1_S13,
2020_02_12_ZeN,D3-Z-2_S14,
2020_02_12_ZeN,D3-Z-3_S15,
2020_02_12_ZeN,D3-Z-ZeLa-1_S16,
2020_02_12_ZeN,D3-Z-ZeLa-2_S17,
2020_03_18_CBD3_CBD6,CC005_S13,CD CHO (8mM GLN)
2020_03_18_CBD3_CBD6,CC006_S25,CD CHO (8mM GLN)
2020_03_18_CBD3_CBD6,CC007_S37,CD CHO (8mM GLN)
2020_03_18_CBD3_CBD6,CC011_S2,CD CHO (8mM GLN)
2020_03_18_CBD3_CBD6,CC012_S14,CD CHO (8mM GLN)
2020_03_18_CBD3_CBD6,CC013_S26,CD CHO (8mM GLN)
2020_03_18_CBD3_CBD6,CC014_S38,CD CHO (8mM GLN)
2020_03_18_CBD3_CBD6,CC017_S74,CD CHO (8mM GLN)
2020_03_18_CBD3_CBD6,CC018_S86,CD CHO (8mM GLN)
2020_03_18_CBD3_CBD6,CC019_S3,CD CHO (8mM GLN)
2020_03_18_CBD3_CBD6,CC020_S15,CD CHO (8mM GLN)
2020_03_18_CBD3_CBD6,CC021_S39,CD CHO (8mM GLN)
2020_03_18_CBD3_CBD6,CC022_S51,CD CHO (8mM GLN)
2020_03_18_CBD3_CBD6,CC023_S63,CD CHO (8mM GLN)
2020_03_18_CBD3_CBD6,CC024_S75,CD CHO (8mM GLN)
2020_03_18_CBD3_CBD6,CC025_S87,CD CHO (8mM GLN)
2020_03_18_CBD3_CBD6,CC026_S27,CD CHO (8mM GLN)
2020_03_18_CBD3_CBD6,CC033_S76,CD CHO (8mM GLN)
2020_03_18_CBD3_CBD6,CC034_S4,CD CHO (8mM GLN)
2020_03_18_CBD3_CBD6,CC035_S16,CD CHO (8mM GLN)
2020_03_18_CBD3_CBD6,CC036_S40,CD CHO (8mM GLN)
2020_03_18_CBD3_CBD6,CC037_S52,CD CHO (8mM GLN)
2020_03_18_CBD3_CBD6,CC038_S64,CD CHO (8mM GLN)
2020_03_18_CBD3_CBD6,CC039_S88,CD CHO (8mM GLN)
2020_03_18_CBD3_CBD6,CC040_S5,CD CHO (8mM GLN)
2020_03_18_CBD3_CBD6,CC041_S17,CD CHO (8mM GLN)
2020_03_18_CBD3_CBD6,CC042_S29,CD CHO (8mM GLN)
2020_03_18_CBD3_CBD6,CC043_S41,CD CHO (8mM GLN)
2020_03_18_CBD3_CBD6,CC044_S53,CD CHO (8mM GLN)
2020_03_18_CBD3_CBD6,CC046_S77,CD CHO (8mM GLN)
2020_03_18_CBD3_CBD6,CC048_S6,CD CHO (8mM GLN)
2020_03_18_CBD3_CBD6,CC049_S18,CD CHO (8mM GLN)
2020_03_18_CBD3_CBD6,CC050_S42,CD CHO (8mM GLN)
2020_03_18_CBD3_CBD6,CC051_S54,CD CHO (8mM GLN)
2020_03_18_CBD3_CBD6,CC052_S66,CD CHO (8mM GLN)
2020_03_18_CBD3_CBD6,CC053_S78,CD CHO (8mM GLN)
2020_03_18_CBD3_CBD6,CC054_S90,CD CHO (8mM GLN)
2020_03_18_CBD3_CBD6,CC055_S30,CD CHO (8mM GLN)
2020_03_18_CBD3_CBD6,CC062_S67,CD CHO (8mM GLN)
2020_03_18_CBD3_CBD6,CC063_S7,CD CHO (8mM GLN)
2020_03_18_CBD3_CBD6,CC064_S19,CD CHO (8mM GLN)
2020_03_18_CBD3_CBD6,CC065_S31,CD CHO (8mM GLN)
2020_03_18_CBD3_CBD6,CC066_S43,CD CHO (8mM GLN)
2020_03_18_CBD3_CBD6,CC067_S55,CD CHO (8mM GLN)
2020_03_18_CBD3_CBD6,CC068_S79,CD CHO (8mM GLN)
2020_03_18_CBD3_CBD6,CC069_S91,CD CHO (8mM GLN)
2020_03_18_CBD3_CBD6,CC070_S8,CD CHO (8mM GLN)
2020_03_18_CBD3_CBD6,CC071_S20,CD CHO (8mM GLN)
2020_03_18_CBD3_CBD6,CC072_S32,CD CHO (8mM GLN)
2020_03_18_CBD3_CBD6,CC073_S44,CD CHO (8mM GLN)
2020_03_18_CBD3_CBD6,CC074_S56,CD CHO (8mM GLN)
2020_03_18_CBD3_CBD6,CC076_S80,CD CHO (8mM GLN)
2020_03_18_CBD3_CBD6,CC077_S92,CD CHO (8mM GLN)
2020_03_18_CBD3_CBD6,CC078_S9,CD CHO (8mM GLN)
2020_03_18_CBD3_CBD6,CC079_S33,CD CHO (8mM GLN)
2020_03_18_CBD3_CBD6,CC080_S45,CD CHO (8mM GLN)
2020_03_18_CBD3_CBD6,CC081_S57,CD CHO (8mM GLN)
2020_03_18_CBD3_CBD6,CC084_S21,CD CHO (8mM GLN)
2020_03_18_CBD3_CBD6,CC091_S70,CD CHO (8mM GLN)
2020_03_18_CBD3_CBD6,CC092_S10,CD CHO (8mM GLN)
2020_03_18_CBD3_CBD6,CC093_S22,CD CHO (8mM GLN)
2020_03_18_CBD3_CBD6,CC094_S34,CD CHO (8mM GLN)
2020_03_18_CBD3_CBD6,CC095_S46,CD CHO (8mM GLN)
2020_03_18_CBD3_CBD6,CC096_S58,CD CHO (8mM GLN)
2020_03_18_CBD3_CBD6,CC097_S82,CD CHO (8mM GLN)
2020_03_18_CBD3_CBD6,CC099_S11,CD CHO (8mM GLN)
2020_03_18_CBD3_CBD6,CC100_S23,CD CHO (8mM GLN)
2020_03_18_CBD3_CBD6,CC101_S35,CD CHO (8mM GLN)
2020_03_18_CBD3_CBD6,CC102_S47,CD CHO (8mM GLN)
2020_03_18_CBD3_CBD6,CC106_S95,CD CHO (8mM GLN)
2020_03_18_CBD3_CBD6,CC107_S12,CD CHO (8mM GLN)
2020_03_18_CBD3_CBD6,CC108_S36,CD CHO (8mM GLN)
2020_03_18_CBD3_CBD6,CC109_S48,CD CHO (8mM GLN)
2020_03_18_CBD3_CBD6,CC110_S60,CD CHO (8mM GLN)
2020_03_18_CBD3_CBD6,CC113_S24,CD CHO (8mM GLN)
2020_03_18_CBD3_CBD6,CHO-S-wt_S1,
2020_03_18_CBD3_CBD6,CHO-S-wt_S28,
2020_03_18_CBD3_CBD6,CHO-S-wt_S96,
2020_07_13_CHO_DNA_Repair,CHO-K1-EJ5-GFP-ATMplus-LN-24-rep1_S84,F-12K medium
2020_07_13_CHO_DNA_Repair,CHO-K1-EJ5-GFP-ATMplus-LN-24-rep2_S85,F-12K medium
2020_07_13_CHO_DNA_Repair,CHO-K1-EJ5-GFP-ATMplus-LN-24-rep3_S86,F-12K medium
2020_07_13_CHO_DNA_Repair,CHO-K1-EJ5-GFP-ATMplus-PRKDCplus-LN-63-rep1_S87,F-12K medium
2020_07_13_CHO_DNA_Repair,CHO-K1-EJ5-GFP-ATMplus-PRKDCplus-LN-63-rep2_S88,F-12K medium
2020_07_13_CHO_DNA_Repair,CHO-K1-EJ5-GFP-ATMplus-PRKDCplus-LN-63-rep3_S89,F-12K medium
2020_07_13_CHO_DNA_Repair,CHO-K1-EJ5-GFP-WT-LN-27-rep1_S81,F-12K medium
2020_07_13_CHO_DNA_Repair,CHO-K1-EJ5-GFP-WT-LN-27-rep2_S82,F-12K medium
2020_07_13_CHO_DNA_Repair,CHO-K1-EJ5-GFP-WT-LN-27-rep3_S83,F-12K medium
2020_08_CBD7_CBD10,CC122_S13,CD CHO (8mM GLN)
2020_08_CBD7_CBD10,CC123_S25,CD CHO (8mM GLN)
2020_08_CBD7_CBD10,CC124_S37,CD CHO (8mM GLN)
2020_08_CBD7_CBD10,CC125_S49,CD CHO (8mM GLN)
2020_08_CBD7_CBD10,CC126_S61,CD CHO (8mM GLN)
2020_08_CBD7_CBD10,CC127_S85,CD CHO (8mM GLN)
2020_08_CBD7_CBD10,CC128_S2,CD CHO (8mM GLN)
2020_08_CBD7_CBD10,CC129_S14,CD CHO (8mM GLN)
2020_08_CBD7_CBD10,CC130_S26,CD CHO (8mM GLN)
2020_08_CBD7_CBD10,CC131_S38,CD CHO (8mM GLN)
2020_08_CBD7_CBD10,CC133_S62,CD CHO (8mM GLN)
2020_08_CBD7_CBD10,CC135_S86,CD CHO (8mM GLN)
2020_08_CBD7_CBD10,CC136_S3,CD CHO (8mM GLN)
2020_08_CBD7_CBD10,CC137_S15,CD CHO (8mM GLN)
2020_08_CBD7_CBD10,CC139_S51,CD CHO (8mM GLN)
2020_08_CBD7_CBD10,CC140_S63,CD CHO (8mM GLN)
2020_08_CBD7_CBD10,CC141_S75,CD CHO (8mM GLN)
2020_08_CBD7_CBD10,CC142_S87,CD CHO (8mM GLN)
2020_08_CBD7_CBD10,CC144_S73,CD CHO (8mM GLN)
2020_08_CBD7_CBD10,CC145_S50,CD CHO (8mM GLN)
2020_08_CBD7_CBD10,CC146_S27,
2020_08_CBD7_CBD10,CC150_S4,
2020_08_CBD7_CBD10,CC151_S16,
2020_08_CBD7_CBD10,CC152_S40,
2020_08_CBD7_CBD10,CC153_S52,
2020_08_CBD7_CBD10,CC154_S64,
2020_08_CBD7_CBD10,CC155_S88,
2020_08_CBD7_CBD10,CC156_S5,
2020_08_CBD7_CBD10,CC157_S17,
2020_08_CBD7_CBD10,CC158_S29,
2020_08_CBD7_CBD10,CC159_S41,
2020_08_CBD7_CBD10,CC161_S65,
2020_08_CBD7_CBD10,CC162_S77,
2020_08_CBD7_CBD10,CC163_S89,
2020_08_CBD7_CBD10,CC164_S6,
2020_08_CBD7_CBD10,CC165_S18,
2020_08_CBD7_CBD10,CC166_S42,
2020_08_CBD7_CBD10,CC167_S54,
2020_08_CBD7_CBD10,CC168_S66,
2020_08_CBD7_CBD10,CC169_S78,
2020_08_CBD7_CBD10,CC170_S90,
2020_08_CBD7_CBD10,CC172_S76,
2020_08_CBD7_CBD10,CC173_S53,
2020_08_CBD7_CBD10,CC174_S30,
2020_08_CBD7_CBD10,CC179_S7,
2020_08_CBD7_CBD10,CC180_S19,
2020_08_CBD7_CBD10,CC181_S31,
2020_08_CBD7_CBD10,CC182_S43,
2020_08_CBD7_CBD10,CC183_S55,
2020_08_CBD7_CBD10,CC184_S79,
2020_08_CBD7_CBD10,CC185_S91,
2020_08_CBD7_CBD10,CC186_S8,
2020_08_CBD7_CBD10,CC187_S20,
2020_08_CBD7_CBD10,CC188_S32,
2020_08_CBD7_CBD10,CC190_S56,
2020_08_CBD7_CBD10,CC191_S68,
2020_08_CBD7_CBD10,CC192_S80,
2020_08_CBD7_CBD10,CC193_S92,
2020_08_CBD7_CBD10,CC194_S9,
2020_08_CBD7_CBD10,CC195_S33,
2020_08_CBD7_CBD10,CC196_S45,
2020_08_CBD7_CBD10,CC197_S57,
2020_08_CBD7_CBD10,CC198_S81,
2020_08_CBD7_CBD10,CC199_S93,
2020_08_CBD7_CBD10,CC201_S67,
2020_08_CBD7_CBD10,CC202_S44,
2020_08_CBD7_CBD10,CC203_S21,
2020_08_CBD7_CBD10,CC208_S10,
2020_08_CBD7_CBD10,CC209_S22,
2020_08_CBD7_CBD10,CC210_S34,
2020_08_CBD7_CBD10,CC211_S46,
2020_08_CBD7_CBD10,CC212_S58,
2020_08_CBD7_CBD10,CC213_S82,
2020_08_CBD7_CBD10,CC214_S94,
2020_08_CBD7_CBD10,CC215_S11,
2020_08_CBD7_CBD10,CC216_S23,
2020_08_CBD7_CBD10,CC217_S35,
2020_08_CBD7_CBD10,CC219_S59,
2020_08_CBD7_CBD10,CC220_S71,
2020_08_CBD7_CBD10,CC221_S83,
2020_08_CBD7_CBD10,CC222_S95,
2020_08_CBD7_CBD10,CC223_S12,
2020_08_CBD7_CBD10,CC224_S36,
2020_08_CBD7_CBD10,CC225_S48,
2020_08_CBD7_CBD10,CC226_S60,
2020_08_CBD7_CBD10,CC227_S72,
2020_08_CBD7_CBD10,CC228_S84,
2020_08_CBD7_CBD10,CC230_S70,
2020_08_CBD7_CBD10,CC231_S47,
2020_08_CBD7_CBD10,CC232_S24,
2020_08_CBD7_CBD10,CHO-Swt_S1.1,
2020_08_CBD7_CBD10,CHO-Swt_S28,
2020_08_CBD7_CBD10,CHO-Swt_S69,
2020_08_CBD7_CBD10,CHO-Swt_S96,
2021_03_17_FcBAR_CHO,CHO-A4_Rep1_S60,CD CHO (8mM GLN)
2021_03_17_FcBAR_CHO,CHO-A4_Rep2_S61,CD CHO (8mM GLN)
2021_03_17_FcBAR_CHO,CHO-A4_Rep3_S62,CD CHO (8mM GLN)
2021_03_17_FcBAR_CHO,CHO-A6_Rep1_S63,CD CHO (8mM GLN)
2021_03_17_FcBAR_CHO,CHO-A6_Rep2_S64,CD CHO (8mM GLN)
2021_03_17_FcBAR_CHO,CHO-A6_Rep3_S65,CD CHO (8mM GLN)
2021_03_17_FcBAR_CHO,CHO-B2_Rep1_S66,CD CHO (8mM GLN)
2021_03_17_FcBAR_CHO,CHO-B2_Rep2_S67,CD CHO (8mM GLN)
2021_03_17_FcBAR_CHO,CHO-B2_Rep3_S68,CD CHO (8mM GLN)
2021_03_17_FcBAR_CHO,CHO-B5_Rep1_S69,CD CHO (8mM GLN)
2021_03_17_FcBAR_CHO,CHO-B5_Rep2_S70,CD CHO (8mM GLN)
2021_03_17_FcBAR_CHO,CHO-B5_Rep3_S71,CD CHO (8mM GLN)
2021_03_17_FcBAR_CHO,CHO-E10_Rep1_S81,CD CHO (8mM GLN)
2021_03_17_FcBAR_CHO,CHO-E10_Rep2_S82,CD CHO (8mM GLN)
2021_03_17_FcBAR_CHO,CHO-E10_Rep3_S83,CD CHO (8mM GLN)
2021_03_17_FcBAR_CHO,CHO-E6_Rep1_S72,CD CHO (8mM GLN)
2021_03_17_FcBAR_CHO,CHO-E6_Rep2_S73,CD CHO (8mM GLN)
2021_03_17_FcBAR_CHO,CHO-E6_Rep3_S74,CD CHO (8mM GLN)
2021_03_17_FcBAR_CHO,CHO-E7_Rep1_S75,CD CHO (8mM GLN)
2021_03_17_FcBAR_CHO,CHO-E7_Rep2_S76,CD CHO (8mM GLN)
2021_03_17_FcBAR_CHO,CHO-E7_Rep3_S77,CD CHO (8mM GLN)
2021_03_17_FcBAR_CHO,CHO-E9_Rep1_S78,CD CHO (8mM GLN)
2021_03_17_FcBAR_CHO,CHO-E9_Rep2_S79,CD CHO (8mM GLN)
2021_03_17_FcBAR_CHO,CHO-E9_Rep3_S80,CD CHO (8mM GLN)
2021_03_17_FcBAR_CHO,CHO-F1_Rep1_S84,CD CHO (8mM GLN)
2021_03_17_FcBAR_CHO,CHO-F1_Rep2_S85,CD CHO (8mM GLN)
2021_03_17_FcBAR_CHO,CHO-F1_Rep3_S86,CD CHO (8mM GLN)
2021_03_17_FcBAR_CHO,CHO-G12_Rep1_S87,CD CHO (8mM GLN)
2021_03_17_FcBAR_CHO,CHO-G12_Rep2_S88,CD CHO (8mM GLN)
2021_03_17_FcBAR_CHO,CHO-G12_Rep3_S89,CD CHO (8mM GLN)
2021_03_17_FcBAR_CHO,CHO-LAMA_Rep1_S90,CD CHO (8mM GLN)
2021_03_17_FcBAR_CHO,CHO-LAMA_Rep2_S91,CD CHO (8mM GLN)
2021_03_17_FcBAR_CHO,CHO-LAMA_Rep3_S92,CD CHO (8mM GLN)
GC,D5_CCM1,GC Biopharma platform basal medium
GC,D11_CCM1,GC Biopharma platform basal medium
GC,D3_ADAM,GC Biopharma platform basal medium
GC,D9_ADAM,GC Biopharma platform basal medium
GC,D4_K1B1,GC Biopharma platform basal medium
GC,D9_K1B1,GC Biopharma platform basal medium
PRJEB39258,ERR4319912,FortiCHO (Gibco)
PRJEB39258,ERR4319913,FortiCHO (Gibco)
PRJEB39258,ERR4319914,FortiCHO (Gibco)
PRJEB39258,ERR4319915,FortiCHO (Gibco)
PRJEB39258,ERR4319916,FortiCHO (Gibco)
PRJEB39258,ERR4319917,FortiCHO (Gibco)
PRJEB39258,ERR4319918,FortiCHO (Gibco)
PRJEB39258,ERR4319919,FortiCHO (Gibco)
PRJEB39258,ERR4319920,FortiCHO (Gibco)
PRJEB39258,ERR4319921,FortiCHO (Gibco)
PRJEB39258,ERR4319922,FortiCHO (Gibco)
PRJEB39258,ERR4319923,FortiCHO (Gibco)
PRJEB39258,ERR4319924,FortiCHO (Gibco)
PRJEB39258,ERR4319925,FortiCHO (Gibco)
PRJEB39258,ERR4319926,FortiCHO (Gibco)
PRJEB39258,ERR4319927,FortiCHO (Gibco)
PRJEB39258,ERR4319928,FortiCHO (Gibco)
PRJEB39258,ERR4319929,FortiCHO (Gibco)
PRJEB39258,ERR4319930,FortiCHO (Gibco)
PRJEB39258,ERR4319931,FortiCHO (Gibco)
PRJEB39258,ERR4319932,FortiCHO (Gibco)
PRJEB39258,ERR4319933,FortiCHO (Gibco)
PRJEB39258,ERR4319934,FortiCHO (Gibco)
PRJEB39258,ERR4319935,FortiCHO (Gibco)
PRJEB39258,ERR4319936,FortiCHO (Gibco)
PRJEB39258,ERR4319937,FortiCHO (Gibco)
PRJEB39258,ERR4319938,FortiCHO (Gibco)
PRJEB9291,ERR2593198,CD CHO (8mM GLN)
PRJEB9291,ERR2593199,CD CHO (8mM GLN)
PRJEB9291,ERR2593200,CD CHO (8mM GLN)
PRJEB9291,ERR2593201,CD CHO (8mM GLN)
PRJEB9291,ERR2593202,CD CHO (8mM GLN)
PRJEB9291,ERR2593203,CD CHO (8mM GLN)
PRJEB9291,ERR2593204,CD CHO (8mM GLN)
PRJEB9291,ERR2593205,CD CHO (8mM GLN)
PRJEB9291,ERR2593206,CD CHO (8mM GLN)
PRJNA214684,SRR950107,
PRJNA214684,SRR950108,
PRJNA214684,SRR950109,
PRJNA304606,SRR2968323,F-12K medium
PRJNA304606,SRR2968324,F-12K medium
PRJNA304606,SRR2968325,F-12K medium
PRJNA304606,SRR2968326,F-12K medium
PRJNA304606,SRR2968327,F-12K medium
PRJNA304606,SRR2968328,F-12K medium
PRJNA311594,SRR3161757,CD CHO (8mM GLN)
PRJNA311594,SRR3161758,CD CHO (8mM GLN)
PRJNA311594,SRR3161759,CD CHO (8mM GLN)
PRJNA311594,SRR3161760,CD CHO (8mM GLN)
PRJNA311594,SRR3161761,CD CHO (8mM GLN)
PRJNA311594,SRR3161762,CD CHO (8mM GLN)
PRJNA311594,SRR3161763,CD CHO (8mM GLN)
PRJNA311594,SRR3161764,CD CHO (8mM GLN)
PRJNA311594,SRR3161765,CD CHO (8mM GLN)
PRJNA311594,SRR3161766,CD CHO (8mM GLN)
PRJNA311594,SRR3161767,CD CHO (8mM GLN)
PRJNA311594,SRR3161768,CD CHO (8mM GLN)
PRJNA311594,SRR3161769,CD CHO (8mM GLN)
PRJNA311594,SRR3161770,CD CHO (8mM GLN)
PRJNA311594,SRR3161771,CD CHO (8mM GLN)
PRJNA311594,SRR3161772,CD CHO (8mM GLN)
PRJNA311594,SRR3161773,CD CHO (8mM GLN)
PRJNA311594,SRR3161774,CD CHO (8mM GLN)
PRJNA311594,SRR3161775,CD CHO (8mM GLN)
PRJNA311594,SRR3161776,CD CHO (8mM GLN)
PRJNA311594,SRR3161777,CD CHO (8mM GLN)
PRJNA311594,SRR3161778,CD CHO (8mM GLN)
PRJNA311594,SRR3161779,CD CHO (8mM GLN)
PRJNA311594,SRR3161780,CD CHO (8mM GLN)
PRJNA311594,SRR3161781,CD CHO (8mM GLN)
PRJNA311594,SRR3161782,CD CHO (8mM GLN)
PRJNA311594,SRR3161783,CD CHO (8mM GLN)
PRJNA311594,SRR3161784,CD CHO (8mM GLN)
PRJNA311594,SRR3161785,CD CHO (8mM GLN)
PRJNA311594,SRR3161786,CD CHO (8mM GLN)
PRJNA311594,SRR3161787,CD CHO (8mM GLN)
PRJNA311594,SRR3161788,CD CHO (8mM GLN)
PRJNA311594,SRR3161789,CD CHO (8mM GLN)
PRJNA311594,SRR3161790,CD CHO (8mM GLN)
PRJNA311594,SRR3161791,CD CHO (8mM GLN)
PRJNA311594,SRR3161792,CD CHO (8mM GLN)
PRJNA311594,SRR3161793,CD CHO (8mM GLN)
PRJNA311594,SRR3161794,CD CHO (8mM GLN)
PRJNA311594,SRR3161795,CD CHO (8mM GLN)
PRJNA311594,SRR3161796,CD CHO (8mM GLN)
PRJNA318886,SRR3401745,PowerCHO (Lonza)
PRJNA318886,SRR3401746,PowerCHO (Lonza)
PRJNA318886,SRR3401747,CD CHO (8mM GLN)
PRJNA318886,SRR3401748,CD CHO (8mM GLN)
PRJNA318886,SRR3401749,CD CHO (8mM GLN)
PRJNA318886,SRR3401750,CD CHO (8mM GLN)
PRJNA318886,SRR3401751,CD CHO (8mM GLN)
PRJNA318886,SRR3401752,CD CHO (8mM GLN)
PRJNA593052,SRR10572657,SFM-II media (Gibco)
PRJNA593052,SRR10572658,SFM-II media (Gibco)
PRJNA593052,SRR10572659,SFM-II media (Gibco)
PRJNA593052,SRR10572660,SFM-II media (Gibco)
PRJNA593052,SRR10572661,SFM-II media (Gibco)
PRJNA593052,SRR10572662,SFM-II media (Gibco)
PRJNA593052,SRR10572663,SFM-II media (Gibco)
PRJNA593052,SRR10572664,SFM-II media (Gibco)
PRJNA604220,SRR10995631,FortiCHO (Gibco)
PRJNA604220,SRR10995632,FortiCHO (Gibco)
PRJNA604220,SRR10995633,FortiCHO (Gibco)
PRJNA604220,SRR10995634,FortiCHO (Gibco)
PRJNA604220,SRR10995635,FortiCHO (Gibco)
PRJNA604220,SRR10995636,FortiCHO (Gibco)
PRJNA604220,SRR10995637,FortiCHO (Gibco)
PRJNA604220,SRR10995638,FortiCHO (Gibco)
PRJNA604220,SRR10995639,FortiCHO (Gibco)
PRJNA604220,SRR10995640,FortiCHO (Gibco)
PRJNA604220,SRR10995641,FortiCHO (Gibco)
PRJNA604220,SRR10995642,FortiCHO (Gibco)
PRJNA604220,SRR10995643,FortiCHO (Gibco)
PRJNA604220,SRR10995644,FortiCHO (Gibco)
PRJNA604220,SRR10995645,FortiCHO (Gibco)
PRJNA604220,SRR10995646,FortiCHO (Gibco)
PRJNA604220,SRR10995647,FortiCHO (Gibco)
PRJNA604220,SRR10995648,FortiCHO (Gibco)
PRJNA604220,SRR10995649,FortiCHO (Gibco)
PRJNA604220,SRR10995650,FortiCHO (Gibco)
PRJNA604220,SRR10995651,FortiCHO (Gibco)
PRJNA604220,SRR10995652,FortiCHO (Gibco)
PRJNA604220,SRR10995653,FortiCHO (Gibco)
PRJNA604220,SRR10995654,FortiCHO (Gibco)
PRJNA604220,SRR10995655,FortiCHO (Gibco)
PRJNA604220,SRR10995656,FortiCHO (Gibco)
PRJNA604220,SRR10995657,FortiCHO (Gibco)
PRJNA604220,SRR10995658,FortiCHO (Gibco)
PRJNA604220,SRR10995659,FortiCHO (Gibco)
PRJNA604220,SRR10995660,FortiCHO (Gibco)
PRJNA604220,SRR10995661,FortiCHO (Gibco)
PRJNA604220,SRR10995662,FortiCHO (Gibco)
PRJNA604220,SRR10995663,FortiCHO (Gibco)
PRJNA604220,SRR10995664,FortiCHO (Gibco)
PRJNA604220,SRR10995665,FortiCHO (Gibco)
PRJNA604220,SRR10995666,FortiCHO (Gibco)
PRJNA604220,SRR10995667,FortiCHO (Gibco)
PRJNA604220,SRR10995668,FortiCHO (Gibco)
PRJNA604220,SRR10995669,FortiCHO (Gibco)
PRJNA604220,SRR10995670,FortiCHO (Gibco)
PRJNA604220,SRR10995671,FortiCHO (Gibco)
PRJNA604220,SRR10995672,FortiCHO (Gibco)
PRJNA604220,SRR10995673,FortiCHO (Gibco)
PRJNA604220,SRR10995674,FortiCHO (Gibco)
PRJNA604220,SRR10995675,FortiCHO (Gibco)
PRJNA604220,SRR10995676,FortiCHO (Gibco)
PRJNA604220,SRR10995677,FortiCHO (Gibco)
PRJNA604220,SRR10995678,FortiCHO (Gibco)
PRJNA604220,SRR10995679,FortiCHO (Gibco)
PRJNA604220,SRR10995680,FortiCHO (Gibco)
PRJNA604220,SRR10995681,FortiCHO (Gibco)
PRJNA604220,SRR10995682,FortiCHO (Gibco)
PRJNA604220,SRR10995683,FortiCHO (Gibco)
PRJNA604220,SRR10995684,FortiCHO (Gibco)
PRJNA604220,SRR10995685,FortiCHO (Gibco)
PRJNA604220,SRR10995686,FortiCHO (Gibco)
PRJNA604220,SRR10995687,FortiCHO (Gibco)
PRJNA604220,SRR10995688,FortiCHO (Gibco)
PRJNA604220,SRR10995689,FortiCHO (Gibco)
PRJNA604220,SRR10995690,FortiCHO (Gibco)
PRJNA604220,SRR10995691,FortiCHO (Gibco)
PRJNA604220,SRR10995692,FortiCHO (Gibco)
PRJNA604220,SRR10995693,FortiCHO (Gibco)
PRJNA604220,SRR10995694,FortiCHO (Gibco)
PRJNA604220,SRR10995695,FortiCHO (Gibco)
PRJNA604220,SRR10995696,FortiCHO (Gibco)
PRJNA604220,SRR10995697,FortiCHO (Gibco)
PRJNA604220,SRR10995698,FortiCHO (Gibco)
PRJNA604220,SRR10995699,FortiCHO (Gibco)
PRJNA604220,SRR10995700,FortiCHO (Gibco)
PRJNA604220,SRR10995701,FortiCHO (Gibco)
PRJNA604220,SRR10995702,FortiCHO (Gibco)
PRJEB33024,ERR3374020,CD-CHO (Gibco)
PRJEB33024,ERR3374021,CD-CHO (Gibco)
PRJEB33024,ERR3374022,CD-CHO (Gibco)
PRJEB33024,ERR3374023,CD-CHO (Gibco)
PRJEB33024,ERR3374024,CD-CHO (Gibco)
PRJEB33024,ERR3374025,CD-CHO (Gibco)
PRJEB33024,ERR3374026,CD-CHO (Gibco)
PRJEB33024,ERR3374027,CD-CHO (Gibco)
PRJEB33024,ERR3374028,CD-CHO (Gibco)
PRJEB33024,ERR3374029,CD-CHO (Gibco)
PRJEB37009,ERR3972086,CD-CHO (Gibco)
PRJEB37009,ERR3972087,CD-CHO (Gibco)
PRJEB37009,ERR3972088,CD-CHO (Gibco)
PRJEB37009,ERR3972089,CD-CHO (Gibco)
PRJEB37009,ERR3972090,CD-CHO (Gibco)
PRJEB37009,ERR3972091,CD-CHO (Gibco)
PRJEB37009,ERR3972092,CD-CHO (Gibco)
PRJEB37009,ERR3972093,CD-CHO (Gibco)
PRJEB37009,ERR3972094,CD-CHO (Gibco)
PRJEB37009,ERR3972095,CD-CHO (Gibco)
PRJEB37009,ERR3972096,CD-CHO (Gibco)
PRJEB37009,ERR3972097,CD-CHO (Gibco)
PRJEB38542,ERR4184070,CD-CHO (Gibco)
PRJEB38542,ERR4184071,CD-CHO (Gibco)
PRJEB38542,ERR4184072,CD-CHO (Gibco)
PRJEB38542,ERR4184073,CD-CHO (Gibco)
PRJEB38542,ERR4184074,CD-CHO (Gibco)
PRJEB38542,ERR4184075,CD-CHO (Gibco)
PRJEB38542,ERR4184076,CD-CHO (Gibco)
PRJEB38542,ERR4184077,CD-CHO (Gibco)
PRJEB38542,ERR4184078,CD-CHO (Gibco)
PRJEB38542,ERR4184079,CD-CHO (Gibco)
PRJEB38542,ERR4184080,CD-CHO (Gibco)
PRJEB38542,ERR4184081,CD-CHO (Gibco)
PRJEB38542,ERR4184082,CD-CHO (Gibco)
PRJEB38542,ERR4184083,CD-CHO (Gibco)
PRJEB55916,ERR10745711,CD-CHO (Gibco)
PRJEB55916,ERR10745712,CD-CHO (Gibco)
PRJEB55916,ERR10745713,CD-CHO (Gibco)
PRJEB55916,ERR10745714,CD-CHO (Gibco)
PRJEB55916,ERR10745715,CD-CHO (Gibco)
PRJEB55916,ERR10745716,CD-CHO (Gibco)
PRJEB55916,ERR10745717,CD-CHO (Gibco)
PRJEB55916,ERR10745718,CD-CHO (Gibco)
PRJEB55916,ERR10745719,CD-CHO (Gibco)
PRJEB55916,ERR10745720,CD-CHO (Gibco)
PRJEB55916,ERR10745721,CD-CHO (Gibco)
PRJEB55916,ERR10745722,CD-CHO (Gibco)
PRJEB55916,ERR10745723,CD-CHO (Gibco)
PRJEB55916,ERR10745724,CD-CHO (Gibco)
PRJEB55916,ERR10745725,CD-CHO (Gibco)
PRJEB55916,ERR10745726,CD-CHO (Gibco)
PRJEB55916,ERR10745727,CD-CHO (Gibco)
PRJEB55916,ERR10745728,CD-CHO (Gibco)
PRJEB55916,ERR10745729,CD-CHO (Gibco)
PRJEB55916,ERR10745730,CD-CHO (Gibco)
PRJEB55916,ERR10745731,CD-CHO (Gibco)
PRJEB55916,ERR10745732,CD-CHO (Gibco)
PRJEB55916,ERR10745733,CD-CHO (Gibco)
PRJEB55916,ERR10745734,CD-CHO (Gibco)
PRJEB55916,ERR10745735,CD-CHO (Gibco)
PRJEB55916,ERR10745736,CD-CHO (Gibco)
PRJEB55916,ERR10745737,CD-CHO (Gibco)
PRJEB55916,ERR10745738,CD-CHO (Gibco)
PRJEB55916,ERR10745739,CD-CHO (Gibco)
PRJEB55916,ERR10745740,CD-CHO (Gibco)
PRJEB55916,ERR10745741,CD-CHO (Gibco)
PRJEB55916,ERR10745742,CD-CHO (Gibco)
PRJEB55916,ERR10745743,CD-CHO (Gibco)
PRJEB55916,ERR10745744,CD-CHO (Gibco)
PRJEB55916,ERR10745745,CD-CHO (Gibco)
PRJEB55916,ERR10745746,CD-CHO (Gibco)
PRJEB55916,ERR10745747,CD-CHO (Gibco)
PRJEB55916,ERR10745748,CD-CHO (Gibco)
PRJEB55916,ERR10745749,CD-CHO (Gibco)
PRJEB55916,ERR10745750,CD-CHO (Gibco)
PRJEB55916,ERR10745751,CD-CHO (Gibco)
PRJEB55916,ERR10745752,CD-CHO (Gibco)
PRJEB55916,ERR10745753,CD-CHO (Gibco)
PRJEB55916,ERR10745754,CD-CHO (Gibco)
PRJEB55916,ERR10745755,CD-CHO (Gibco)
PRJEB55916,ERR10745756,CD-CHO (Gibco)
PRJEB55916,ERR10745757,CD-CHO (Gibco)
PRJNA1130622,SRR29672912,CD-CHO (Gibco)
PRJNA1130622,SRR29672913,CD-CHO (Gibco)
PRJNA1130622,SRR29672914,CD-CHO (Gibco)
PRJNA1130622,SRR29672915,CD-CHO (Gibco)
PRJNA1130622,SRR29672916,CD-CHO (Gibco)
PRJNA1130622,SRR29672917,CD-CHO (Gibco)
PRJNA1130622,SRR29672918,CD-CHO (Gibco)
PRJNA1130622,SRR29672919,50DMEM-50CD-CHO
PRJNA1130622,SRR29672920,50DMEM-50CD-CHO
PRJNA1130622,SRR29672921,DMEM
PRJNA1130622,SRR29672922,DMEM
PRJNA1130622,SRR29672923,CD-CHO (Gibco)
PRJNA1130622,SRR29672924,50DMEM-50CD-CHO
PRJNA1130622,SRR29672925,50DMEM-50CD-CHO
PRJNA1130622,SRR29672926,DMEM
PRJNA1130622,SRR29672927,DMEM
PRJNA1130622,SRR29672928,CD-CHO (Gibco)
PRJNA1130622,SRR29672929,CD-CHO (Gibco)
PRJNA1130622,SRR29672930,80DMEM-20CD-CHO
PRJNA1130622,SRR29672931,80DMEM-20CD-CHO
PRJNA1130622,SRR29672932,CD-CHO (Gibco)
PRJNA1130622,SRR29672933,CD-CHO (Gibco)
PRJNA1130622,SRR29672934,CD-CHO (Gibco)
PRJNA1130622,SRR29672935,CD-CHO (Gibco)
PRJNA1130622,SRR29672936,80DMEM-20CD-CHO
PRJNA1130622,SRR29672937,80DMEM-20CD-CHO
PRJNA1130622,SRR29672938,CD-CHO (Gibco)
PRJNA1130622,SRR29672939,CD-CHO (Gibco)
PRJNA316065,SRR3284443,PowerCHO (Lonza)
PRJNA316065,SRR3284444,PowerCHO (Lonza)
PRJNA316065,SRR3284445,PowerCHO (Lonza)
PRJNA316065,SRR3284446,PowerCHO (Lonza)
PRJNA316065,SRR3284447,PowerCHO (Lonza)
PRJNA316065,SRR3284448,PowerCHO (Lonza)
PRJNA316065,SRR3284455,PowerCHO (Lonza)
PRJNA316065,SRR3284456,PowerCHO (Lonza)
PRJNA316065,SRR3284457,PowerCHO (Lonza)
PRJNA316065,SRR3284458,PowerCHO (Lonza)
PRJNA316065,SRR3284459,PowerCHO (Lonza)
PRJNA316065,SRR3284460,PowerCHO (Lonza)
PRJNA393479,SRR5812570,PowerCHO (Lonza)
PRJNA393479,SRR5812571,PowerCHO (Lonza)
PRJNA393479,SRR5812572,PowerCHO (Lonza)
PRJNA393479,SRR5812573,PowerCHO (Lonza)
PRJNA393479,SRR5812574,PowerCHO (Lonza)
PRJNA393479,SRR5812575,PowerCHO (Lonza)
PRJNA393479,SRR5812576,PowerCHO (Lonza)
PRJNA393479,SRR5812577,PowerCHO (Lonza)
PRJNA393479,SRR5812578,PowerCHO (Lonza)
PRJNA393479,SRR5812579,PowerCHO (Lonza)
PRJNA393479,SRR5812580,PowerCHO (Lonza)
PRJNA393479,SRR5812581,PowerCHO (Lonza)
PRJNA590485,SRR10493847,PowerCHO (Lonza)
PRJNA590485,SRR10493848,PowerCHO (Lonza)
PRJNA590485,SRR10493849,PowerCHO (Lonza)
PRJNA590485,SRR10493850,PowerCHO (Lonza)
PRJNA590485,SRR10493851,PowerCHO (Lonza)
PRJNA590485,SRR10493855,PowerCHO (Lonza)
PRJNA590485,SRR10493856,PowerCHO (Lonza)
PRJNA590485,SRR10493858,PowerCHO (Lonza)
PRJNA590485,SRR10493859,PowerCHO (Lonza)
PRJNA590485,SRR10493860,PowerCHO (Lonza)
PRJNA590485,SRR10493864,PowerCHO (Lonza)
PRJNA590485,SRR10493865,PowerCHO (Lonza)
PRJNA590485,SRR10493866,PowerCHO (Lonza)
PRJNA590485,SRR10493867,PowerCHO (Lonza)
PRJNA590485,SRR10493868,PowerCHO (Lonza)
PRJNA590485,SRR10493869,PowerCHO (Lonza)
PRJNA590485,SRR10493873,PowerCHO (Lonza)
PRJNA590485,SRR10493874,PowerCHO (Lonza)
PRJNA590485,SRR10493875,PowerCHO (Lonza)
PRJNA590485,SRR10493876,PowerCHO (Lonza)
PRJNA590485,SRR10493877,PowerCHO (Lonza)
PRJNA590485,SRR10493878,PowerCHO (Lonza)
PRJNA599947,SRR11184908,ActiPro (Gibco)
PRJNA599947,SRR11184909,ActiPro (Gibco)
PRJNA599947,SRR11184910,ActiPro (Gibco)
PRJNA599947,SRR11184911,ActiPro (Gibco)
PRJNA599947,SRR11184912,ActiPro (Gibco)
PRJNA599947,SRR11184913,ActiPro (Gibco)
PRJNA599947,SRR11184914,ActiPro (Gibco)
PRJNA599947,SRR11184915,ActiPro (Gibco)
PRJNA599947,SRR11184916,ActiPro (Gibco)
PRJNA599947,SRR11184917,ActiPro (Gibco)
PRJNA599947,SRR11184918,ActiPro (Gibco)
PRJNA599947,SRR11184919,ActiPro (Gibco)
PRJNA599947,SRR11184920,ActiPro (Gibco)
PRJNA599947,SRR11184921,ActiPro (Gibco)
PRJNA739051,SRR14860925,CD-CHO (Gibco)
PRJNA739051,SRR14860926,CD-CHO (Gibco)
PRJNA739051,SRR14860927,CD-CHO (Gibco)
PRJNA739051,SRR14860928,CD-CHO (Gibco)
PRJNA739051,SRR14860929,CD-CHO (Gibco)
PRJNA739051,SRR14860930,CD-CHO (Gibco)
PRJNA739051,SRR14860931,CD-CHO (Gibco)
PRJNA739051,SRR14860932,CD-CHO (Gibco)
PRJNA739051,SRR14860933,CD-CHO (Gibco)
PRJNA739051,SRR14860934,CD-CHO (Gibco)
PRJNA739051,SRR14860935,CD-CHO (Gibco)
PRJNA739051,SRR14860936,CD-CHO (Gibco)
PRJNA739051,SRR14860937,CD-CHO (Gibco)
PRJNA739051,SRR14860938,CD-CHO (Gibco)
PRJNA739051,SRR14860939,CD-CHO (Gibco)
PRJNA739051,SRR14860940,CD-CHO (Gibco)
PRJNA739051,SRR14860941,CD-CHO (Gibco)
PRJNA739051,SRR14860942,CD-CHO (Gibco)
PRJNA778050,SRR16796943,CHO-S-SFM II (Gibco)
PRJNA778050,SRR16796944,CHO-S-SFM II (Gibco)
PRJNA778050,SRR16796945,CHO-S-SFM II (Gibco)
PRJNA778050,SRR16796946,CHO-S-SFM II (Gibco)
PRJNA778050,SRR16796949,CHO-S-SFM II (Gibco)
PRJNA778050,SRR16796960,CHO-S-SFM II (Gibco)
PRJNA778050,SRR16796971,CHO-S-SFM II (Gibco)
PRJNA778050,SRR16796972,CHO-S-SFM II (Gibco)
PRJNA810994,SRR18163655,G13 medium
PRJNA810994,SRR18163656,G13 medium
PRJNA810994,SRR18163657,G13 medium
PRJNA810994,SRR18163658,G13 medium
PRJNA810994,SRR18163659,G13 medium
PRJNA810994,SRR18163660,DA1 medium
PRJNA810994,SRR18163661,DA1 medium
PRJNA810994,SRR18163662,DA1 medium
PRJNA810994,SRR18163663,DA1 medium
PRJNA810994,SRR18163664,DA1 medium
PRJNA810994,SRR18163665,G13 medium
PRJNA810994,SRR18163666,G13 medium
PRJNA810994,SRR18163667,G13 medium
PRJNA810994,SRR18163668,G13 medium
PRJNA810994,SRR18163669,G13 medium
PRJNA839086,SRR19256295,ExCELL CD-CHO (SAFC)
PRJNA839086,SRR19256296,ExCELL CD-CHO (SAFC)
PRJNA839086,SRR19256297,ExCELL CD-CHO (SAFC)
PRJNA839086,SRR19256304,ExCELL CD-CHO (SAFC)
PRJNA839086,SRR19256305,ExCELL CD-CHO (SAFC)
PRJNA839086,SRR19256306,ExCELL CD-CHO (SAFC)
PRJNA899862,SRR22246869,ExCELL CD-CHO (SAFC)
PRJNA899862,SRR22246870,ExCELL CD-CHO (SAFC)
PRJNA899862,SRR22246871,ExCELL CD-CHO (SAFC)
PRJNA899862,SRR22246872,ExCELL CD-CHO (SAFC)
PRJNA899862,SRR22246874,ExCELL CD-CHO (SAFC)
PRJNA899862,SRR22246875,ExCELL CD-CHO (SAFC)
PRJNA899862,SRR22246876,ExCELL CD-CHO (SAFC)
PRJNA899862,SRR22246877,ExCELL CD-CHO (SAFC)
PRJNA899862,SRR22246878,ExCELL CD-CHO (SAFC)
PRJNA899862,SRR22246879,ExCELL CD-CHO (SAFC)
PRJNA899862,SRR22246880,ExCELL CD-CHO (SAFC)
PRJNA899862,SRR22246881,ExCELL CD-CHO (SAFC)
PRJNA899862,SRR22246882,ExCELL CD-CHO (SAFC)
PRJNA899862,SRR22246883,ExCELL CD-CHO (SAFC)
PRJNA899862,SRR22246884,ExCELL CD-CHO (SAFC)
PRJNA899862,SRR22246885,ExCELL CD-CHO (SAFC)
PRJNA899862,SRR22246886,ExCELL CD-CHO (SAFC)
PRJNA899862,SRR22246887,ExCELL CD-CHO (SAFC)
PRJNA899862,SRR22246888,ExCELL CD-CHO (SAFC)
PRJNA899862,SRR22246889,ExCELL CD-CHO (SAFC)
PRJNA899862,SRR22246890,ExCELL CD-CHO (SAFC)
PRJNA899862,SRR22246891,ExCELL CD-CHO (SAFC)
PRJNA899862,SRR22246892,ExCELL CD-CHO (SAFC)
PRJNA899862,SRR22246893,ExCELL CD-CHO (SAFC)
PRJNA899862,SRR22246894,ExCELL CD-CHO (SAFC)
PRJNA899862,SRR22246895,ExCELL CD-CHO (SAFC)
PRJNA899862,SRR22246896,ExCELL CD-CHO (SAFC)
PRJNA899862,SRR22246897,ExCELL CD-CHO (SAFC)
PRJNA899862,SRR22246898,ExCELL CD-CHO (SAFC)
PRJNA899862,SRR22246899,ExCELL CD-CHO (SAFC)
PRJNA899862,SRR22246900,ExCELL CD-CHO (SAFC)
PRJNA899862,SRR22246902,ExCELL CD-CHO (SAFC)
PRJNA899862,SRR22246903,ExCELL CD-CHO (SAFC)
PRJNA899862,SRR22246904,ExCELL CD-CHO (SAFC)
