iModulon,Name
0,ncRNA-3
1,Unfolded Protein Response-2
2,UC-17
3,UC-18
4,UC-11
5,Cholesterol Biosynthesis
6,ECM-5
7,ncRNA-4
8,Cell Cycle-1
9,Extracellular Region-4
10,Biosynthesis
11,Lysosome-2
12,POU6F2 Motif
13,Chr5
14,ECM-6
15,Extracellular Region-5
16,IER Proteins
17,Chemokine Signaling-2
18,ncRNA-5
19,Translation-4
20,UC-14
21,Temperature Downshift
22,EGR1 Motif
23,ncRNA-6
24,Olfactomedin Domains
25,Fatty Acid Metabolism
26,Cell Cycle-3
27,Chr8-1
28,Organic Nitrogen Response
29,Translation-2
30,ECM-7
31,Peptide Response
32,Translation-5
33,Immunoregulatory Interactions
34,Amino Acid Biosynthesis
35,UC-19
36,Receptor Signaling
37,tRNA-1
38,Chr8-3
39,Extracellular Region-1
40,ncRNA-7
41,ncRNA-8
42,Antimicrobial Response
43,ncRNA-9
44,Extracellular Region-6
45,Glycosaminoglycan Binding
46,RHO Signaling
47,Natriuretic Peptide
48,Cytokine Signaling-2
49,FABP4
50,UC-20
51,Cell Migration
52,ISG-1
53,Integrin Adhesion
54,Hypoxia
55,ECM-1
56,Histone
57,UC-21
58,ECM-8
59,ncRNA-10
60,Homeobox-1
61,Translation-1
62,Extracellular Region-7
63,Translation-7
64,ncRNA-11
65,snoRNA-12
66,UC-22
67,Homeobox-2
68,Matrix Metalloprotease
69,ncRNA-12
70,ncRNA-13
71,UC-23
72,SP5
73,Collagen Binding-2
74,MAPK Signaling
75,UC-15
76,Translation-8
77,Collagen Binding-3
78,UC-24
79,ncRNA-14
80,snoRNA-4
81,Lysosome-1
82,Homeobox Domains
83,Integrin Binding
84,Translation-3
85,snoRNA-13
86,Extracellular Region-8
87,Mitochondrial Organization
88,UC-25
89,Receptor Binding
90,ATF4
91,Chemokine Signaling-3
92,HOXA
93,Immune and MAPK Regulation
94,Extracellular Region-9
95,Unfolded Protein Response
96,Cell Surface
97,UC-26
98,ChrX
99,Arrestin Domains
100,S100 Domains
101,Homeobox Motif
102,UC-27
103,ECM-2
104,Process Regulation
105,Inflammatory Cytokine
106,UC-7
107,snoRNA-2
108,ECM-9
109,Chaperone
110,UC-28
111,ECM-3
112,UC-29
113,Antimicrobial Response-2
114,Hormone Response
115,UC-12
116,snoRNA-14
117,Ephrin Locus
118,Collagen Binding
119,snoRNA-15
120,ncRNA-15
121,UC-30
122,UC-31
123,Translation-6
124,UC-32
125,snoRNA-3
126,Immediate-Early
127,rRNA-1
128,Homeobox Domains-2
129,Chemokine Signaling
130,Collagen
131,ncRNA-16
132,UC-33
133,snoRNA-6
134,ERV-1
135,snoRNA-16
136,Extracellular Region-10
137,snoRNA-11
138,UC-34
139,ISG-2
140,Ribosomal Protein S27
141,Oxidative Stress-2
142,Extracellular Region-11
143,ncRNA-17
144,snoRNA-17
145,UC-35
146,FCH Domains
147,ECM Remodeling
