iModulon,Gene,STRING_identifier
0,Pdpn,Pdpn
0,Fabp4,Fabp4
0,LOC113837466,LOC113837466
0,LOC107979021,LOC107979021
0,Pirt,Pirt
0,LOC113836383,LOC113836383
0,LOC100769145,LOC100769145
0,Adam19,Adam19
0,Lum,Lum
0,LOC118238818,LOC118238818
0,LOC107979337,LOC107979337
0,Col12a1,I79_009930
0,Igf2bp3,I79_015119
0,Spn,Spn
0,LOC103164015,LOC103164015
0,C1H12orf75,C1H12orf75
0,LOC100754646,LOC100754646
0,LOC118239359,LOC118239359
0,LOC100759078,I79_025221
0,C1qtnf1,I79_004757
0,Prrx1,Prrx1
0,Cnksr1,I79_017944
0,LOC103161308,LOC103161308
0,Tp63,Tp63
0,LOC113830878,LOC113830878
0,LOC107979981,LOC107979981
0,LOC107977033,I79_024637
0,Il19,Il19
0,Tnfsf4,Tnfsf4
0,Gem,Gem
0,Angpt4,Angpt4
0,LOC113835080,LOC113835080
0,Prnp,Prnp
0,LOC100754693,LOC100754693
0,LOC103164066,LOC103164066
0,LOC100773795,LOC100773795
0,Id2,I79_011789
0,Gpnmb,Gpnmb
0,Agt,Agt
0,LOC100754872,LOC100754872
0,Evl,Evl
0,Ereg,Ereg
0,Slc38a4,Slc38a4
1,Mir671,Mir671
1,Ndufa11,Ndufa11
1,LOC113836924,LOC113836924
1,LOC103160498,I79_007395
1,Rplp1,Rplp1
1,Mif,Mif
1,Lamtor4,Lamtor4
1,LOC113836832,LOC113836832
1,Fkbp8,Fkbp8
1,LOC100764983,LOC100764983
1,Rps9,Rps9
1,Mbd3,I79_009243
1,Mir1306,Mir1306
1,LOC113837251,LOC113837251
1,Rpl28,Rpl28
1,Rps18,I79_003466
1,Josd2,Josd2
1,Elob,Elob
1,LOC113830993,LOC113830993
1,Timm13,I79_009278
1,Aldh16a1,Aldh16a1
1,LOC113837666,I79_000461
1,Lrfn4,Lrfn4
1,Abhd17a,Abhd17a
1,Tspo,Tspo
1,LOC100756490,I79_000461
1,Fzr1,Fzr1
1,Ccdc85b,Ccdc85b
1,Sf3b5,Sf3b5
1,Ndufs7,Ndufs7
1,Dohh,DOHH
1,Mt1,Mt1
1,LOC100767529,Rplp1
1,Raver1,Raver1
1,Ndufb7,Ndufb7
1,Tmem132a,Tmem132a
1,Siva1,Siva1
1,Dus3l,I79_008209
1,Hspb1,I79_007264
1,Chpf,Chpf
1,Ube2s,Ube2s
1,Ubtd1,Ubtd1
1,LOC100766073,I79_000461
1,Ccdc124,Ccdc124
1,Emilin1,Emilin1
1,Rplp2,Rplp2
1,Antkmt,Antkmt
1,Rnf126,Rnf126
1,Bckdha,Bckdha
1,Isyna1,Isyna1
1,Rps5,I79_010198
1,Slc39a3,Slc39a3
1,Cdc34,Cdc34
2,LOC100773005,I79_025230
2,Gpnmb,Gpnmb
2,Cd36,I79_011940
2,Amdhd2,Amdhd2
2,Wdfy4,Wdfy4
2,Fnip2,I79_011992
2,LOC103162142,LOC103162142
2,Cd68,Cd68
2,Fa2h,Fa2h
2,LOC100756544,LOC100756544
2,Gem,Gem
2,Uap1l1,Uap1l1
2,Sqstm1,Sqstm1
2,Deup1,Deup1
2,LOC118239477,LOC118239477
2,LOC113833198,LOC113833198
2,LOC113833551,LOC113833551
2,LOC113835049,LOC113835049
2,Clu,Clu
2,Septin3,Septin3
2,LOC100756791,LOC100756791
2,Hmox1,Hmox1
2,LOC118239724,LOC118239724
2,LOC113831153,LOC113831153
2,Pstpip1,I79_003588
2,Cln5,Cln5
2,Fth1,Fth1
2,Gpd1,Gpd1
2,Rnaset2,Rnaset2
2,LOC118237931,LOC118237931
2,Grn,Grn
2,Flcn,Flcn
2,LOC100765930,I79_005484
2,Aqp1,Aqp1
2,LOC113831892,LOC113831892
2,Atf3,Atf3
2,Ddit3,Ddit3
2,LOC100773862,LOC100773862
2,LOC118239202,LOC118239202
2,Arsa,Arsa
2,Dpp7,Dpp7
2,Mfsd11,Mfsd11
2,Mt1,Mt1
2,Mroh1,Mroh1
2,Mpzl1,Mpzl1
2,Neurl2,Neurl2
2,Ctsa,Ctsa
2,LOC100757077,I79_023036
2,LOC103158703,I79_025172
2,LOC113835137,LOC113835137
3,LOC118237931,LOC118237931
3,LOC113833717,LOC113833717
3,LOC113832912,LOC113832912
3,LOC118239049,LOC118239049
3,LOC103159011,I79_002027
3,LOC113836920,LOC113836920
3,LOC118238367,I79_009808
3,LOC113839000,LOC113839000
3,LOC113833009,LOC113833009
3,LOC113835024,LOC113835024
3,LOC113838088,LOC113838088
3,LOC113833677,LOC113833677
3,LOC113837553,LOC113837553
3,LOC113831478,LOC113831478
3,Eif5b,Eif5b
3,Mirlet7a-1,Mirlet7a-1
3,LOC113835167,LOC113835167
3,LOC113835102,LOC113835102
3,Atrx,Magt1
3,Ankrd12,Ankrd12
3,Arl9,Arl9
3,Rn5-8s,Rn5-8s
3,LOC113831042,LOC113831042
3,LOC113833687,LOC113833687
3,LOC113835414,LOC113835414
3,Hmgn5,Hmgn5
3,LOC113838095,LOC113838095
3,LOC113831009,LOC113831009
3,LOC113837101,LOC113837101
3,Mir2424,Mir2424
4,Hspa5,HSPA5
4,Sdf2l1,I79_009504
4,Creld2,Creld2
4,Pdia4,Pdia4
4,Hsp90b1,Hsp90b1
4,Herpud1,Herpud1
4,Hyou1,Hyou1
4,Sel1l,Sel1l
4,Manf,Manf
4,Gmppb,Gmppb
4,Ero1b,Ero1b
4,LOC118239049,LOC118239049
4,Piga,Piga
4,Dnajc3,Dnajc3
4,Calr,Calr
4,Slc9b2,Slc9b2
4,LOC113833674,LOC113833674
4,Pdia3,Pdia3
4,Ficd,FICD
4,LOC113837639,LOC113837639
4,LOC118238159,I79_009808
4,LOC113836616,LOC113836616
4,Mcf2l,Mcf2l
4,LOC113833814,LOC113833814
4,LOC100750381,I79_006506
4,Edem1,Edem1
4,LOC113836194,LOC113836194
4,Mir1956,Mir1956
4,Gpnmb,Gpnmb
4,Ddit3,Ddit3
4,LOC113833691,LOC113833691
4,Nucb2,I79_022367
4,Pdia6,Pdia6
4,LOC113835100,LOC113835100
4,Dnajb9,DNAJB9
4,Surf4,Surf4
4,Selenos,Selenos
4,LOC113831088,LOC113831088
4,Abhd6,Abhd6
4,Egr1,Egr1
4,Alg12,Alg12
4,LOC118238721,I79_009808
4,LOC118239603,LOC118239603
5,Kmt2d,Kmt2d
5,Hspg2,Hspg2
5,Dst,Dst
5,Ahnak,Ahnak
5,Lrp1,Lrp1
5,Dync1h1,Dync1h1
5,Ubr4,Ubr4
5,Kmt2a,Kmt2a
5,Wdfy3,Wdfy3
5,Rnf213,Rnf213
5,Huwe1,I79_006430
5,Fat1,Fat1
5,LOC118239049,LOC118239049
5,Cbl,Cbl
5,Trrap,Trrap
5,Lama5,Lama5
5,Birc6,Birc6
5,Mycbp2,Mycbp2
5,Ep300,Ep300
5,Syne2,Syne2
5,Herc2,Herc2
5,LOC113834516,LOC113834516
5,Smg1,Smg1
5,LOC100767704,LOC100767704
5,Hectd4,Hectd4
5,Macf1,I79_012206
5,LOC100752965,LOC100752965
5,Kmt2c,Kmt2c
5,Mdn1,Mdn1
5,Spen,I79_019732
5,Flnb,Flnb
5,Map1b,Map1b
5,LOC118238367,I79_009808
5,Notch2,Notch2
5,Mki67,Mki67
5,Trnap-agg_1,Trnap-agg_1
5,Vps13d,I79_019335
5,Ep400,Ep400
5,Hipk2,Hipk2
5,Utrn,Utrn
5,Tanc2,Tanc2
5,Nav2,Nav2
5,Col12a1,I79_009930
5,Stard9,Stard9
5,Pkd1,Pkd1
5,Herc1,Herc1
5,Fn1,Fn1
6,Igf2bp2,Igf2bp2
6,Mir22,Mir22
6,LOC113836326,LOC113836326
6,Zfyve21,I79_004700
6,LOC103164270,LOC103164270
6,Hoxa9,Hoxa9
6,Col3a1,Col3a1
6,LOC100762719,I79_008458
6,LOC113833013,LOC113833013
6,C1qtnf1,I79_004757
6,Cd53,Cd53
6,LOC113833681,LOC113833681
6,Gpd1,Gpd1
6,LOC113837470,LOC113837470
6,LOC113836270,LOC113836270
6,LOC107979342,LOC107979342
6,Was,I79_012275
6,LOC113833702,LOC113833702
6,Trnay-gua_6,Trnay-gua_6
6,Apobr,Apobr
6,Mir3068,Mir3068
6,Mir221,Mir221
6,LOC113833921,LOC113833921
6,Slitrk5,Slitrk5
6,LOC113835564,LOC113835564
6,LOC113836198,LOC113836198
7,LOC113839001,LOC113839001
7,Rn28s1,Rn28s1
7,LOC113838089,LOC113838089
7,LOC113838061,LOC113838061
7,Rn45s_1,Rn45s_1
7,Rn5-8s,Rn5-8s
7,Mir1973,Mir1973
7,LOC113838088,LOC113838088
7,LOC113834297,LOC113834297
7,LOC113839000,LOC113839000
7,LOC113838060,LOC113838060
7,LOC113835100,LOC113835100
7,LOC113836830,LOC113836830
7,Rn45s,Rn45s
8,Cd99,I79_025094
8,LOC100753456,I79_013907
8,LOC103158763,I79_013907
8,LOC100762789,I79_013907
8,LOC113837845,LOC113837845
8,LOC113838854,LOC113838854
8,LOC113838082,Znf239
8,LOC113838852,LOC113838852
8,LOC113839076,I79_013907
8,LOC113838539,LOC113838539
8,LOC113838541,LOC113838541
8,LOC113838971,I79_013907
8,LOC107977549,LOC107977549
8,LOC113839047,I79_013907
8,LOC113838105,I79_001024
8,LOC113837915,I79_013907
8,LOC113838538,LOC113838538
8,LOC113838677,LOC113838677
8,LOC118239790,LOC118239790
8,LOC113838537,LOC113838537
8,LOC113838916,I79_013907
8,LOC113831860,I79_013907
8,LOC113838855,LOC113838855
8,LOC118239828,LOC118239828
8,LOC113837977,I79_001024
8,LOC113839100,I79_013907
8,Clu,Clu
8,LOC103162695,I79_001024
8,Nudt14,Nudt14
8,LOC100752592,LOC100752592
8,LOC113838814,I79_011492
8,LOC113838108,I79_011492
8,LOC118239802,I79_011492
8,LOC113837940,I79_013907
8,LOC113838057,I79_013907
8,LOC113832116,LOC113832116
8,LOC113834219,LOC113834219
9,Rps21,Rps21
9,Rps24,Rps24
9,Rpl32,Rpl32
9,Rps25,Rps25
9,Rpl39,Rpl39
9,Rpl9,Rpl9
9,Rps14,Rps14
9,Rps12,Rps12
9,S100a4,S100a4
9,Rps23,Rps23
9,Rpl14,Rpl14
9,Rpl37,Rpl37
9,Rpl17,Rpl17
9,Rpl27,Rpl27
9,Rps27a,Rps27a
9,Rpl22,Rpl22l1
9,Rpl13a,Rpl13a
9,Rpl34,Rpl34
9,Rpl30,Rpl30
9,Rpl23,Rpl23
9,S100a5,S100a5
9,Rpl26,Rpl26
9,Prdx1,Prdx1
9,Rpl24,Rpl24
9,Rps3a,RPS3A
9,Rpl35a,Rpl35a
9,Rpl11,Rpl11
9,Rps27,I79_005382
9,Rps11,Rps11
9,Rpl13,Rpl13
9,Rplp0,Rplp0
9,Rps26,I79_023563
9,Rps6,I79_002027
9,Txn,Txnl1
9,Rps3,Rps3
9,Rps4x,Rps4x
9,Rps16,Rps16
9,Rps8,Rps8
9,Rpl37a,Rpl37a
9,Rps17,Rps17
10,LOC113834403,LOC113834403
10,Rarres2,Rarres2
10,Rcn2,Rcn2
10,LOC107977831,LOC107977831
10,Fn1,Fn1
10,LOC103159102,LOC103159102
10,LOC103158756,LOC103158756
10,Tmem144,Tmem144
10,LOC103160608,LOC103160608
10,LOC103159905,LOC103159905
10,Arpp21,I79_004451
10,Arpp21_1,I79_004451
10,LOC103163846,LOC103163846
10,LOC107978231,LOC107978231
10,LOC113834062,LOC113834062
10,LOC103159449,LOC103159449
10,LOC103159579,LOC103159579
10,LOC100769497,I79_017951
10,Gh1,Gh1
10,LOC100760951,LOC100760951
10,Oat,Oat
10,Col18a1,I79_006837
10,Vnn1,Vnn1
10,Rn5-8s,Rn5-8s
10,Mt1,Mt1
10,Pacrgl,Pacrgl
10,Dzip1l,Dzip1l
10,LOC103162302,LOC103162302
10,LOC118239049,LOC118239049
10,Cdnf,Cdnf
10,LOC103160761,LOC103160761
11,LOC103162784,LOC103162784
11,Wnk3,I79_006425
11,Gpd1,Gpd1
11,Csrp2,I79_014012
11,Evl,Evl
11,LOC100751053,H671_4g12045
11,LOC103159579,LOC103159579
11,Hoxa9,Hoxa9
11,LOC100762719,I79_008458
11,Ptprm,Ptprm
11,Id2,I79_011789
11,Rftn2,Rftn2
11,St8sia4,St8sia4
11,Kdelr3,Kdelr3
11,Spp1,Spp1
11,Hdlbp,Hdlbp
11,Mtcl1,Mtcl1
11,LOC100773835,CgPICR_000681
11,LOC100754872,LOC100754872
11,LOC100762270,LOC100762270
11,LOC103161381,LOC103161381
11,LOC103158703,I79_025172
11,Rnpepl1,Rnpepl1
11,LOC103162686,LOC103162686
11,Rab12,Rab12
11,Mterf4,Mterf4
11,D2hgdh,D2hgdh
11,Gpc1,Gpc1
11,Txnip,Txnip
11,Cops9,Cops9
11,LOC103161103,LOC103161103
11,LOC100757684,LOC100757684
11,LOC113833607,LOC113833607
11,Ndufa10,Ndufa10
11,Ppp1r7,Ppp1r7
11,LOC113830641,LOC113830641
11,Fbxl17,Fbxl17
11,Septin2,Septin2
11,Rarres2,Rarres2
11,Mlph,Mlph
11,LOC100767530,Gstm3
11,LOC103160386,LOC103160386
11,Eml2,I79_012661
11,LOC100763261,LOC100763261
11,Slc9a9,Slc9a9
11,Stk25,I79_005318
11,Fer,Fer
12,Fos,Fos
12,Egr1,Egr1
12,Egr2,Egr2
12,Btg2,Btg2
12,Junb,Junb
12,Zfp36,Zfp36
12,Ccn1,Ccn1
12,LOC113834001,I79_009953
12,LOC113834847,LOC113834847
12,Sgk1,Sgk1
12,Trnap-agg_1,Trnap-agg_1
12,LOC113835562,LOC113835562
12,Mir221,Mir221
12,LOC113836316,LOC113836316
12,LOC118237816,LOC118237816
12,Snord14e,Snord14e
12,Dusp5,Dusp5
12,LOC113833117,LOC113833117
12,Cxcl1,Cxcl1
13,LOC113834219,LOC113834219
13,LOC113831088,LOC113831088
13,LOC113835267,LOC113835267
13,LOC113831372,LOC113831372
13,LOC113830993,LOC113830993
13,LOC107977878,LOC107977878
13,LOC113833802,LOC113833802
13,LOC113836326,LOC113836326
13,LOC113835571,LOC113835571
13,LOC113832600,LOC113832600
13,Lypla1,I79_000900
13,LOC113834847,LOC113834847
13,LOC113833050,LOC113833050
13,LOC113833275,LOC113833275
13,Tmem41b,Tmem41b
13,Yipf4,Yipf4
13,Cbfb,Cbfb
13,LOC113831476,LOC113831476
13,Tmed5,Tmed5
13,LOC113833143,LOC113833143
13,Mir1973,Mir1973
13,LOC118239482,LOC118239482
13,Trnal-cag_4,Trnal-cag_4
13,Snord14e,Snord14e
14,LOC113834403,LOC113834403
14,LOC103159579,LOC103159579
14,LOC113832687,LOC113832687
14,Lrrc8b,Lrrc8b
14,Ctsh,Ctsh
14,LOC113832785,Brd4
14,LOC100766833,I79_000233
14,LOC113834022,LOC113834022
14,Kdelr3,Kdelr3
14,LOC107977406,LOC107977406
14,LOC103163383,LOC103163383
14,LOC100751053,H671_4g12045
14,Srpx,Srpx
14,Hoxa9,Hoxa9
14,Fabp4,Fabp4
14,LOC100762719,I79_008458
14,LOC113837758,LOC113837758
14,Themis,Themis
14,LOC103159933,LOC103159933
14,Hoxa6,Hoxa6
14,Tcf7l1,Tcf7l1
14,Rspo3,Rspo3
14,LOC107976981,I79_021279
14,C1qtnf1,I79_004757
14,LOC113834410,LOC113834410
14,Fam25a,Fam25a
14,Gramd1c,Gramd1c
14,LOC107978439,LOC107978439
14,LOC103163127,LOC103163127
14,Slitrk5,Slitrk5
14,Hoxa7,Hoxa7
14,LOC100757243,LOC100757243
14,LOC118239268,LOC118239268
14,Apobr,Apobr
14,LOC103160837,LOC103160837
14,LOC113837761,LOC113837761
14,Igf2bp2,Igf2bp2
14,Evl,Evl
14,Actn3,Actn3
14,Mab21l3,Mab21l3
14,Anks6,Anks6
14,LOC107979212,LOC107979212
14,Ca3,Ca3
14,LOC113835995,LOC113835995
14,LOC103163470,LOC103163470
14,Clu,Clu
14,Ncam1,I79_004399
14,LOC100769029,I79_019041
14,Slc9a9,Slc9a9
14,Fam237a,Fam237a
14,LOC113830878,LOC113830878
14,LOC113831008,LOC113831008
14,LOC103162686,LOC103162686
14,LOC100768654,I79_018767
14,Hoxa5,I79_008450
14,Marcks,Marcks
14,Znf516,Znf516
14,LOC113834411,Brd4
14,LOC107980239,LOC107980239
14,LOC100767530,Gstm3
14,Lrp3,I79_020064
14,Vnn1,Vnn1
14,LOC103159336,LOC103159336
14,LOC103163057,LOC103163057
14,LOC118238393,LOC118238393
14,Efemp1,I79_020269
14,Chst2,Chst2
15,Dpt,Dpt
15,Lum,Lum
15,Fabp4,Fabp4
15,LOC118239130,LOC118239130
15,Col6a1,I79_006834
15,LOC113836601,LOC113836601
15,LOC103161500,LOC103161500
15,Fgf7,Fgf7
15,Ndrg1,I79_020508
15,LOC118239129,LOC118239129
15,LOC100769145,LOC100769145
15,Id2,I79_011789
15,LOC100768654,I79_018767
15,LOC118238818,LOC118238818
15,Hmgcs2,Hmgcs2
15,Sulf2,Sulf2
15,LOC100773795,LOC100773795
15,Ephx1,Ephx1
15,Pirt,Pirt
15,Mir147,Mir147
15,Vegfd,I79_009992
15,LOC107977165,I79_025588
15,LOC100769255,CgPICR_012737
15,Unc5b,Unc5b
15,LOC113836674,LOC113836674
15,Evl,Evl
15,LOC100754646,LOC100754646
15,LOC113834403,LOC113834403
15,Oat,Oat
15,LOC113833922,LOC113833922
15,Nmnat2,Nmnat2
15,LOC100767391,I79_013941
15,LOC100772282,I79_011492
15,Selenbp1,Selenbp1
15,LOC113833912,LOC113833912
15,LOC100769497,I79_017951
16,Pclaf,Pclaf
16,Pbk,Pbk
16,Cdca5,Cdca5
16,Ccna2,Ccna2
16,Top2a,Top2a
16,Ube2c,Ube2c
16,Ube2t,Ube2t
16,Nuf2,Nuf2
16,Kif15,Tmem42
16,Cdkn3,Cdkn3
16,Kif2c,Kif2c
16,Nusap1,Nusap1
16,Cdt1,Cdt1
16,Rrm2,Rrm2
16,Mxd3,Mxd3
16,Aurkb,Aurkb
16,Cdc45,Cdc45
16,Esco2,I79_012327
16,Knstrn,Knstrn
16,Ccnb2,Ccnb2
16,Cenpa,Cenpa
16,Prc1,Prc1
16,Tacc3,I79_011096
16,Spag5,Spag5
16,Ccnb1,Ccnb1
16,Asf1b,Asf1b
16,Rad54l,Rad54l
16,Dlgap5,Dlgap5
16,Plk1,Plk1
16,Mki67,Mki67
16,Clspn,Clspn
16,Traip,Traip
16,Cenpk,Cenpk
16,Parpbp,Parpbp
16,Gins4,Gins4
16,Cenpn,Cenpn
17,LOC100774651,Crip1
17,LOC118238714,Rpl26
17,LOC103163795,Myl6
17,LOC103159882,Sec61g
17,LOC100755951,Rpl31
17,LOC113835571,LOC113835571
17,LOC100765207,LOC100765207
17,LOC107979008,LOC107979008
17,LOC103159049,Snrpf
17,LOC100760278,LOC100760278
17,LOC100769978,Atp5mg
17,LOC100758511,I79_005246
17,LOC113833473,Rpl11
17,LOC100769446,Rala
17,LOC100760515,LOC100760515
17,LOC100762200,LOC100762200
17,Rn28s1,Rn28s1
17,LOC103162111,LOC103162111
17,LOC100766288,Tardbp
17,LOC113830871,LOC113830871
17,LOC113835167,LOC113835167
17,LOC100762137,LOC100762137
17,LOC100751223,LOC100751223
17,LOC113831028,LOC113831028
17,LOC113832801,LOC113832801
17,LOC100759921,Btf3l4
17,LOC113836326,LOC113836326
17,LOC113833490,I79_000460
17,LOC100753244,Rpl35
17,LOC100772445,Timm8b
17,Ldha,Ldha
17,LOC100762406,I79_003341
17,LOC100772695,LOC100772695
17,LOC107978682,I79_003075
17,Mirlet7c-2,Mirlet7c-2
17,LOC113832760,LOC113832760
17,LOC113833533,Mrpl30
17,LOC100765102,I79_011106
17,LOC113838692,Kras
17,LOC107978793,Rpl30
17,Mirlet7f,Mirlet7f
17,LOC100689270,LOC100689270
17,LOC100772755,Rps23
17,LOC100759487,I79_000932
17,LOC100765300,Bcap31
17,Slitrk5,Slitrk5
17,LOC100760405,Rpl26
17,LOC113834136,LOC113834136
17,S100a16,S100a16
17,LOC100753076,I79_004658
17,LOC100773904,Sec61b
17,LOC100765930,I79_005484
17,LOC113835170,LOC113835170
17,LOC100769276,RPS3A
17,LOC103161736,LOC103161736
17,LOC100761291,I79_005382
18,Slpi,I79_011674
18,LOC100763954,LOC100763954
18,LOC118239049,LOC118239049
18,LOC100761692,I79_021556
18,LOC113834936,LOC113834936
18,LOC113836576,LOC113836576
18,Cdkn3,Cdkn3
18,LOC100762336,LOC100762336
18,LOC100689269,LOC100689269
18,LOC100772378,LOC100772378
18,LOC113833456,LOC113833456
18,Pclaf,Pclaf
18,LOC118238721,I79_009808
18,Mt1,Mt1
18,LOC113833675,LOC113833675
18,Ccnb2,Ccnb2
18,Cxcl1,Cxcl1
18,LOC113830878,LOC113830878
18,LOC118239129,LOC118239129
18,LOC107978153,LOC107978153
18,LOC113836832,LOC113836832
18,LOC118238654,LOC118238654
18,LOC100689270,LOC100689270
18,LOC118238648,LOC118238648
18,LOC118239477,LOC118239477
18,Spp1,Spp1
18,LOC103162380,LOC103162380
18,LOC118238367,I79_009808
18,LOC100756921,LOC100756921
18,LOC103160417,LOC103160417
18,Ier3,Ier3
18,LOC113836938,LOC113836938
18,LOC113837466,LOC113837466
18,Sod2,Sod2
18,LOC100773349,LOC100773349
18,LOC118238272,LOC118238272
18,LOC100756289,Eef1a1
18,Mettl26,Mettl26
18,LOC113834379,LOC113834379
19,Bgn,Bgn
19,LOC113838319,LOC113838319
19,LOC118239130,LOC118239130
19,LOC100773771,LOC100773771
19,Trem1,Trem1
19,Cd82,Cd82
19,Il11,Il11
19,Sema4d,H671_3g8622
19,Bcat1,Bcat1
19,Ca3,Ca3
19,Fabp4,Fabp4
19,Treml4,Treml4
19,LOC100751926,LOC100751926
19,LOC113838496,LOC113838496
19,LOC103164262,I79_018413
19,LOC118239129,LOC118239129
19,Zfyve21,I79_004700
19,LOC103160274,LOC103160274
19,Psma8,Psma8
19,LOC100770025,LOC100770025
19,LOC103158703,I79_025172
19,LOC113836326,LOC113836326
19,LOC100754885,LOC100754885
19,C3,C3
19,Tfec,Tfec
20,Id3,Id3
20,Nrg4,Nrg4
20,Nt5c3b,Nt5c3b
20,Igfbp4,Igfbp4
20,Ankrd1,Ankrd1
20,Ccr7,Ccr7
20,LOC113834942,LOC113834942
20,LOC118238412,LOC118238412
20,Testin-2,Testin-2
20,LOC100769145,LOC100769145
20,LOC100750890,LOC100750890
20,LOC113835176,LOC113835176
20,LOC103163515,LOC103163515
20,F3,F3
20,LOC113832577,LOC113832577
20,LOC113834403,LOC113834403
20,LOC100759171,LOC100759171
20,LOC103162302,LOC103162302
20,Thbs1,Thbs1
20,Gjb5,Gjb5
20,C3,C3
20,Areg,Areg
20,Adgrd1,Adgrd1
20,Fcer2,Fcer2
20,LOC103160687,LOC103160687
20,Olfml2b,Olfml2b
20,Sdc2,Sdc2
20,Arhgef16,Arhgef16
20,Col18a1,I79_006837
21,S100a16,S100a16
21,C3,C3
21,Nrg4,Nrg4
21,Cd36,I79_011940
21,Gpd1,Gpd1
21,Cd109,Cd109
21,LOC118239129,LOC118239129
21,Lmo7,I79_012243
21,Tdgf1,Tdgf1
21,LOC100763261,LOC100763261
21,Pirt,Pirt
21,LOC107979936,LOC107979936
21,LOC103159189,LOC103159189
21,Fam13a,Fam13a
21,Tmem176b,Tmem176b
21,LOC113832752,I79_013472
21,Csrp2,I79_014012
21,C1qtnf1,I79_004757
21,LOC100760951,LOC100760951
21,Colq,Colq
21,Ccbe1,Ccbe1
21,LOC118239049,LOC118239049
21,LOC113831499,LOC113831499
21,Cd82,Cd82
21,LOC100763954,LOC100763954
21,Ccr7,Ccr7
21,LOC100767575,LOC100767575
21,LOC103163357,LOC103163357
21,LOC107979493,LOC107979493
21,LOC118239683,LOC118239683
21,LOC100763833,LOC100763833
21,Phactr1,Phactr1
21,Tsga13,Tsga13
22,Rn45s_1,Rn45s_1
22,Trnak-cuu_67,Trnak-cuu_67
22,LOC100758276,LOC100758276
22,LOC100759921,Btf3l4
22,Snrpd2,SNRPD2
22,LOC100756750,I79_005382
22,LOC107980311,I79_000461
22,LOC113839000,LOC113839000
22,LOC100755951,Rpl31
22,Rn28s1,Rn28s1
22,LOC100755978,Hsp90aa1
22,LOC113836883,LOC113836883
22,LOC100755196,Eif5a
22,LOC100763702,I79_023563
22,LOC118239081,LOC118239081
22,LOC113837438,LOC113837438
22,LOC113834006,Atp5mg
22,LOC100769680,Sms
22,LOC100765587,Rps25
22,LOC100762856,I79_000118
22,LOC113831892,LOC113831892
22,LOC100760757,I79_020971
22,LOC113833685,LOC113833685
22,LOC107977859,I79_005028
22,LOC100759247,CgPICR_014437
22,LOC113833802,LOC113833802
22,LOC100757781,Rpl10
22,LOC100765911,I79_013748
22,LOC113837769,LOC113837769
22,LOC100774172,I79_007634
22,LOC100759156,I79_004135
22,LOC113832801,LOC113832801
22,LOC100762200,LOC100762200
22,LOC100765930,I79_005484
22,LOC100769604,Rps25
22,LOC113837667,LOC113837667
22,LOC100772332,Rps3
22,LOC100771114,LOC100771114
22,LOC113837793,LOC113837793
22,LOC113833918,LOC113833918
22,LOC113836576,LOC113836576
22,LOC100755019,LOC100755019
22,LOC113831474,LOC113831474
22,LOC113835571,LOC113835571
22,LOC100764541,Eif4a1
22,Trnak-cuu_16,Trnak-cuu_16
22,LOC100756490,I79_000461
22,LOC100766582,LOC100766582
22,LOC100766073,I79_000461
22,LOC100757758,Nutf2
22,LOC113831472,LOC113831472
22,LOC113837706,Rac1
22,LOC113834529,LOC113834529
22,LOC103159764,I79_005588
22,LOC100762406,I79_003341
22,LOC113838089,LOC113838089
22,LOC107980155,I79_020971
22,LOC100760082,Rpl27
22,LOC100755284,I79_005382
23,LOC113831478,LOC113831478
23,LOC113836507,LOC113836507
23,Trnay-gua_9,Trnay-gua_9
23,LOC113833013,LOC113833013
23,LOC118238326,LOC118238326
23,LOC113830993,LOC113830993
23,LOC113836711,LOC113836711
23,LOC113831734,LOC113831734
23,LOC113833675,LOC113833675
23,LOC113834529,LOC113834529
23,Trnar-ucg_5,Trnar-ucg_5
23,LOC113833685,LOC113833685
23,LOC113837721,LOC113837721
23,LOC113833112,LOC113833112
23,Zfyve21,I79_004700
23,LOC113832434,LOC113832434
23,LOC113833116,LOC113833116
23,LOC113836709,LOC113836709
23,LOC113832634,LOC113832634
23,LOC113835100,LOC113835100
23,LOC118239039,LOC118239039
23,LOC113831476,LOC113831476
23,LOC113836532,LOC113836532
23,LOC113834011,LOC113834011
23,LOC100759247,CgPICR_014437
23,Mir186,Mir186
23,LOC113832494,LOC113832494
23,LOC113833927,LOC113833927
23,Trnan-guu_11,Trnan-guu_11
23,Ankrd61,Ankrd61
23,LOC118239268,LOC118239268
23,LOC100766491,I79_025066
23,Spn,Spn
23,LOC113834847,LOC113834847
23,Mir3068,Mir3068
23,LOC113833143,LOC113833143
23,LOC113833052,LOC113833052
23,LOC103164370,LOC103164370
23,LOC113831475,LOC113831475
23,LOC113835445,LOC113835445
23,LOC113836842,LOC113836842
23,LOC113836666,LOC113836666
23,Trnaq-uug,Trnaq-uug
23,LOC113835447,LOC113835447
23,LOC113836325,LOC113836325
23,LOC113831753,LOC113831753
23,LOC113832687,LOC113832687
23,Trnaa-ugc_12,Trnaa-ugc_12
23,LOC113836780,LOC113836780
23,LOC118237816,LOC118237816
23,LOC107978793,Rpl30
23,LOC100765626,I79_013985
23,LOC113836617,LOC113836617
23,LOC113834041,LOC113834041
23,LOC113832308,LOC113832308
23,LOC113833681,LOC113833681
23,LOC113836576,LOC113836576
23,LOC113831025_1,LOC113831025_1
23,LOC103162683,LOC103162683
23,LOC113831654,LOC113831654
23,Mir30c-2,Mir30c-2
23,LOC113837556,LOC113837556
23,LOC118238625,LOC118238625
23,LOC100689270,LOC100689270
23,LOC113837138,LOC113837138
23,LOC118239024,LOC118239024
23,Trnas-uga_1,Trnas-uga_1
23,LOC113833802,LOC113833802
23,LOC118239111,LOC118239111
23,Trnak-uuu_5,Trnak-uuu_5
23,LOC113833580,LOC113833580
23,LOC113839198,LOC113839198
23,LOC113830842,LOC113830842
23,LOC113830891,LOC113830891
23,LOC118237844,LOC118237844
23,LOC113835413,LOC113835413
23,LOC113835173,LOC113835173
23,LOC107977878,LOC107977878
23,LOC113836829,LOC113836829
23,LOC113831226,LOC113831226
23,LOC113834111,LOC113834111
23,Lrrc61,Lrrc61
23,LOC113833455,LOC113833455
23,LOC118237936,LOC118237936
23,LOC113832994,LOC113832994
23,LOC113836987,LOC113836987
23,LOC113836324,LOC113836324
23,LOC113837437,LOC113837437
23,LOC113837712,LOC113837712
23,Trnad-guc_6,Trnad-guc_6
23,LOC113835313,LOC113835313
23,Trnav-aac_3,Trnav-aac_3
23,LOC118239201,Col1a1
23,LOC113836949,LOC113836949
23,LOC100765498,LOC100765498
23,LOC113837438,LOC113837438
23,LOC118239250,LOC118239250
23,LOC118239102,LOC118239102
23,LOC100762699,Arpp19
24,Adam8,Adam8
24,Fabp4,Fabp4
24,Ldha,Ldha
24,LOC100751053,H671_4g12045
24,Tmem40,Tmem40
24,Nrg4,Nrg4
24,Sardh,I79_022683
24,LOC118239149,Col1a1
24,Pdlim2,Pdlim2
24,LOC107976981,I79_021279
24,C1qtnf1,I79_004757
24,LOC107978642,LOC107978642
24,Wnt4,Wnt4
24,LOC100771813,I79_018216
24,Ca3,Ca3
24,Spp1,Spp1
24,Serpinf1,Serpinf1
24,Mmp12,Mmp12
25,LOC100774845,I79_018217
25,LOC100761268,LOC100761268
25,LOC100760690,CgPICR_009863
25,LOC113834297,LOC113834297
25,LOC100773020,LOC100773020
25,LOC100752605,CgPICR_009863
25,LOC100775043,LOC100775043
25,LOC100754396,CgPICR_009863
25,LOC100774468,I79_008693
25,LOC100751440,LOC100751440
25,LOC100750560,CgPICR_009863
25,LOC100750854,LOC100750854
25,LOC100772735,LOC100772735
25,LOC100751726,LOC100751726
25,LOC100762720,CgPICR_009863
25,LOC100751148,LOC100751148
25,LOC100753804,LOC100753804
25,Mir2424,Mir2424
25,LOC100773886,LOC100773886
25,LOC100768756,CgPICR_009863
25,LOC100755357,CgPICR_009863
25,LOC113833236,LOC113833236
25,LOC100757772,LOC100757772
25,LOC100754104,CgPICR_009864
25,LOC100768462,LOC100768462
25,LOC113831047,LOC113831047
25,LOC113831009,LOC113831009
25,LOC113832627,LOC113832627
25,LOC113833235,LOC113833235
25,LOC100753502,LOC100753502
25,LOC100757491,LOC100757491
25,LOC113835102,LOC113835102
25,LOC100773314,LOC100773314
25,LOC100773314_1,CgPICR_009864
25,LOC113836915,LOC113836915
25,Trnar-ucu_2,Trnar-ucu_2
25,Rn45s,Rn45s
25,LOC100752904,LOC100752904
25,LOC113832912,LOC113832912
25,LOC100750550,LOC100750550
25,LOC113836845,LOC113836845
25,LOC113834849,LOC113834849
25,LOC100768185,LOC100768185
25,LOC113836041,LOC113836041
25,LOC113835808,LOC113835808
25,Trnar-ccu_3,Trnar-ccu_3
25,Trnaq-cug_1,Trnaq-cug_1
25,LOC113835498,LOC113835498
25,LOC107977157,LOC107977157
25,LOC113831025_1,LOC113831025_1
25,LOC113836949,LOC113836949
25,LOC113831046,LOC113831046
25,Trnak-cuu_53,Trnak-cuu_53
25,Trnak-cuu_49,Trnak-cuu_49
25,LOC107979446,CgPICR_009864
25,Trnah-gug_8,Trnah-gug_8
25,Trnar-ucg_5,Trnar-ucg_5
25,LOC113836853,LOC113836853
25,LOC113835167,LOC113835167
25,Hmgn5,Hmgn5
25,LOC113833639,LOC113833639
25,LOC113835625,LOC113835625
25,LOC113835513,LOC113835513
26,Mir21,Mir21
26,LOC113836832,LOC113836832
26,LOC113837639,LOC113837639
26,LOC113836176,LOC113836176
26,Mgst3,Mgst3
26,Mir671,Mir671
26,Acd,Acd
26,LOC113836829,LOC113836829
26,Tmem184c,Tmem184c
26,Ndufs5,Ndufs5
26,Chchd1,Chchd1
26,LOC113830756,Mrps18a
26,Scamp2,Scamp2
26,LOC100755733,LOC100755733
26,LOC113836576,LOC113836576
26,Mmp10,Mmp10
26,Mirlet7b,Mirlet7b
26,Trnap-agg_1,Trnap-agg_1
26,Nubp1,Nubp1
26,Isg20l2,Isg20l2
26,Tnfsf9,Tnfsf9
26,Impdh1,Impdh1
27,LOC118239683,LOC118239683
27,LOC118239130,LOC118239130
27,LOC118239049,LOC118239049
27,S100a16,S100a16
27,LOC107979589,LOC107979589
27,LOC113834903,LOC113834903
27,LOC118238272,LOC118238272
27,Clu,Clu
27,Tspan7,Tspan7
27,Fgfr1,Fgfr1
27,LOC113831598,LOC113831598
27,LOC118239129,LOC118239129
27,CUNH20orf202,CUNH20orf202
27,LOC107977441,LOC107977441
27,Prnp,Prnp
27,LOC103161312,LOC103161312
27,Trnad-guc_7,Trnad-guc_7
27,LOC113837437,LOC113837437
27,LOC103158703,I79_025172
27,Lmo2,Lmo2
27,Id2,I79_011789
27,Ncam1,I79_004399
27,LOC118237888,LOC118237888
27,LOC118239039,LOC118239039
27,Fgf12,Fgf12
28,Dusp8,Dusp8
28,LOC100763130,LOC100763130
28,LOC100760218,I79_016446
28,Hsph1,Hsph1
28,LOC113835261,LOC113835261
28,Nppb,Nppb
28,Clk1,Clk1
28,Crispld2,I79_000266
28,Serpinf1,Serpinf1
28,LOC107978991,LOC107978991
28,Il6,I79_015109
28,Cd68,Cd68
28,Csf2,Csf2
28,LOC100754516,LOC100754516
28,Bag3,Bag3
28,LOC118239372,LOC118239372
28,Dnajb1,Dnajb1
28,Csrnp1,Csrnp1
28,Gpr176,Gpr176
28,LOC113833112,LOC113833112
28,LOC100689269,LOC100689269
28,LOC113837453,LOC113837453
28,Snord14e,Snord14e
28,Isg15,Isg15
29,Fabp4,Fabp4
29,LOC100771813,I79_018216
29,Ncam1,I79_004399
29,LOC103163886,LOC103163886
29,Colq,Colq
29,Grhl2,Grhl2
29,LOC113834615,LOC113834615
29,Efemp1,I79_020269
29,Id2,I79_011789
29,LOC107979247,LOC107979247
29,LOC103161069,LOC103161069
29,LOC113837470,LOC113837470
29,LOC100763261,LOC100763261
29,LOC100754807,I79_011816
29,Spn,Spn
29,LOC118239659,LOC118239659
29,LOC113836842,LOC113836842
29,S100a16,S100a16
29,LOC118239712,LOC118239712
29,LOC113830932,LOC113830932
29,Ca3,Ca3
29,LOC100751053,H671_4g12045
29,LOC100772574,LOC100772574
29,Csf2,Csf2
29,LOC103160844,LOC103160844
29,Sardh,I79_022683
29,Igf2bp2,Igf2bp2
29,LOC100757491,LOC100757491
29,LOC113830641,LOC113830641
29,Akt3,Akt3
29,LOC107977779,LOC107977779
29,LOC118239129,LOC118239129
29,LOC113835450,LOC113835450
29,LOC103159189,LOC103159189
29,Lcp1,Lcp1
29,LOC100768845,LOC100768845
30,Lrp3,I79_020064
30,Sulf2,Sulf2
30,LOC103160010,LOC103160010
30,Ocel1,Ocel1
30,LOC103163470,LOC103163470
30,Rftn2,Rftn2
30,LOC113835460,LOC113835460
30,LOC100767530,Gstm3
30,LOC100762719,I79_008458
30,Pdlim2,Pdlim2
30,LOC100752107,LOC100752107
30,Nrg4,Nrg4
30,LOC113838082,Znf239
30,LOC113831499,LOC113831499
30,Hoxa9,Hoxa9
30,LOC103160608,LOC103160608
30,LOC113838105,I79_001024
30,LOC100765207,LOC100765207
30,Mir23a,Mir23a
30,LOC100752592_1,I79_011492
30,Lpl,Lpl
30,LOC113830932,LOC113830932
31,LOC113834936,LOC113834936
31,LOC118239233,LOC118239233
31,LOC113833156,LOC113833156
31,LOC113833697,LOC113833697
31,Atg9b,Atg9b
31,Col7a1,Col7a1
31,LOC113833272,LOC113833272
31,LOC113836438,LOC113836438
31,LOC113832597,LOC113832597
31,LOC113830966,LOC113830966
31,LOC113830843,LOC113830843
31,LOC103159353,LOC103159353
31,Plekhn1,Plekhn1
31,Slc9a5,Slc9a5
31,Mir221,Mir221
31,Ccnl2,Ccnl2
31,Amt,Amt
31,LOC113833688,LOC113833688
31,LOC113835170,LOC113835170
31,LOC113836702,LOC113836702
31,LOC100762940,LOC100762940
31,LOC103161941,LOC103161941
31,LOC100774417,LOC100774417
31,LOC118238326,LOC118238326
31,LOC100772574,LOC100772574
31,LOC113830993,LOC113830993
31,LOC113837124,LOC113837124
31,Apbb3,Apbb3
31,LOC118238393,LOC118238393
31,LOC107977605,LOC107977605
31,Rhof,Rhof
31,LOC113835171,LOC113835171
31,Mir3535,Mir3535
31,LOC113836098,LOC113836098
32,LOC118239683,LOC118239683
32,LOC113834219,LOC113834219
32,LOC113831373,LOC113831373
32,LOC113831086,LOC113831086
32,Mir3068,Mir3068
32,LOC113832596,LOC113832596
32,Mir1285,Mir1285
32,LOC113834042,LOC113834042
32,LOC113836832,LOC113836832
32,LOC107977884,LOC107977884
32,Mir338,Mir338
32,Trnak-cuu_67,Trnak-cuu_67
32,LOC113834713,LOC113834713
32,LOC113836665,LOC113836665
32,LOC113834403,LOC113834403
32,LOC113836666,LOC113836666
32,LOC113835163,LOC113835163
32,LOC113836709,LOC113836709
32,LOC113834983,LOC113834983
32,LOC113833802,LOC113833802
32,LOC113833871,LOC113833871
32,LOC113833915,LOC113833915
32,LOC113835967,LOC113835967
32,LOC113835498,LOC113835498
32,LOC113832801,LOC113832801
32,LOC113834367,LOC113834367
32,LOC118238347,LOC118238347
32,LOC113830803,LOC113830803
32,Mir374,Mir374
32,LOC118239681,LOC118239681
32,Mir199a,Mir199a
32,LOC113835862,LOC113835862
32,LOC113835450,LOC113835450
32,LOC113830994,LOC113830994
32,LOC113831472,LOC113831472
32,LOC113833011,LOC113833011
32,Mir632,Mir632
32,LOC113833676,LOC113833676
32,Mirlet7d,Mirlet7d
33,LOC113835562,LOC113835562
33,Tspan7,Tspan7
33,LOC118238646,LOC118238646
33,LOC113830809,LOC113830809
33,LOC113835169,LOC113835169
33,Mir2424,Mir2424
33,LOC113836734,LOC113836734
33,Col8a1,Col8a1
33,Trnap-agg_1,Trnap-agg_1
33,LOC100762336,LOC100762336
33,Aff2,Aff2
33,Il19,Il19
33,LOC103158756,LOC103158756
33,Ptprz1,Ptprz1
33,LOC103161518,I79_013188
33,S100a16,S100a16
33,Rarres2,Rarres2
33,LOC107978642,LOC107978642
33,LOC100763833,LOC100763833
33,LOC113834476,LOC113834476
33,LOC100766491,I79_025066
33,LOC113837466,LOC113837466
33,LOC113833685,LOC113833685
33,LOC118238370,LOC118238370
33,LOC100769505,I79_016963
33,Ccn2,Ccn2
33,LOC113831472,LOC113831472
33,LOC118239359,LOC118239359
33,Trnar-ucg_5,Trnar-ucg_5
33,LOC113837769,LOC113837769
33,LOC100754872,LOC100754872
33,LOC113833631,LOC113833631
33,LOC113831513,LOC113831513
33,LOC113836632,LOC113836632
33,Plscr4,Plscr4
33,Slpi,I79_011674
33,Sema3a,Sema3a
33,Mir21,Mir21
34,LOC113830993,LOC113830993
34,LOC113835117,LOC113835117
34,Trnap-agg,Trnap-agg
34,LOC113834076,LOC113834076
34,LOC113834724,LOC113834724
34,LOC113835166,LOC113835166
34,LOC118238917,LOC118238917
34,LOC113833814,LOC113833814
34,LOC113833147,LOC113833147
34,LOC113833051,LOC113833051
34,Trnat-agu_7,Trnat-agu_7
34,LOC113832596,LOC113832596
34,LOC113836532,LOC113836532
34,LOC113836949,LOC113836949
34,Trnar-ccu,Trnar-ccu
34,LOC100766491,I79_025066
34,Trnak-cuu_31,Trnak-cuu_31
34,LOC113836198,LOC113836198
34,LOC113832627,LOC113832627
34,LOC113834111,LOC113834111
34,LOC113835509,LOC113835509
34,Lrrc61,Lrrc61
34,LOC113832633,LOC113832633
34,LOC113831654,LOC113831654
34,Mir27a,Mir27a
34,Trnak-cuu_67,Trnak-cuu_67
34,LOC113836505,LOC113836505
34,LOC113836220,LOC113836220
34,LOC113835235,LOC113835235
34,LOC113833007,LOC113833007
34,Mir191,Mir191
34,Mir186,Mir186
34,LOC113831639,LOC113831639
34,LOC113834788,LOC113834788
34,LOC113832634,LOC113832634
34,LOC118239102,LOC118239102
34,LOC113832603,LOC113832603
34,Mir1973,Mir1973
34,LOC113831477,LOC113831477
34,LOC103164270,LOC103164270
34,LOC113836617,LOC113836617
34,LOC113836317,LOC113836317
34,LOC113831474,LOC113831474
34,Trnav-cac_6,Trnav-cac_6
34,LOC113831587,LOC113831587
34,LOC113835625,LOC113835625
34,LOC103159146,LOC103159146
34,LOC113835076,LOC113835076
34,LOC118238367,I79_009808
34,LOC118239571,LOC118239571
34,LOC100765626,I79_013985
34,LOC113833632,LOC113833632
34,LOC100753948,I79_002380
34,LOC113831373,LOC113831373
34,LOC118237928,LOC118237928
34,LOC118237866,LOC118237866
34,LOC113831735,LOC113831735
35,Txnip,Txnip
35,Ccnb2,Ccnb2
35,Ube2c,Ube2c
35,Cdkn3,Cdkn3
35,Trnak-uuu_5,Trnak-uuu_5
35,Prc1,Prc1
35,Cenpa,Cenpa
35,LOC100689269,LOC100689269
35,Dlgap5,Dlgap5
35,Knstrn,Knstrn
35,Nusap1,Nusap1
35,Tfrc,Tfrc
35,Ccnb1,Ccnb1
35,LOC113836734,LOC113836734
35,LOC118239347,LOC118239347
35,LOC100765102,I79_011106
35,Phyhd1,I79_023069
35,LOC113831473,LOC113831473
35,Plk1,Plk1
35,LOC113833631,LOC113833631
35,S100a16,S100a16
35,Mir191,Mir191
35,LOC118238721,I79_009808
35,LOC100689270,LOC100689270
35,Mir22,Mir22
35,Tacc3,I79_011096
35,Kif2c,Kif2c
35,LOC118239739,LOC118239739
35,Pole,Pole
35,LOC113836320,LOC113836320
35,LOC113836665,LOC113836665
35,Ccne2,Ccne2
35,LOC113833702,LOC113833702
35,Trnap-cgg_1,Trnap-cgg_1
35,Adam8,Adam8
35,LOC113835562,LOC113835562
35,Ranbp3l,Ranbp3l
35,Dna2,Dna2
35,LOC113835267,LOC113835267
35,LOC113837721,LOC113837721
35,LOC118238219,LOC118238219
35,Ccna2,Ccna2
35,Ccn2,Ccn2
35,LOC113836833,LOC113836833
35,Cdca8,Cdca8
35,Mir1973,Mir1973
35,Trnat-agu_7,Trnat-agu_7
35,LOC103163310,LOC103163310
35,LOC118238646,LOC118238646
35,LOC103161220,LOC103161220
35,Trnal-caa_1,Trnal-caa_1
35,Cited1,Cited1
35,Rn5-8s,Rn5-8s
35,Snord14e,Snord14e
35,LOC100761946,LOC100761946
35,LOC118239682,LOC118239682
35,Corin,Commd8
35,Bard1,Bard1
35,Top2a,Top2a
36,Ldha,Ldha
36,Id2,I79_011789
36,Serpinf1,Serpinf1
36,Nppb,Nppb
36,LOC113836194,LOC113836194
36,Nppa,Nppa
36,LOC100761692,I79_021556
36,LOC118239052,LOC118239052
36,LOC113834615,LOC113834615
36,LOC103163365,LOC103163365
36,LOC107979337,LOC107979337
36,LOC118238355,LOC118238355
36,Spon2,Spon2
37,Fth1,Fth1
37,Eef1a1,Eef1a1
37,Actb,Actb
37,Eif5a,Eif5a
37,Hspa8,Hspa8
37,LOC100754792,I79_007634
37,Hsp90aa1,Hsp90aa1
37,Eif3b,Eif3b
37,Atp5f1b,Atp5f1b
37,LOC113830659,I79_001117
37,LOC100773511,I79_005246
37,Cfl1,Cfl1
37,LOC100765757,I79_019691
37,Cct7,Cct7
38,LOC113837626,LOC113837626
38,Enah,Enah
38,Tarbp1,Tarbp1
38,LOC107977237,LOC107977237
38,LOC118239129,LOC118239129
38,LOC113832856,LOC113832856
38,LOC103162230,LOC103162230
38,Fgf7,Fgf7
38,Gpd1,Gpd1
38,Themis,Themis
38,LOC100750571,I79_011711
38,Pirt,Pirt
38,LOC103163846,LOC103163846
38,Ldhd,Ldhd
38,Cd109,Cd109
38,LOC107979342,LOC107979342
38,Slc66a2,Slc66a2
38,Id2,I79_011789
38,Trnap-ugg_2,Trnap-ugg_2
38,Nrg4,Nrg4
38,Pros1,Pros1
38,LOC107979452,LOC107979452
38,LOC100771813,I79_018216
38,LOC103163238,LOC103163238
38,Vangl2,Vangl2
38,Arhgap32,Arhgap32
38,LOC103163886,LOC103163886
38,LOC107978189,LOC107978189
38,LOC113830878,LOC113830878
38,Mt1,Mt1
38,LOC113831088,LOC113831088
38,Was,I79_012275
38,Efemp1,I79_020269
38,Rftn2,Rftn2
38,LOC103161595,LOC103161595
38,Mgat5,Mgat5
39,LOC100773073,LOC100773073
39,LOC100751672,I79_017481
39,LOC118237644,LOC118237644
39,Fos,Fos
39,Inka2,Inka2
39,Eda2r,Eda2r
39,Sesn2,Sesn2
39,LOC103161050,LOC103161050
39,LOC100769250,LOC100769250
39,Ccdc122,Ccdc122
39,LOC100753502,LOC100753502
39,Mir22,Mir22
39,Rbm3,Rbm3
39,Hoatz,Hoatz
39,Moxd1,I79_021165
39,LOC100754104,CgPICR_009864
39,Tbc1d8,Tbc1d8
39,LOC100755639,I79_025102
39,Mdm2,Mdm2
39,LOC107979446,CgPICR_009864
39,Ccng1,Ccng1
39,LOC118238272,LOC118238272
39,LOC118239039,LOC118239039
39,Btg2,Btg2
39,Rhbdl2,Rhbdl2
39,Smim4,Smim4
39,Mirlet7b,Mirlet7b
39,LOC100753804,LOC100753804
40,Cxcl10,Cxcl10
40,LOC100762078,I79_009463
40,LOC100752806,LOC100752806
40,LOC100767905,LOC100767905
40,Ifit2,Ifit2
40,Oas2,Oas2
40,LOC100769624,LOC100769624
40,LOC100760047,I79_009463
40,LOC100762860,LOC100762860
40,LOC100750355,LOC100750355
40,LOC113834739,Ifit2
40,Ccn2,Ccn2
40,LOC100763791,I79_009463
40,LOC107977370,LOC107977370
40,LOC100768312,LOC100768312
40,LOC100754939,LOC100754939
40,Tspan7,Tspan7
40,LOC100774003,I79_009377
40,LOC100762377,I79_009463
40,LOC113835267,LOC113835267
40,Cxcl9,Cxcl9
40,LOC100759759,I79_009463
40,LOC100761048,LOC100761048
40,LOC100771979,LOC100771979
40,LOC100761326,I79_009463
40,Gbp5,Gbp5
40,LOC100762574,LOC100762574
41,LOC113838319,LOC113838319
41,LOC113838496,LOC113838496
41,Adgrl2,Adgrl2
41,Skap2,Skap2
41,Prkag2,Prkag2
41,LOC107977165,I79_025588
41,Psma8,Psma8
41,Dok5,Dok5
41,Vamp5,Vamp5
41,LOC113831598,LOC113831598
41,Il6,I79_015109
41,Ndrg1,I79_020508
41,Ldha,Ldha
41,Unc5b,Unc5b
41,Dpt,Dpt
41,LOC100767818,LOC100767818
41,Ptx3,Ptx3
41,Mmp12,Mmp12
41,Rarres2,Rarres2
41,Znf783,Znf783
41,Ccn1,Ccn1
41,LOC100773005,I79_025230
41,Trim54,Trim54
41,Spn,Spn
41,LOC103163376,LOC103163376
41,Bmp5,I79_000120
41,Cask,I79_000592
41,Adgrd1,Adgrd1
41,LOC100756214,Cuta
42,Mmp10,Mmp10
42,Il33,Il33
42,Nppb,Nppb
42,Neu2,Neu2
42,Fabp4,Fabp4
42,Mmp12,Mmp12
42,LOC103160221,LOC103160221
42,Ldha,Ldha
42,Mmp3,Mmp3
42,Id3,Id3
42,LOC100754872,LOC100754872
42,Nppa,Nppa
42,Glipr1,Glipr1l1
42,Timp1,Timp1
42,Cd82,Cd82
42,LOC113830878,LOC113830878
42,LOC103163365,LOC103163365
42,Ptgs2,Ptgs2
42,LOC100761692,I79_021556
42,Errfi1,Errfi1
43,LOC118238268,LOC118238268
43,LOC118237995,LOC118237995
43,Fabp4,Fabp4
43,Ctsd,Ctsd
43,LOC103161891,LOC103161891
43,LOC118237929,LOC118237929
43,Maged2,Maged2
43,Tmem88b,Tmem88b
43,Stxbp6,Stxbp6
43,Tinagl1,Tinagl1
43,LOC118238016,LOC118238016
43,Aga,Aga
43,Nrg4,Nrg4
43,Erp29,Erp29
43,Csrp2,I79_014012
43,LOC107980024,LOC107980024
43,Mcc,Mcc
43,Tmem63a,Tmem63a
43,Syn2,Syn2
43,LOC113837481,LOC113837481
43,Zdhhc4,Zdhhc4
43,Lgmn,Lgmn
43,LOC113832687,LOC113832687
43,LOC100767530,Gstm3
43,LOC113834615,LOC113834615
43,LOC113833999,LOC113833999
43,LOC113834284,LOC113834284
43,Smyd3,Smyd3
43,LOC100766031,I79_015301
43,Slitrk5,Slitrk5
43,LOC118238445,I79_019339
43,Cd36,I79_011940
44,LOC118238392,LOC118238392
44,Uap1l1,Uap1l1
44,Map2k2,Map2k2
44,LOC118238649,LOC118238649
44,LOC113830954,LOC113830954
44,Pla2g2a,Pla2g2a
44,Gipc1,Gipc1
44,Ttc14,Ttc14
44,Spp1,Spp1
44,Rbm3,Rbm3
44,Plat,Plat
44,Arfrp1,I79_009893
44,Nol12,Nol12
44,Ftl,Ftl
44,Jmjd7,Jmjd7
44,Slc25a1,Slc25a1
44,Rnf6,Rnf6
44,S100a5,S100a5
44,Efemp2,Efemp2
44,LOC113837215,LOC113837215
44,Echs1,I79_024352
44,Ankrd37,Ankrd37
44,Slc25a11,Slc25a11
44,Atpsckmt,Atpsckmt
44,Hspa5,HSPA5
44,Phpt1,Phpt1
44,LOC113832529,LOC113832529
44,Ccdc167,Ccdc167
44,Gmppb,Gmppb
44,LOC103160811,LOC103160811
45,LOC107979116,LOC107979116
45,LOC103164268,LOC103164268
45,LOC118239505,LOC118239505
45,Mir374,Mir374
45,LOC103163417,LOC103163417
45,LOC113834560,LOC113834560
45,LOC113831491,LOC113831491
45,LOC107979474,LOC107979474
45,Arhgap25,Arhgap25
45,LOC113832261,LOC113832261
45,Plcxd3,Plcxd3
45,LOC107980208,LOC107980208
45,LOC118239644,LOC118239644
45,LOC103163458,LOC103163458
45,LOC107980247,LOC107980247
45,LOC113831299,LOC113831299
45,LOC118238829,LOC118238829
45,LOC100763247,I79_020220
45,LOC103160827,LOC103160827
45,LOC103164274,LOC103164274
45,LOC113837017,LOC113837017
45,Mirlet7c-2,Mirlet7c-2
45,LOC103162212,LOC103162212
45,LOC118239359,LOC118239359
45,LOC103160010,LOC103160010
45,LOC113834517,LOC113834517
45,Marchf1,Marchf1
45,Eid3,Eid3
45,LOC113833674,LOC113833674
45,LOC113837162,LOC113837162
45,LOC113833275,LOC113833275
45,LOC107978216,LOC107978216
45,LOC113832343,LOC113832343
45,LOC118239510,LOC118239510
45,LOC113836429,LOC113836429
45,LOC118238917,LOC118238917
45,LOC113837101,LOC113837101
45,LOC113836926,LOC113836926
45,LOC113834422,LOC113834422
45,LOC113837758,LOC113837758
45,LOC113836416,LOC113836416
45,LOC113835169,LOC113835169
45,Mir3068,Mir3068
45,LOC107979269,LOC107979269
45,LOC100759383,LOC100759383
45,LOC118238766,LOC118238766
45,LOC118239506,LOC118239506
45,LOC113834127,LOC113834127
45,LOC113833112,LOC113833112
45,LOC113835899,LOC113835899
45,LOC103160625,LOC103160625
45,LOC113832735,LOC113832735
45,Zbtb20,Zbtb20
45,LOC113839468,LOC113839468
45,LOC113831587,LOC113831587
45,LOC113833913,LOC113833913
45,LOC113837543,LOC113837543
45,LOC103161022,LOC103161022
45,LOC103161398,LOC103161398
45,LOC103161883,LOC103161883
45,LOC113832495,LOC113832495
45,LOC113832752,I79_013472
45,LOC103159201,LOC103159201
45,LOC107977627,LOC107977627
45,LOC118239235,LOC118239235
45,LOC118239562,LOC118239562
46,LOC118239328,LOC118239328
46,LOC113830993,LOC113830993
47,Ncl,I79_015960
47,LOC103161269,LOC103161269
47,Ddit4,Ddit4
47,Ppm1g,Ppm1g
47,LOC103158861,LOC103158861
47,Dpm3,Dpm3
47,LOC100773172,LOC100773172
47,Atp6v1f,Atp6v1f
47,Elob,Elob
47,Ier3,Ier3
47,Pabpc1,Pabpc1
47,Asah1,Asah1
47,Ssrp1,Ssrp1
47,Rnf10,Rnf10
47,LOC113837438,LOC113837438
47,Cks2,Cks2
47,Trim28,Trim28
47,Set,I79_011986
47,Chchd1,Chchd1
47,Fmc1,Fmc1
47,LOC100752010,LOC100752010
47,LOC113831473,LOC113831473
47,Fau,Fau
47,Ubtf,Ubtf
47,Smc1a,Smc1a
47,Tkt,Tkt
47,Surf4,Surf4
47,Commd6,Commd6
47,LOC100751590,LOC100751590
47,Adapt15,Adapt15
47,Mcm7,Mcm7
47,Uba1,Uba1
47,Hddc3,Hddc3
47,LOC113836832,LOC113836832
47,LOC100764983,LOC100764983
47,Mcm3,Mcm3
47,Borcs8,Borcs8
48,Fgfbp1,Fgfbp1
48,LOC113836194,LOC113836194
48,LOC118238703,LOC118238703
48,Mro,Mro
48,LOC100768654,I79_018767
48,LOC100766081,LOC100766081
48,LOC100754872,LOC100754872
48,Casp4,Casp4
48,Cnn1,Cnn1
48,LOC100759171,LOC100759171
48,Angpt4,Angpt4
48,LOC100758980,Ucp3
48,LOC118239098,LOC118239098
48,LOC113832209,LOC113832209
48,Mab21l3,Mab21l3
48,LOC103158925,LOC103158925
48,LOC113837712,LOC113837712
48,LOC100760951,LOC100760951
48,Slc13a3,I79_006798
48,Nt5c3b,Nt5c3b
48,LOC103159353,LOC103159353
48,Fgf7,Fgf7
48,LOC113832856,LOC113832856
48,LOC118238559,LOC118238559
48,Spn,Spn
48,Iyd,Iyd
48,LOC100755951,Rpl31
48,Slc9a3r2,Slc9a3r2
48,Cdh7,Cdh7
48,CUNH10orf82,CUNH10orf82
48,LOC113833675,LOC113833675
48,Mmp11,Mmp11
48,Tspan11,Tspan11
48,LOC118238486,LOC118238486
48,LOC113834367,LOC113834367
48,LOC118239624,LOC118239624
48,Col4a1,Col4a1
48,LOC113835627,LOC113835627
48,LOC103161500,LOC103161500
48,LOC103164370,LOC103164370
48,Them6,Them6
48,LOC100761082,I79_013183
48,Ccl1,Ccl1
48,Gabrr3,Gabrr3
48,LOC118238347,LOC118238347
48,Cgnl1,Cgnl1
48,Slc25a23,Slc25a23
48,LOC103163538,LOC103163538
48,Itga9,Itga9
48,Lbh,Lbh
48,LOC103160221,LOC103160221
48,Mirlet7f,Mirlet7f
48,Jsrp1,Jsrp1
48,LOC118238412,LOC118238412
48,LOC100751267,I79_005887
48,Napsa,Napsa
48,Nts,Nts
48,Fndc4,Fndc4
48,LOC107980197,LOC107980197
48,Prnd,Prnd
48,LOC118239651,LOC118239651
48,Sulf2,Sulf2
48,LOC103160685,LOC103160685
48,LOC118239268,LOC118239268
49,Asns,Asns
49,Bgn,Bgn
49,Pirt,Pirt
49,LOC100768165,I79_015655
49,LOC113833999,LOC113833999
49,Aqp1,Aqp1
49,Iyd,Iyd
49,LOC103163104,LOC103163104
49,LOC113836830,LOC113836830
49,Trnay-gua_6,Trnay-gua_6
49,Mmp3,Mmp3
49,Cfap20dc,Cfap20dc
49,Ppfibp2,I79_021657
49,Zbtb32,Zbtb32
49,Sardh,I79_022683
49,LOC113836160,I79_004700
49,LOC113833674,LOC113833674
49,Il33,Il33
49,LOC118239138,LOC118239138
49,LOC113833802,LOC113833802
49,LOC113830993,LOC113830993
49,LOC113833114,LOC113833114
49,Gpr27,Gpr27
49,LOC118239201,Col1a1
49,LOC113831885,LOC113831885
49,Pdlim2,Pdlim2
49,Znf18,Znf18
49,LOC103160608,LOC103160608
50,Mmp2,Mmp2
50,LOC113833747,LOC113833747
50,LOC107979337,LOC107979337
50,LOC118239586,LOC118239586
50,LOC113834367,LOC113834367
50,LOC113833686,LOC113833686
50,Pecam1,I79_008304
50,LOC113835408,LOC113835408
50,LOC113835076,LOC113835076
50,LOC118238648,LOC118238648
50,Angptl8,Angptl8
50,LOC100762783,LOC100762783
50,LOC113837138,LOC113837138
50,LOC113835173,LOC113835173
50,LOC113831892,LOC113831892
51,LOC113833723,I79_009808
51,LOC103159011,I79_002027
51,LOC100689270,LOC100689270
51,LOC113833698,LOC113833698
51,LOC113831474,LOC113831474
51,LOC113836320,LOC113836320
51,LOC113830844,LOC113830844
51,LOC113833702,LOC113833702
51,Mir22,Mir22
51,LOC113833697,LOC113833697
51,LOC118238272,LOC118238272
51,LOC113836437,LOC113836437
51,LOC113831414,LOC113831414
51,Trnak-cuu_37,Trnak-cuu_37
51,LOC113836458,LOC113836458
51,LOC118237936,LOC118237936
51,LOC107977878,LOC107977878
51,LOC118238307,LOC118238307
51,LOC118239662,LOC118239662
51,LOC113832320,LOC113832320
51,LOC113832494,LOC113832494
51,Mir6092,Mir6092
51,LOC113832994,LOC113832994
51,LOC107980197,LOC107980197
52,Bgn,Bgn
52,LOC113834278,LOC113834278
52,LOC100755834,LOC100755834
52,LOC100750890,LOC100750890
52,Mpp6,Mpp6
52,Col3a1,Col3a1
52,Aebp1,Aebp1
52,Cnrip1,Cnrip1
52,Cadm1,I79_019913
52,LOC100766583,I79_006129
52,LOC103163886,LOC103163886
52,LOC113833950,LOC113833950
52,Btg3,Btg3
52,LOC100769497,I79_017951
52,LOC103160641,LOC103160641
52,LOC113836802,LOC113836802
52,LOC103159228,LOC103159228
52,Rcn2,Rcn2
52,LOC118237777,LOC118237777
52,Kdelr3,Kdelr3
52,LOC107980378,LOC107980378
52,LOC103160599,LOC103160599
52,Dcn,Dcn
52,Ckmt1b,Ckmt1b
52,Col6a2,Col6a2
52,Mtss1,Mtss1
52,Col4a2,Col4a2
52,LOC103162856,LOC103162856
52,Kitlg,Kitlg
52,Uck1,Uck1
52,Ctps2,Ctps2
52,LOC100757158,I79_019425
52,Lgalsl,Lgalsl
52,Tes,Tes
52,Nrn1,I79_003079
52,LOC103162162,LOC103162162
52,LOC100753467,I79_022518
52,Noxa1,Noxa1
53,LOC118238412,LOC118238412
53,LOC107977973,LOC107977973
53,Ppt1,Ppt1
53,Plcz1,Plcz1
53,Cda,Cda
53,Col3a1,Col3a1
53,Eva1b,Eva1b
53,Aqp1,Aqp1
53,LOC113834849,LOC113834849
53,Sinhcaf,Sinhcaf
53,Bmp5,I79_000120
53,LOC113835715,LOC113835715
54,Trib3,Trib3
54,Sesn2,Sesn2
54,Slc6a9,Slc6a9
54,Asns,Asns
54,Atf5,Atf5
54,Ddit3,Ddit3
54,Ddit4,Ddit4
54,Atf4,Atf4
54,Chac1,Chac1
54,Gadd45a,Gadd45a
54,Pycr1,H671_7g18352
54,Gpt2,Gpt2
54,Stc2,Stc2
54,Atf3,Atf3
54,Yars1,Yars1
54,Pck2,Pck2
54,LOC103161105,LOC103161105
54,Nnmt,Nnmt
54,Psat1,Psat1
54,Mthfd2,Mthfd2
54,Gtpbp2,I79_024595
54,Camlg,Camlg
54,LOC113834382,LOC113834382
54,Herpud1,Herpud1
54,Aars1,Aars1
54,Slc3a2,Slc3a2
54,LOC113834136,LOC113834136
54,Il33,Il33
54,Iars1,Iars1
54,Slc7a5,Slc7a5
54,Gars1,Gars1
54,LOC100772859,I79_012301
54,Cars1,Cars1
54,Slc1a5,Slc1a5
54,Mir450b,Mir450b
54,Niban1,Niban1
54,Slc7a1,Slc7a1
54,Zswim3,Zswim3
54,Sars1,SARS1
54,Ppp1r15a,I79_016638
54,Tars1,Tars1
54,Nupr1,I79_024210
54,Psph,Psph
54,Eif4ebp1,Eif4ebp1
54,Abhd6,Abhd6
54,Slc7a7,Slc7a7
54,Slc1a4,Slc1a4
54,LOC118238565,LOC118238565
54,Hspa8,Hspa8
54,Cerk,Cerk
54,Adapt15,Adapt15
54,Mir27a,Mir27a
54,Xpot,Xpot
54,LOC118239039,LOC118239039
54,LOC100750542,I79_020167
54,Shmt2,Shmt2
54,Nars1,Nars1
54,Lars1,Lars1
54,LOC113833112,LOC113833112
54,LOC113837180,I79_020066
54,Mknk1,Mknk1
54,Chst12,Chst12
54,Mir23a,Mir23a
55,Mir652,Mir652
55,LOC100760278,LOC100760278
55,LOC113830871,LOC113830871
55,LOC118238625,LOC118238625
55,LOC113837062,LOC113837062
55,Ccny_1,Ccny
55,LOC103160404,LOC103160404
55,LOC113835566,LOC113835566
55,LOC113832494,LOC113832494
55,LOC113832500,LOC113832500
55,LOC103159629,I79_007492
55,LOC113833454,LOC113833454
55,LOC113836326,LOC113836326
55,LOC113833675,LOC113833675
55,LOC113833686,LOC113833686
55,LOC100689270,LOC100689270
55,LOC100765692,Rps8
55,LOC113836435,LOC113836435
55,LOC113836037,LOC113836037
55,LOC113831475,LOC113831475
55,LOC113836434,LOC113836434
55,Ndufb4,Ndufb4
55,LOC113833691,LOC113833691
55,LOC113833456,LOC113833456
55,LOC100765207,LOC100765207
55,LOC100772980,LOC100772980
55,Mir25,Mir25
55,LOC103160417,LOC103160417
55,LOC113834714,LOC113834714
55,LOC100768885,Larp7
55,LOC113836730,LOC113836730
55,LOC100769978,Atp5mg
55,LOC113832597,LOC113832597
55,LOC113833702,LOC113833702
55,Chtf8,Chtf8
55,LOC100774773,I79_012518
55,LOC100769162,H671_3g9632
55,LOC113831372,LOC113831372
55,LOC113832600,LOC113832600
55,LOC113836734,LOC113836734
55,LOC103159882,Sec61g
55,Ndufa6,Ndufa6
55,LOC100765930,I79_005484
55,LOC100754445,Rpl23
55,LOC113832320,LOC113832320
55,LOC113832603,LOC113832603
55,LOC113836665,LOC113836665
55,Rpl4_1,I79_006739
55,Rn45s,Rn45s
55,Rpa3,Rpa3
55,Ppdpf,Ppdpf
55,Scand1,Scand1
55,LOC100762070,CgPICR_016797
55,LOC113839000,LOC113839000
55,LOC118238844,LOC118238844
56,LOC113831373,LOC113831373
56,Fabp4,Fabp4
56,LOC113835350,LOC113835350
56,Trnap-agg_1,Trnap-agg_1
56,LOC113832785,Brd4
56,LOC118237931,LOC118237931
56,LOC113836427,I79_002895
56,LOC107979337,LOC107979337
56,LOC118238272,LOC118238272
56,LOC113839000,LOC113839000
56,LOC118238625,LOC118238625
56,LOC113836505,LOC113836505
56,LOC100754734,LOC100754734
56,LOC103161381,LOC103161381
56,LOC113836317,LOC113836317
56,Ldha,Ldha
56,LOC113837101,LOC113837101
56,LOC113835176,LOC113835176
56,Mir484,Mir484
56,Rn5-8s,Rn5-8s
56,Mir1973,Mir1973
56,LOC113832033,LOC113832033
56,Mbp,Mbp
56,LOC103159589,LOC103159589
56,Map1a,Map1a
56,LOC118239562,LOC118239562
56,Hyal1,Hyal1
56,LOC118238646,LOC118238646
56,Lama3,I79_014076
56,LOC100760951,LOC100760951
56,LOC118238549,LOC118238549
56,Trnav-aac,Trnav-aac
56,LOC113831617,LOC113831617
56,Hivep3,Hivep3
56,S100a16,S100a16
56,LOC113832678,LOC113832678
56,LOC103162302,LOC103162302
56,LOC100763247,I79_020220
56,LOC107980378,LOC107980378
56,Pcdh15,Pcdh15
56,LOC113838319,LOC113838319
56,LOC107978006,LOC107978006
56,LOC113833142,LOC113833142
56,LOC113831734,LOC113831734
57,Slc7a11,I79_007529
57,LOC100753467,I79_022518
57,LOC100757262,LOC100757262
57,Akr1b8,Akr1b8
57,Ephx1,Ephx1
57,Mir22,Mir22
57,Osgin1,Osgin1
57,Nqo1,Nqo1
57,Prdx1,Prdx1
57,Hmox1,Hmox1
57,Gstp1,Gstp1
57,LOC113833620,Prdx1
57,LOC113834954,Prdx1
57,LOC113830843,LOC113830843
57,Fmo4,Fmo4
57,Gclm,I79_022778
57,LOC113836439,LOC113836439
57,LOC118239514,LOC118239514
57,LOC113833455,LOC113833455
57,Slc1a4,Slc1a4
57,Slc40a1,Slc40a1
57,Slc11a1,I79_015333
57,Txnrd1,Txnrd1
57,LOC118238393,LOC118238393
57,LOC113835168,LOC113835168
57,LOC107980209,LOC107980209
57,Tfrc,Tfrc
57,F2rl2,F2rl2
57,LOC100761504,I79_020969
57,Col3a1,Col3a1
57,LOC103163886,LOC103163886
57,LOC100762200,LOC100762200
57,Slc6a9,Slc6a9
57,LOC118238469,LOC118238469
57,Pir,Pir
57,LOC113831753,LOC113831753
57,LOC113836317,LOC113836317
57,LOC113834366,LOC113834366
57,LOC107980199,LOC107980199
57,Esd,Esd
57,LOC103158689,LOC103158689
57,Ngf,Ngf
57,Adam8,Adam8
57,LOC113832308,LOC113832308
57,LOC103164066,LOC103164066
57,Slc48a1,Slc48a1
57,G6pd,G6pd
57,LOC113836835,LOC113836835
57,LOC113835524,LOC113835524
57,Cat,Cat
57,Trnan-guu_11,Trnan-guu_11
57,LOC113836616,LOC113836616
57,LOC113832497,LOC113832497
57,Srxn1,Srxn1
57,LOC100755423,LOC100755423
57,Abcb6,Abcb6
57,LOC113835625,LOC113835625
58,Procr,Procr
58,LOC103164370,LOC103164370
58,LOC100771838,I79_023469
58,LOC103158736,LOC103158736
58,Cd36,I79_011940
58,Fam13c,I79_016927
58,LOC113833455,LOC113833455
58,LOC113836601,LOC113836601
58,Pfkp,Pfkp
58,LOC103161500,LOC103161500
58,Cxcl3,Cxcl3
58,LOC118239130,LOC118239130
58,LOC113832856,LOC113832856
58,Adgrl2,Adgrl2
58,Znf248,Znf248
58,Ppfibp2,I79_021657
58,Trnas-aga_1,Trnas-aga_1
58,Selenbp1,Selenbp1
58,LOC100763261,LOC100763261
58,LOC100757534,I79_018158
58,LOC103159033,LOC103159033
58,Sulf2,Sulf2
58,Dok5,Dok5
58,Spn,Spn
58,LOC100768165,I79_015655
58,Thbs1,Thbs1
58,LOC103158561,I79_015408
58,Mir147,Mir147
58,LOC103159579,LOC103159579
58,Ankrd30a,Ankrd30a
58,Ndrg1,I79_020508
58,Tle1,Tle1
58,Ldhd,Ldhd
58,C1qtnf1,I79_004757
58,LOC100763833,LOC100763833
58,Sinhcaf,Sinhcaf
58,LOC113833004,LOC113833004
58,Trnan-guu_6,Trnan-guu_6
58,Trnar-ucg_2,Trnar-ucg_2
58,LOC103158756,LOC103158756
58,Mir29b,Mir29b
58,Trnas-aga_3,Trnas-aga_3
58,LOC113830878,LOC113830878
58,Rarres2,Rarres2
58,Cdsn,Cdsn
58,Tpgs2,Tpgs2
58,Ctnna2,Ctnna2
59,LOC113836458,LOC113836458
59,LOC118239683,LOC118239683
59,Zfyve21,I79_004700
59,Trnal-cag_4,Trnal-cag_4
59,LOC113836322,LOC113836322
59,LOC113834933,LOC113834933
59,LOC113836920,LOC113836920
59,LOC113833921,LOC113833921
59,LOC113836572,LOC113836572
59,Mir1285,Mir1285
59,LOC113831553,LOC113831553
59,LOC113834041,LOC113834041
59,LOC113835267,LOC113835267
59,LOC113835168,LOC113835168
59,LOC113831373,LOC113831373
59,B3gnt4,B3gnt4
59,LOC113832495,LOC113832495
59,Mirlet7d,Mirlet7d
59,Trnak-cuu_32,Trnak-cuu_32
59,LOC113831079,LOC113831079
60,Plekhm1,Plekhm1
60,Nrg4,Nrg4
60,Dlx4,I79_010905
60,Serpinf1,Serpinf1
60,Cd36,I79_011940
60,LOC103163127,LOC103163127
60,Sulf2,Sulf2
60,Ncam1,I79_004399
60,Epb41,I79_004172
60,LOC100763833,LOC100763833
60,LOC100752904,LOC100752904
60,She,She
60,Lat,Lat
60,Dok5,Dok5
60,LOC118238393,LOC118238393
60,Csrp2,I79_014012
60,LOC100752010,LOC100752010
60,Id3,Id3
60,Cxcl3,Cxcl3
60,Rhou,Rhou
60,Vangl2,Vangl2
60,LOC118239586,LOC118239586
60,LOC118238818,LOC118238818
60,Tnfrsf9,Tnfrsf9
60,Prnp,Prnp
60,Arhgap32,Arhgap32
60,Ctsh,Ctsh
60,Fabp4,Fabp4
60,Tdgf1,Tdgf1
60,Sphk1,Sphk1
61,LOC118239129,LOC118239129
61,Fabp4,Fabp4
61,LOC113835640,LOC113835640
61,LOC118239493,LOC118239493
61,Serpinf1,Serpinf1
61,LOC113833723,I79_009808
61,S100a16,S100a16
61,Fn3k,Fn3k
61,LOC113834737,LOC113834737
61,LOC118238536,LOC118238536
61,LOC103161182,LOC103161182
61,Ptprt,Ptprt
61,LOC118238818,LOC118238818
61,LOC107979929,LOC107979929
62,LOC113837470,LOC113837470
62,Pon2,I79_014108
62,Spn,Spn
62,LOC103163470,LOC103163470
62,Cldn15,Cldn15
62,Tacc1,Tacc1
62,Nppb,Nppb
62,Spp1,Spp1
62,Pstpip1,I79_003588
62,LOC103158729,LOC103158729
62,Aqp1,Aqp1
62,Tlr3,Tlr3
62,LOC113836458,LOC113836458
62,Hvcn1,Hvcn1
62,Ccbe1,Ccbe1
62,LOC100757805,I79_015266
62,LOC100752430,LOC100752430
62,LOC103162998,LOC103162998
62,Trnak-uuu_4,Trnak-uuu_4
62,Kctd15,Kctd15
62,LOC113832704,LOC113832704
62,LOC118239149,Col1a1
62,LOC113834251,I79_004928
62,Ptgs2,Ptgs2
62,LOC113837721,LOC113837721
62,LOC113831374,LOC113831374
62,LOC118238398,LOC118238398
62,Creg1,Creg1
63,LOC113831042,LOC113831042
63,Trnag-ucc_4,Trnag-ucc_4
63,Trnak-cuu_1,Trnak-cuu_1
63,LOC113837917,LOC113837917
63,Trnak-cuu_39,Trnak-cuu_39
63,LOC113831966,LOC113831966
63,LOC113831655,LOC113831655
63,LOC113832752,I79_013472
63,LOC113833231,LOC113833231
63,LOC113835720,LOC113835720
63,LOC113835607,LOC113835607
63,Trnai-aau_1,Trnai-aau_1
63,LOC113832434,LOC113832434
63,LOC113836221,LOC113836221
63,LOC113836576,LOC113836576
63,LOC113837330,LOC113837330
63,Mir664,Mir664
63,LOC113837769,LOC113837769
63,LOC113837232,LOC113837232
63,LOC113833632,LOC113833632
63,LOC113835499,LOC113835499
63,LOC113836317,LOC113836317
63,LOC113831800,LOC113831800
63,LOC113831972,LOC113831972
63,LOC113833215,LOC113833215
63,Trnag-gcc_3,Trnag-gcc_3
63,LOC113834847,LOC113834847
63,LOC113836319,LOC113836319
63,LOC113830803,LOC113830803
63,LOC113836215,LOC113836215
63,LOC113835100,LOC113835100
63,Trnat-ugu,Trnat-ugu
64,LOC100774337,LOC100774337
64,LOC107977812,I79_000460
64,LOC100766073,I79_000461
64,LOC100767286,I79_000118
64,LOC100759693,Rpl7a
64,LOC113837666,I79_000461
64,LOC113837639,LOC113837639
64,LOC107980311,I79_000461
64,LOC100756946,I79_005279
64,LOC113836333,I79_000986
64,Rn45s_1,Rn45s_1
64,LOC100757828,I79_000461
64,LOC107980146,I79_000460
64,LOC113838061,LOC113838061
64,LOC118238714,Rpl26
64,LOC100761941,Sec61g
64,LOC113839000,LOC113839000
64,LOC118239081,LOC118239081
64,LOC107978571,I79_000118
64,LOC100752312,I79_000118
64,LOC100762631,Rplp0
64,LOC100762856,I79_000118
64,LOC113834954,Prdx1
64,LOC100763702,I79_023563
64,LOC100757758,Nutf2
64,LOC113833490,I79_000460
64,LOC100768642_1,LOC100768642_1
64,LOC100759156,I79_004135
64,LOC100762406,I79_003341
64,LOC100757824,CgPICR_014552
64,LOC100752901,I79_005382
64,LOC113837023,Ubc
64,LOC103159011,I79_002027
64,LOC100756057,I79_011986
64,LOC100767038,Rpl7a
64,LOC113837022,I79_002027
64,LOC100752397,H671_3g10394
64,LOC100770366,Eef1a1
64,LOC100769775,Rpl17
64,LOC113837706,Rac1
64,LOC100760019,LOC100760019
64,LOC100772563,I79_005246
64,Trnak-cuu_67,Trnak-cuu_67
64,LOC113835350,LOC113835350
64,LOC113836540,I79_007492
64,LOC113836395,LOC113836395
64,LOC113833698,LOC113833698
64,LOC113831475,LOC113831475
64,LOC100764707,I79_005382
64,LOC100758511,I79_005246
64,LOC103159764,I79_005588
64,LOC100759534,I79_022545
64,LOC100762101,Actr2
64,LOC100767106,LOC100767106
64,LOC100765587,Rps25
64,LOC100773485,Rexo2
64,LOC100760472,I79_000118
64,LOC100768740,Rpl10
64,LOC113832602,CgPICR_014552
64,LOC113832596,LOC113832596
64,LOC100765626,I79_013985
64,LOC107978793,Rpl30
64,LOC100765007,Eef1g
64,LOC100759921,Btf3l4
64,LOC100758569,I79_005028
64,LOC113833838,LOC113833838
64,LOC100773485_1,Rexo2
64,LOC100751634,Rpsa
64,LOC100755951,Rpl31
64,LOC113837667,LOC113837667
64,Rn5-8s,Rn5-8s
64,LOC113833725,LOC113833725
64,LOC100768330,Pcbp2
64,Gng5,Gng5
64,LOC113833112,LOC113833112
64,LOC100771117,Rpl7
64,LOC100768894,Rpl32
64,LOC100761493,I79_004135
64,LOC100765911,I79_013748
64,LOC103164511,Tpm3
64,LOC100756207,I79_002093
64,LOC100764637,Eif1
64,LOC107977878,LOC107977878
64,LOC100770811,Rpl17
64,LOC100756515,Ubc
64,LOC100765498,LOC100765498
64,LOC103159216,LOC103159216
64,LOC100755948,I79_004135
64,LOC100755641,LOC100755641
64,LOC103162762,Rbx1
64,LOC107979073,I79_005028
64,LOC100752071,I79_010951
64,LOC100762699,Arpp19
64,LOC113834983,LOC113834983
64,LOC100768274,LOC100768274
64,LOC113837457,I79_021287
64,LOC118239159,LOC118239159
65,Maged1,Maged1
65,LOC107977973,LOC107977973
65,Pdpn,Pdpn
65,Vstm4,Vstm4
65,LOC103162302,LOC103162302
65,Dpt,Dpt
65,Col4a1,Col4a1
65,Zmat4,Zmat4
65,Col4a2,Col4a2
65,LOC107978394,LOC107978394
65,Swap70,Swap70
65,LOC118238520,LOC118238520
65,C1H12orf75,C1H12orf75
65,Stc2,Stc2
65,Eif4e3,Eif4e3
65,Hes2,I79_024356
65,LOC100767818,LOC100767818
65,Morn4,Morn4
65,Nppb,Nppb
65,LOC100759871,I79_024376
65,LOC100750890,LOC100750890
65,Znf605,I79_008145
65,Stard4,Stard4
65,Kctd15,Kctd15
65,LOC103163886,LOC103163886
65,Serpinf1,Serpinf1
65,Irs2,Irs2
65,Cdh2,I79_014914
65,Znf365,Znf365
65,Smim1,Smim1
65,Tarbp1,Tarbp1
65,Fbxl16,Fbxl16
65,LOC118238519,LOC118238519
65,Zfyve16,Zfyve16
65,LOC100772326,I79_024779
65,B4galt6,B4galt6
65,Syt14,I79_016303
65,Gpr160,Gpr160
65,LOC118238553,LOC118238553
65,Slc2a9,Slc2a9
65,Slc44a5,I79_001848
65,Msh3,Msh3
65,CUNH1orf87,CUNH1orf87
65,Ngef,I79_020262
65,Adam12,Adam12
65,Ddit4l,Ddit4l
65,Fam151b,Fam151b
65,LOC118239660,LOC118239660
65,Gnpda2,Gnpda2
65,LOC113832678,LOC113832678
65,LOC118238893,LOC118238893
65,Ampd3,Ampd3
65,LOC103163470,LOC103163470
65,LOC100769145,LOC100769145
65,LOC103163630,LOC103163630
65,LOC113835325,LOC113835325
65,Retreg1,Retreg1
65,Kdelr3,Kdelr3
65,LOC103159589,LOC103159589
65,LOC100753862,CgPICR_019710
65,LOC103159587,LOC103159587
65,LOC113835123,LOC113835123
65,Htr3a,Htr3a
65,Cldn15,Cldn15
65,Twist1,Twist1
65,Slc15a3,Slc15a3
65,Clcn5,Clcn5
65,LOC113833667,LOC113833667
65,Rab44,I79_001358
65,Mpeg1,Mpeg1
65,LOC113834099,LOC113834099
65,LOC103162826,LOC103162826
65,Epb41,I79_004172
65,Bicc1,Bicc1
65,Pipox,I79_019615
65,Hsd11b1,Hsd11b1
65,LOC103161127,LOC103161127
65,LOC113832370,LOC113832370
65,LOC100753770,I79_022519
66,LOC118239033,LOC118239033
66,LOC118239665,LOC118239665
66,Gpc6,Gpc6
66,Armcx3,Armcx3
66,LOC100768165,I79_015655
66,Tbc1d4,Tbc1d4
66,LOC113832687,LOC113832687
66,Marcks,Marcks
66,LOC118238268,LOC118238268
66,Minar1,Minar1
66,Hdgfl3,Hdgfl3
66,LOC103160386,LOC103160386
66,Lrrc8b,Lrrc8b
66,Enpp1,Enpp1
66,Ccbe1,Ccbe1
66,Ctsd,Ctsd
66,Gpnmb,Gpnmb
66,Smyd3,Smyd3
66,LOC100766031,I79_015301
66,LOC113835460,LOC113835460
66,Strc,Strc
66,Tacc1,Tacc1
66,LOC100761274,LOC100761274
66,LOC118237995,LOC118237995
66,Rab3gap2,Rab3gap2
66,LOC103159579,LOC103159579
66,Syn2,Syn2
66,LOC100771813,I79_018216
67,Ccl5,Ccl5
67,LOC100772509,I79_004932
67,LOC118238654,LOC118238654
67,Cfap53,Cfap53
67,LOC113832571,LOC113832571
67,Ccdc154,I79_007927
67,Cxcl3,Cxcl3
67,Lyzl6,Lyzl6
67,LOC113835261,LOC113835261
67,LOC118238648,LOC118238648
67,Pygm,Pygm
67,LOC118238393,LOC118238393
67,Prlh,Prlh
67,LOC113833686,LOC113833686
67,LOC113837220,LOC113837220
67,Amhr2,Amhr2
67,Mir3068,Mir3068
67,Crtam,Jhy
67,Cxcl10,Cxcl10
67,LOC113832434,LOC113832434
67,LOC113836609,LOC113836609
67,Nfkbiz,Nfkbiz
67,Ifit2,Ifit2
67,Oasl,Oasl
67,Ctsk,Ctsk
67,C1qtnf12,C1qtnf12
67,LOC113834739,Ifit2
67,LOC100772591,I79_019773
67,LOC100769139,I79_018425
67,LOC113833861,LOC113833861
67,Ifnb1,Ifnb1
67,LOC100773349,LOC100773349
67,LOC118239659,LOC118239659
67,Cxcl1,Cxcl1
67,LOC118237826,LOC118237826
67,Jhy,Jhy
67,LOC113835967,LOC113835967
67,LOC107980199,LOC107980199
67,Shd,Shd
67,LOC118238646,LOC118238646
67,LOC113837469,LOC113837469
67,LOC118239656,LOC118239656
67,CUNH2orf81,CUNH2orf81
67,LOC113832536,LOC113832536
67,CUNH3orf62,CUNH3orf62
67,Pabpc1l,Pabpc1l
67,Lrriq4,Lrriq4
67,Asb2,Asb2
67,LOC118239089,LOC118239089
68,Tspan7,Tspan7
68,Tdgf1,Tdgf1
68,LOC103159353,LOC103159353
68,Pthlh,Pthlh
68,Enah,Enah
68,LOC100762719,I79_008458
68,Hoxc10,Hoxc10
68,Hoxc4,Hoxc4
68,Hoxc8,Hoxc8
68,Hoxa9,Hoxa9
68,LOC103159766,LOC103159766
68,Plxdc1,Plxdc1
68,Was,I79_012275
68,Evl,Evl
68,Lmo7,I79_012243
68,Hoxa7,Hoxa7
68,LOC118239268,LOC118239268
68,Sspn,Sspn
68,LOC113833999,LOC113833999
68,Hoxc9,Hoxc9
68,Stk38l,Stk38l
68,LOC107979452,LOC107979452
68,LOC113833580,LOC113833580
68,LOC103160837,LOC103160837
68,Efemp1,I79_020269
68,Fn1,Fn1
68,LOC113837481,LOC113837481
68,Pdlim2,Pdlim2
68,Hoxa6,Hoxa6
68,LOC113834615,LOC113834615
68,Susd1,I79_012710
68,Ehd3,Ehd3
68,Etfbkmt,Etfbkmt
68,Hoxc6,Hoxc6
68,Igf2bp2,Igf2bp2
68,LOC113830932,LOC113830932
68,Shisa4,Shisa4
68,Nudt14,Nudt14
68,Hoxa5,I79_008450
68,LOC100763249,I79_020548
68,LOC100767530,Gstm3
68,Gpd1,Gpd1
68,Fmo2,Fmo2
68,Nrg4,Nrg4
68,Hdgfl3,Hdgfl3
68,LOC107978439,LOC107978439
68,LOC100771813,I79_018216
68,Acyp1,Acyp1
68,Csrp2,I79_014012
68,Creg1,Creg1
68,LOC113833968,LOC113833968
68,Fabp4,Fabp4
68,Hoxc5,Hoxc5
68,LOC118237764,LOC118237764
68,Cenpv,Cenpv
68,LOC100752592_1,I79_011492
68,Arhgap32,Arhgap32
68,LOC107978412,LOC107978412
68,Arl4c,Arl4c
68,Cacng5,I79_008282
68,LOC100750533,I79_001734
68,Coq3,COQ3
68,Zbtb32,Zbtb32
68,Serpinf1,Serpinf1
68,LOC100764079,I79_006467
68,Fam237a,Fam237a
68,Spata6l,Spata6l
68,Ccbe1,Ccbe1
68,Hoxa3,Hoxa3
68,LOC103161127,LOC103161127
68,LOC107978104,LOC107978104
68,LOC103163057,LOC103163057
68,Chst15,I79_020640
68,LOC103161682,LOC103161682
68,Mmp12,Mmp12
69,LOC100773795,LOC100773795
69,LOC113836011,LOC113836011
69,LOC100762719,I79_008458
69,LOC100751053,H671_4g12045
69,Igf2bp2,Igf2bp2
69,Hoxc4,Hoxc4
69,Hoxa9,Hoxa9
69,LOC103159501,LOC103159501
69,Gpd1,Gpd1
69,LOC103161127,LOC103161127
69,Fabp4,Fabp4
69,LOC113833999,LOC113833999
69,Efemp1,I79_020269
69,Hoxa7,Hoxa7
69,LOC100774966,LOC100774966
69,LOC113836092,LOC113836092
69,Mro,Mro
69,Unc5c,Unc5c
69,Hoxc8,Hoxc8
69,Trim54,Trim54
69,Id3,Id3
69,Rtp4,I79_000870
69,Gpnmb,Gpnmb
69,Krt80,Krt80
69,Sulf2,Sulf2
69,LOC113837481,LOC113837481
69,Tcf7l1,Tcf7l1
69,Etv3l,Etv3l
70,Spp1,Spp1
70,C3,C3
70,Ccn2,Ccn2
70,Defb124,Defb124
70,Serpinf1,Serpinf1
70,LOC118239039,LOC118239039
70,LOC100769145,LOC100769145
70,Testin-2,Testin-2
70,LOC113835267,LOC113835267
70,Rarres2,Rarres2
70,Postn,Postn
70,Cd82,Cd82
70,LOC100754872,LOC100754872
70,Txnip,Txnip
70,Mir2424,Mir2424
70,Col6a1,I79_006834
70,LOC113839001,LOC113839001
70,LOC113836037,LOC113836037
71,Ppp1r36,Ppp1r36
71,Mgat2,Mgat2
71,Slc2a12,Slc2a12
71,Olfml2b,Olfml2b
71,Egr1,Egr1
71,Cdkl1,I79_020157
71,LOC113832461,LOC113832461
71,Prkch,Prkch
71,Pcnx4,Pcnx4
71,Hspa2,Hspa2
71,Pygl,Pygl
71,Trnap-agg,Trnap-agg
71,LOC113838060,LOC113838060
71,Dennd2a,Dennd2a
71,Kdelr3,Kdelr3
71,Serpinf1,Serpinf1
71,Slc9a9,Slc9a9
71,LOC103160316,LOC103160316
71,Fmo2,Fmo2
71,Parvg,I79_023973
71,LOC118239681,LOC118239681
71,LOC113839000,LOC113839000
71,Sardh,I79_022683
71,Dcn,Dcn
71,Mgat5,Mgat5
71,Mtus1,Mtus1
72,LOC118239062,Samd1
72,LOC100754039,I79_017235
72,LOC113835034,LOC113835034
72,Spag4,I79_007519
72,LOC113831048,LOC113831048
72,LOC100755188,LOC100755188
72,Slc35g6,Slc35g6
72,Trnaq-uug_3,Trnaq-uug_3
72,LOC103163071,LOC103163071
72,Lrrc2,Lrrc2
72,Mir1224,Mir1224
72,Rasl10a,Rasl10a
72,LOC113837724,LOC113837724
72,Spata21,I79_024042
72,Map3k15,Map3k15
72,Tvp23a,Tvp23a
72,Ptger1,I79_008392
72,Stkld1,Stkld1
72,Nrip2,I79_001347
72,Serinc4,Serinc4
72,Sdr39u1,Sdr39u1
72,Rec8,Rec8
72,LOC118237919,LOC118237919
72,Lgals2,Lgals2
72,LOC103161546,LOC103161546
72,LOC118239052,LOC118239052
72,LOC113836270,LOC113836270
72,LOC103159909,LOC103159909
72,Ppp1r27,Ppp1r27
72,Tm6sf1,Tm6sf1
72,Trnay-gua_4,Trnay-gua_4
72,LOC118239287,LOC118239287
72,Dipk1a,Dipk1a
72,Pcif1,Pcif1
72,Bricd5,Bricd5
72,LOC113835951,LOC113835951
72,LOC100766101,LOC100766101
72,Apcdd1l,Apcdd1
72,LOC118238370,LOC118238370
72,Rnf25,Rnf25
72,Rhoq,Rhoq
72,Trnak-cuu_14,Trnak-cuu_14
72,LOC113832416,LOC113832416
72,LOC113831371,LOC113831371
72,LOC113833019,LOC113833019
72,LOC118237936,LOC118237936
72,LOC113834997,LOC113834997
72,Ddb2,I79_002881
72,CUNH17orf49,CUNH17orf49
72,LOC118239369,LOC118239369
72,LOC100770654,I79_022092
72,Card14,Card14
72,LOC113836702,LOC113836702
72,Kcng2,Kcng2
72,Grin3b,Grin3b
72,LOC118238892,LOC118238892
72,Cracr2b,Cracr2b
72,LOC107980199,LOC107980199
72,Stub1,Stub1
72,Fancd2os,Fancd2os
72,LOC118237759,LOC118237759
72,Tmem220,Tmem220
72,C1rl,C1rl
72,LOC113833549,CgPICR_019712
72,LOC103162003,LOC103162003
72,LOC113831658,LOC113831658
72,Prodh,Prodh
72,LOC118238268,LOC118238268
72,Mir30b,Mir30b
72,Trnas-aga_4,Trnas-aga_4
72,LOC118237816,LOC118237816
72,LOC113834903,LOC113834903
72,LOC100767818,LOC100767818
72,Gpatch4,I79_009596
72,Nnat,Nnat
72,LOC107979030,LOC107979030
72,Mir1956,Mir1956
72,LOC113832297,LOC113832297
72,LOC100773455,I79_019231
72,Cmbl,Cmbl
72,Smpd3,Smpd3
72,LOC113836929,LOC113836929
72,C2H22orf23,C2H22orf23
72,Isg15,Isg15
72,LOC107977237,LOC107977237
72,Ddx49,Ddx49
72,Klhl34,Klhl34
72,Rhoc,Rhoc
72,LOC113834776,LOC113834776
72,Mir29b-2,Mir29b-2
72,Higd1b,Higd1b
72,Ccdc125,I79_013585
72,LOC113836279,LOC113836279
72,Ccdc39,Ccdc39
72,Hyal2,Hyal2
72,LOC103161500,LOC103161500
72,LOC118239612,LOC118239612
72,Foxp3,Foxp3
72,LOC100760951,LOC100760951
72,Atp6v1c2,Atp6v1c2
72,Lctl,Rpl4
72,LOC118239729,I79_009389
72,Fabp4,Fabp4
72,Enosf1,I79_022657
72,LOC118239024,LOC118239024
72,LOC103159049,Snrpf
72,Morn3,I79_004294
72,LOC118237792,LOC118237792
72,Bcl2l1,Bcl2l1
72,LOC118238412,LOC118238412
72,LOC100768504,LOC100768504
72,LOC103160316,LOC103160316
72,LOC113833653,LOC113833653
72,Id3,Id3
72,LOC113835824,I79_012789
72,LOC118238791,I79_009808
72,Crip1,Crip1
72,LOC113836011,LOC113836011
72,Spn,Spn
72,Abhd1,Abhd1
72,LOC118238917,LOC118238917
72,Pdzk1,Pdzk1
72,Asl,Asl
72,LOC113833723,I79_009808
72,LOC118238596,LOC118238596
72,LOC113831375,LOC113831375
72,Klhdc9,Klhdc9
72,LOC100765092,Rpl23
72,Nudt17,H671_1g1344
72,LOC103159721,LOC103159721
72,LOC103160345,Ndufs6
72,LOC113834983,LOC113834983
72,LOC118238368,LOC118238368
72,LOC113832207,LOC113832207
72,LOC113836951,LOC113836951
72,Tnfaip8l1,Tnfaip8l1
72,Bbs2,I79_010469
72,Mkrn2os,Mkrn2os
72,Sds,Sds
72,LOC118238290,LOC118238290
72,LOC107978069,I79_009808
72,Adam12,Adam12
72,LOC100763656,CgPICR_014437
72,LOC113832727,LOC113832727
72,LOC107977812,I79_000460
72,LOC103159724,LOC103159724
72,LOC118238532,LOC118238532
72,Atp5mg,Atp5mg
72,LOC113833900,LOC113833900
72,Mir29c,Mir29c
72,Mir199a,Mir199a
72,Ryr3,Ryr3
72,LOC113832577,LOC113832577
72,Dph1,Dph1
73,LOC118239477,LOC118239477
73,Cxcl1,Cxcl1
73,LOC100773862,LOC100773862
73,LOC100766081,LOC100766081
73,Clu,Clu
73,LOC107977505,LOC107977505
73,Plac1,Plac1
73,Rarres2,Rarres2
73,LOC118237775,Lpar3
73,Mir1973,Mir1973
73,LOC103158703,I79_025172
73,LOC113831153,LOC113831153
73,LOC113836532,LOC113836532
73,Fank1,Fank1
73,LOC103161640,LOC103161640
73,Slpi,I79_011674
73,Mmp10,Mmp10
73,LOC103160317,Ankrd30a
73,LOC103162380,LOC103162380
73,LOC118239313,LOC118239313
73,Spon2,Spon2
73,LOC103163538,LOC103163538
73,LOC113837772,LOC113837772
73,Csf3,Csf3
73,Spink8,Spink8
73,LOC107978123,LOC107978123
73,LOC113836929,LOC113836929
73,LOC107978133,LOC107978133
73,Myl9,Myl9
73,Mir2424,Mir2424
73,LOC103162918,LOC103162918
74,Adm,Adm
74,LOC113834948,LOC113834948
74,Tnfsf18,Tnfsf18
74,Apln,Apln
74,LOC113832469,LOC113832469
74,LOC100770984,LOC100770984
74,Bnip3,Bnip3
74,Gbe1,Gbe1
74,Slc2a1,Slc2a1
74,LOC107978991,LOC107978991
74,Ankrd37,Ankrd37
74,Egln1,Egln1
74,LOC118239499,LOC118239499
74,Ak4,Ak4
74,Pgm1,Efcab7
74,Bhlhe40,Bhlhe40
74,Lrrc73,Lrrc73
74,Ccn1,Ccn1
74,Rassf4,Rassf4
74,Pgk1,Pgk1
74,Pfkl,Pfkl
74,Ero1a,Ero1a
74,Mif,Mif
74,Nr1d1,Nr1d1
74,Cnksr1,I79_017944
74,LOC113836728,LOC113836728
74,Nppb,Nppb
74,Dbp,Dbp
74,Jup,Jup
74,Pik3r5,Pik3r5
74,LOC113833675,LOC113833675
74,Pdk1,Pdk1
74,Aldoa,Aldoa
74,LOC118239159,LOC118239159
74,LOC100772193,LOC100772193
74,Corin,Commd8
74,LOC118238927,LOC118238927
74,LOC118239659,LOC118239659
74,Mgarp,Mgarp
74,Depp1,Depp1
74,Tpi1,I79_004996
74,LOC118238565,LOC118238565
74,Pgam1,Pgam1
74,Abhd18,Abhd18
74,Kdm4b,Kdm4b
74,Pygl,Pygl
74,Hk2,Hk2
74,Ostn,Ostn
74,Arhgef16,Arhgef16
75,LOC100757077,I79_023036
75,Postn,Postn
75,Ranbp3l,Ranbp3l
75,Adm,Adm
75,LOC100756791,LOC100756791
75,Vcam1,Vcam1
75,LOC100756494,I79_023036
75,LOC118239649,LOC118239649
75,Cpxm1,Cpxm1
75,Ddit4,Ddit4
75,LOC118239313,LOC118239313
75,Cxcl10,Cxcl10
75,Ptprr,Ptprr
75,Areg,Areg
75,Trnay-gua_6,Trnay-gua_6
75,Mir21,Mir21
75,LOC118238219,LOC118238219
75,Nrg4,Nrg4
75,LOC118238625,LOC118238625
75,LOC113834350,LOC113834350
75,Trnak-cuu_16,Trnak-cuu_16
75,LOC100752806,LOC100752806
75,Mir2424,Mir2424
75,Slc39a2,I79_023883
75,Cited1,Cited1
75,LOC107978125,LOC107978125
76,Sinhcaf,Sinhcaf
76,Ipo8,Ipo8
76,Gpd1,Gpd1
76,S100a4,S100a4
76,LOC103162784,LOC103162784
76,LOC100757831,I79_011492
76,Ranbp3l,Ranbp3l
76,Resf1,Resf1
76,Cavin4,Cavin4
76,Amn1,Amn1
76,Aqp3,Aqp3
76,LOC100761692,I79_021556
76,LOC118237690,LOC118237690
76,Aqp1,Aqp1
76,Pstpip1,I79_003588
76,Dennd5b,I79_012679
76,LOC107979337,LOC107979337
76,LOC103160599,LOC103160599
76,Slpi,I79_011674
76,Adh7,Adh7
76,LOC118237706,LOC118237706
76,LOC100760951,LOC100760951
76,Etfbkmt,Etfbkmt
76,LOC100757534,I79_018158
76,Slc2a9,Slc2a9
76,LOC103163788,LOC103163788
76,Osr1,Osr1
76,Cda,Cda
76,Thbs1,Thbs1
76,LOC100754872,LOC100754872
76,Pthlh,Pthlh
76,Star,Star
76,LOC118239359,LOC118239359
76,LOC103158703,I79_025172
76,LOC118238272,LOC118238272
76,Zc3h12d,Zc3h12d
76,LOC100754646,LOC100754646
76,Mcts1,Mcts1
76,LOC100768899,LOC100768899
76,LOC107979615,LOC107979615
76,LOC100763569,I79_021279
76,Col4a1,Col4a1
76,Dpt,Dpt
77,S100a16,S100a16
77,Adapt15,Adapt15
77,Ncam1,I79_004399
77,Ctsh,Ctsh
77,Adamts7,Adamts7
77,Cd7,Cd7
77,LOC100751053,H671_4g12045
77,C1qtnf5,C1qtnf5
77,Fabp4,Fabp4
77,Pirt,Pirt
77,Slc35f2,Slc35f2
77,Efemp1,I79_020269
77,Nppb,Nppb
77,Igf2bp2,Igf2bp2
77,Evl,Evl
77,C1qtnf1,I79_004757
77,Col7a1,Col7a1
77,LOC103160386,LOC103160386
77,Zbtb32,Zbtb32
77,Cfap99,Cfap99
77,Clu,Clu
77,Rarres2,Rarres2
77,Kdelr3,Kdelr3
77,Rftn2,Rftn2
77,LOC113835048,LOC113835048
77,Adam8,Adam8
77,Col12a1,I79_009930
77,Slc25a36,Slc25a36
77,LOC118239268,LOC118239268
77,LOC113834615,LOC113834615
77,LOC118238703,LOC118238703
77,Fgfr1,Fgfr1
77,Cgnl1,Cgnl1
77,Cd36,I79_011940
77,Nrg4,Nrg4
77,LOC100768367,I79_018767
77,Nppa,Nppa
77,Peli2,Peli2
77,LOC100755596,Aldh3b2
77,LOC100757920,LOC100757920
77,Pik3ap1,Pik3ap1
77,LOC113835995,LOC113835995
78,Fabp4,Fabp4
78,Sphk1,Sphk1
78,LOC103158756,LOC103158756
78,LOC103160587,LOC103160587
78,LOC103158561,I79_015408
78,Cavin4,Cavin4
78,Cidec,Cidec
78,LOC103159471,H671_3g8910
78,Sbsn,Sbsn
78,Plac1,Plac1
78,LOC118239683,LOC118239683
79,LOC118238844,LOC118238844
79,LOC113835995,LOC113835995
79,LOC113832785,Brd4
79,LOC113834022,LOC113834022
79,LOC113837639,LOC113837639
79,LOC118239613,LOC118239613
79,LOC113834410,LOC113834410
79,LOC113834411,Brd4
79,LOC118238207,LOC118238207
79,LOC118239448,Brd4
79,LOC118239618,LOC118239618
79,LOC113836194,LOC113836194
79,LOC100751053,H671_4g12045
79,LOC118239124,LOC118239124
79,LOC113835850,Brd4
79,LOC113835040,LOC113835040
79,LOC113834408,LOC113834408
79,Fabp4,Fabp4
79,LOC118239049,LOC118239049
79,LOC118239683,LOC118239683
79,LOC107977836,LOC107977836
79,LOC118239699,LOC118239699
79,LOC113837071,LOC113837071
79,Spn,Spn
79,LOC118238982,LOC118238982
79,LOC100769250,LOC100769250
79,LOC113834163,LOC113834163
79,Prxl2a,Prxl2a
79,LOC113833685,LOC113833685
79,LOC113837641,LOC113837641
79,LOC113833143,LOC113833143
79,LOC113832634,LOC113832634
79,LOC113833011,LOC113833011
79,LOC113831885,LOC113831885
79,LOC113834419,LOC113834419
79,Trnap-agg_1,Trnap-agg_1
80,LOC113833112,LOC113833112
80,Aqp1,Aqp1
80,Ccn2,Ccn2
80,LOC113831885,LOC113831885
80,Tnfrsf9,Tnfrsf9
80,Txnip,Txnip
80,LOC103163029,LOC103163029
80,Il7r,I79_011181
80,Ttc39a,Ttc39a
80,Mmp12,Mmp12
80,LOC118238998,LOC118238998
80,C6,I79_010061
80,LOC113837166,LOC113837166
80,Plcb4,I79_000437
80,Mir191,Mir191
80,LOC103164390,LOC103164390
80,Cacnb4,Arl5a
80,Lgi4,Lgi4
80,Unc5a,I79_003909
80,Ankrd1,Ankrd1
80,Eif4e1b,Eif4e1b
80,F2rl2,F2rl2
80,LOC113832956,LOC113832956
80,Ranbp3l,Ranbp3l
80,LOC103161682,LOC103161682
80,LOC113832571,LOC113832571
80,LOC118238392,LOC118238392
80,Tmem40,Tmem40
80,LOC113835137,LOC113835137
80,LOC113832259,LOC113832259
80,LOC113833012,LOC113833012
80,Ankrd13b,Ankrd13b
80,LOC103162891,LOC103162891
80,LOC113831575,LOC113831575
81,LOC113833009,LOC113833009
81,LOC107980199,LOC107980199
81,LOC100773005,I79_025230
81,Tfrc,Tfrc
81,Ggt1,Ggt1
81,Thbd,Thbd
81,Ccl17,Ccl17
81,LOC113832632,LOC113832632
81,Mir29c,Mir29c
81,LOC107978991,LOC107978991
81,LOC100772378,LOC100772378
81,LOC113835165,LOC113835165
81,Mmp10,Mmp10
81,Pla2g2a,Pla2g2a
81,LOC118239683,LOC118239683
81,LOC103160307,LOC103160307
81,Aqp1,Aqp1
81,Tfpi2,Tfpi2
81,LOC113835117,LOC113835117
81,Mir1956,Mir1956
81,LOC100752547,CgPICR_015008
81,Wdfy4,Wdfy4
81,Ccn2,Ccn2
81,Col12a1,I79_009930
81,Lpl,Lpl
81,LOC113834849,LOC113834849
81,LOC113832687,LOC113832687
81,LOC107979589,LOC107979589
81,LOC113833675,LOC113833675
81,Mmp13,I79_001476
81,Fabp4,Fabp4
81,LOC113835185,LOC113835185
81,Cracr2b,Cracr2b
81,LOC103163375,LOC103163375
81,Trappc6a,Trappc6a
81,LOC100773771,LOC100773771
81,Mlf1,Mlf1
81,Mapre3,Mapre3
81,LOC100757967,LOC100757967
81,Srsf7,Srsf7
81,LOC118238417,LOC118238417
81,LOC118239486,LOC118239486
81,Sema3c,Sema3c
81,Fank1,Fank1
81,Ankrd13b,Ankrd13b
81,LOC103161547,LOC103161547
82,LOC100757828,I79_000461
82,LOC113834565,I79_012481
82,LOC100755733,LOC100755733
82,LOC113837023,Ubc
82,LOC107977859,I79_005028
82,LOC100755284,I79_005382
82,S100a11,S100a11
82,LOC113833490,I79_000460
82,LOC100753142,CgPICR_018851
82,LOC100756289,Eef1a1
82,LOC113833193,Rpl32
82,LOC103159947,LOC103159947
82,LOC100767038,Rpl7a
82,LOC100763702,I79_023563
82,LOC100758567,I79_010951
82,LOC100774879,I79_003075
82,LOC100752397,H671_3g10394
82,LOC100751955,Rpl11
82,LOC100759247,CgPICR_014437
82,LOC107979073,I79_005028
82,LOC100770739,Rpl23
82,LOC113832953,I79_002380
82,LOC100764007,Rpl7
82,Mir191,Mir191
82,LOC100772859,I79_012301
82,Tbc1d2b,Tbc1d2b
82,LOC113831671,LOC113831671
82,LOC100756490,I79_000461
82,Ppdpf,Ppdpf
82,Actg1_1,I79_019066
82,LOC113836458,LOC113836458
82,LOC118238625,LOC118238625
82,LOC100752071,I79_010951
82,LOC113837083,LOC113837083
82,Upk1a,Upk1a
82,LOC100754872,LOC100754872
82,LOC113837276,LOC113837276
82,Exosc5,Exosc5
82,LOC103160177,I79_005028
82,LOC113834006,Atp5mg
82,LOC113837438,LOC113837438
82,LOC100755794,LOC100755794
82,LOC100765930,I79_005484
82,LOC113837240,LOC113837240
82,LOC113835165,LOC113835165
82,Taf10,Taf10
82,LOC113836319,LOC113836319
82,LOC100764072,Eif1
82,LOC118237752,LOC118237752
82,Ndufa3,Ndufa3
82,Crtap,Crtap
82,LOC113836326,LOC113836326
82,G6pd,G6pd
82,Emc10,Emc10
82,Crip2,Crip2
82,LOC113831042,LOC113831042
82,Ube2c,Ube2c
83,Cd36,I79_011940
83,LOC118238412,LOC118238412
83,Myom1,Myom1
83,LOC100751053,H671_4g12045
83,LOC103162414,LOC103162414
83,Cd9,Cd9
83,LOC103159353,LOC103159353
83,LOC100760951,LOC100760951
83,LOC107979030,LOC107979030
83,LOC100767818,LOC100767818
83,Fgf7,Fgf7
83,Papln,I79_012293
83,LOC100767391,I79_013941
83,LOC113834615,LOC113834615
83,LOC103163910,LOC103163910
83,Lum,Lum
83,Pde2a,Pde2a
83,Ldha,Ldha
83,Calcr,Calcr
83,Col4a1,Col4a1
83,Spn,Spn
83,Arhgef16,Arhgef16
83,Pcgf6,I79_019130
83,Lmo7,I79_012243
83,LOC103159579,LOC103159579
83,Mroh2b,Mroh2b
83,LOC103161223,LOC103161223
83,LOC100768826,LOC100768826
83,LOC113830878,LOC113830878
83,Sulf2,Sulf2
83,Aqp1,Aqp1
83,Pstpip1,I79_003588
83,Ccbe1,Ccbe1
83,Cgnl1,Cgnl1
83,Rarres2,Rarres2
83,LOC103163237,LOC103163237
83,LOC103162356,LOC103162356
83,LOC100768211,I79_002918
83,Lat2,Lat2
83,LOC113836427,I79_002895
83,LOC118238522,LOC118238522
83,LOC103160574,LOC103160574
83,Cd7,Cd7
83,Fes,Fes
83,LOC100754807,I79_011816
83,LOC103163788,LOC103163788
83,Antxr1,Antxr1
84,Hmgcs1,Hmgcs1
84,Idi1,Idi1
84,Mvd,Mvd
84,Msmo1,Msmo1
84,Insig1,Insig1
84,Lss,Lss
84,Hmgcr,I79_015809
84,LOC100761946,LOC100761946
84,LOC100760000,I79_009783
84,LOC100689270,LOC100689270
84,Ebp,Ebp
84,Fdps,Fdps
84,LOC113832632,LOC113832632
84,LOC113832752,I79_013472
84,LOC113831476,LOC113831476
84,Hsd17b7,Hsd17b7
84,Fdft1,Fdft1
84,Ldlr,LDLR
84,LOC113833674,LOC113833674
84,Sc5d,Sc5d
84,LOC113832635,LOC113832635
84,Sqle,Sqle
84,LOC118238818,LOC118238818
84,Rdh11,Rdh11
84,Dhcr24,Dhcr24
84,Pirt,Pirt
84,LOC113833143,LOC113833143
84,Acss2,Acss2
84,LOC100689269,LOC100689269
84,LOC113836325,LOC113836325
84,Mirlet7b,Mirlet7b
84,LOC100762189,I79_002454
84,Mirlet7c-2,Mirlet7c-2
84,Shisa4,Shisa4
84,Mir191,Mir191
84,Ddit4,Ddit4
84,Nsdhl,Nsdhl
84,Lpin1,Lpin1
84,Mirlet7f,Mirlet7f
85,LOC100750890,LOC100750890
85,Syt9,Syt9
85,LOC118239682,LOC118239682
85,Ranbp3l,Ranbp3l
85,LOC118238251,LOC118238251
85,LOC103162230,LOC103162230
85,Izumo1,Izumo1
85,Spn,Spn
85,Gpr160,Gpr160
85,Ggt1,Ggt1
85,LOC107979210,LOC107979210
85,LOC103159449,LOC103159449
85,Xpnpep2,Xpnpep2
85,Synpr,Synpr
85,LOC113834403,LOC113834403
85,LOC100772326,I79_024779
85,LOC103162671,I79_011986
85,LOC113833429,LOC113833429
85,LOC107977581,LOC107977581
85,LOC113835715,LOC113835715
85,LOC118239130,LOC118239130
85,Thbs1,Thbs1
85,LOC118239591,LOC118239591
85,Tinag,Tinagl1
85,Slpi,I79_011674
85,LOC107980044,LOC107980044
85,LOC100751987,I79_002431
85,LOC107979861,LOC107979861
86,LOC118237644,LOC118237644
86,LOC113835234,LOC113835234
86,LOC113836118,LOC113836118
86,LOC113835822,LOC113835822
86,LOC113835235,LOC113835235
86,LOC113836222,LOC113836222
86,LOC113832418,LOC113832418
86,LOC100689269,LOC100689269
86,LOC113833054,LOC113833054
86,LOC113831079,LOC113831079
86,LOC113833645,LOC113833645
86,LOC113831025,LOC113831025
86,LOC113835510,LOC113835510
86,LOC113830963,LOC113830963
86,LOC113836845,LOC113836845
86,LOC113832209,LOC113832209
86,LOC113832306,LOC113832306
86,LOC113835967,LOC113835967
86,LOC113831474,LOC113831474
86,LOC113833147,LOC113833147
86,LOC113832412,LOC113832412
86,LOC113833020,LOC113833020
86,LOC113836666,LOC113836666
86,LOC113831513,LOC113831513
86,LOC113835498,LOC113835498
86,LOC113833578,LOC113833578
86,LOC113830994,LOC113830994
86,LOC113834710,LOC113834710
86,LOC113835513,LOC113835513
86,LOC100689270,LOC100689270
86,LOC113833017,LOC113833017
87,Isg15,Isg15
87,LOC100764653,LOC100764653
87,LOC100763130,LOC100763130
87,LOC100773381_1,I79_013247
87,LOC100772509,I79_004932
87,Ifit2,Ifit2
87,LOC100773381,I79_013247
87,LOC100767734,I79_019956
87,LOC113834739,Ifit2
87,LOC100761048,LOC100761048
87,Cxcl10,Cxcl10
87,Irf7,H671_3g9402
87,Rtp4,I79_000870
87,Usp18,Usp18
87,LOC100762377,I79_009463
87,LOC100774966,LOC100774966
87,LOC100767905,LOC100767905
87,LOC100762031,I79_009288
87,Gbp5,Gbp5
87,LOC100762389,LOC100762389
87,LOC118238892,LOC118238892
87,Herc6,Herc6
87,LOC100771979,LOC100771979
87,Oas2,Oas2
87,LOC100758111,I79_019956
87,LOC100768312,LOC100768312
87,LOC100769624,LOC100769624
87,Ube2l6,Ube2l6
87,LOC100768530,LOC100768530
87,LOC100762860,LOC100762860
87,Pla2g5,Pla2g5
87,Ifi35,Ifi35
87,LOC100754939,LOC100754939
87,Cxcl11,Cxcl11
87,LOC100753152,I79_019786
87,LOC100770794,LOC100770794
87,LOC100758550,LOC100758550
87,Ddx60,Ddx60
87,Ifi44l_1,Ifi44l
87,Tnfsf10,I79_005932
87,LOC100750637,LOC100750637
87,Rsad2,Rsad2
87,LOC100774003,I79_009377
87,Uba7,Uba7
87,LOC100765968,LOC100765968
87,Ccl5,Ccl5
87,LOC103164543,LOC103164543
87,LOC100755228,LOC100755228
87,LOC100750669,I79_006508
87,LOC100767358,I79_004932
87,Xaf1,Xaf1
87,Cxcl9,Cxcl9
87,Samhd1,Samhd1
87,LOC100772719,LOC100772719
87,Parp14,Parp14
88,LOC113838060,LOC113838060
88,Trnal-cag_5,Trnal-cag_5
88,Trnar-ucg_3,Trnar-ucg_3
88,Trnav-aac_10,Trnav-aac_10
88,Trnas-gcu_2,Trnas-gcu_2
88,Trnal-cag_4,Trnal-cag_4
88,Trnaq-cug_7,Trnaq-cug_7
88,LOC113836222,LOC113836222
88,LOC113835720,LOC113835720
88,Trnav-uac_1,Trnav-uac_1
88,Trnay-gua_9,Trnay-gua_9
88,Trnaf-gaa_7,Trnaf-gaa_7
88,Trnar-acg_5,Trnar-acg_5
88,Trnal-uaa_1,Trnal-uaa_1
88,Trnae-cuc_10,Trnae-cuc_10
88,Trnai-uau_2,Trnai-uau_2
88,Trnal-aag_3,Trnal-aag_3
88,Trnar-ccu_4,Trnar-ccu_4
88,Trnav-cac,Trnav-cac
88,Trnas-gcu_4,Trnas-gcu_4
88,Trnav-cac_3,Trnav-cac_3
88,LOC118237644,LOC118237644
88,Trnay-gua_1,Trnay-gua_1
88,Mir1973,Mir1973
88,Trnar-ucg,Trnar-ucg
88,Trnav-aac_8,Trnav-aac_8
88,Trnas-uga,Trnas-uga
88,Trnan-guu_14,Trnan-guu_14
88,Trnav-cac_6,Trnav-cac_6
88,Trnal-uag_1,Trnal-uag_1
88,Trnav-aac_9,Trnav-aac_9
88,Trnav-uac,Trnav-uac
88,LOC113838061,LOC113838061
88,Trnay-gua_7,Trnay-gua_7
88,Trnar-ucg_1,Trnar-ucg_1
88,Trnai-uau_4,Trnai-uau_4
88,Trnav-cac_5,Trnav-cac_5
88,LOC113839000,LOC113839000
88,Trnar-ucu,Trnar-ucu
88,Trnap-ugg_4,Trnap-ugg_4
88,Trnar-ccu_5,Trnar-ccu_5
88,Rn5-8s,Rn5-8s
88,Trnal-aag_1,Trnal-aag_1
88,Trnas-aga_5,Trnas-aga_5
88,Trnas-gcu_6,Trnas-gcu_6
88,Trnah-gug_6,Trnah-gug_6
88,Trnah-gug,Trnah-gug
88,Trnar-acg_2,Trnar-acg_2
88,Trnal-caa_2,Trnal-caa_2
88,Trnap-cgg_1,Trnap-cgg_1
88,Trnaa-agc_8,Trnaa-agc_8
88,Trnas-gcu_7,Trnas-gcu_7
88,LOC113836221,LOC113836221
88,Trnat-agu,Trnat-agu
88,Trnai-aau_8,Trnai-aau_8
88,Trnal-cag_2,Trnal-cag_2
88,Trnas-gcu_3,Trnas-gcu_3
88,Trnai-uau_1,Trnai-uau_1
88,Trnaa-agc_12,Trnaa-agc_12
88,LOC113836915,LOC113836915
88,Trnar-ccg,Trnar-ccg
88,LOC113831802,LOC113831802
88,Trnas-uga_1,Trnas-uga_1
88,Trnal-uaa,Trnal-uaa
88,Agt,Agt
88,Trnai-aau_5,Trnai-aau_5
88,Trnaw-cca_3,Trnaw-cca_3
88,Trnai-aau_3,Trnai-aau_3
88,Trnav-cac_7,Trnav-cac_7
88,Trnak-cuu_31,Trnak-cuu_31
88,Trnai-aau_6,Trnai-aau_6
88,Trnas-cga,Trnas-cga
88,Trnaf-gaa_3,Trnaf-gaa_3
89,Cxcl1,Cxcl1
89,Csf3,Csf3
89,Csf2,Csf2
89,Slpi,I79_011674
89,Mmp13,I79_001476
89,LOC100763833,LOC100763833
89,LOC113834379,LOC113834379
89,Mmp12,Mmp12
89,Snord14e,Snord14e
89,Mmp10,Mmp10
89,Cxcl9,Cxcl9
89,Ptgs2,Ptgs2
89,Ier3,Ier3
89,C3,C3
89,Dcn,Dcn
89,Sod2,Sod2
89,Mmp3,Mmp3
89,Cxcl3,Cxcl3
89,Hcar2,Hcar2
89,Nfkbia,Nfkbia
89,LOC100689270,LOC100689270
89,Nfkbiz,Nfkbiz
89,Ccl20,Ccl20
89,LOC100762860,LOC100762860
89,Zc3h12a,Zc3h12a
89,LOC100775082,LOC100775082
89,Rpe65,Rpe65
89,C1s,C1s
90,LOC113832477,I79_009808
90,Scand1,Scand1
90,LOC113833009,LOC113833009
90,Rn45s,Rn45s
90,LOC113838089,LOC113838089
90,Fkbpl,Fkbpl
90,LOC100757684,LOC100757684
90,LOC113839000,LOC113839000
90,LOC113837240,LOC113837240
90,LOC113834557,LOC113834557
90,Bola1,Bola1
90,Socs1,Socs1
90,Cebpd,Cebpd
90,Tpgs1,Tpgs1
90,LOC113835857,LOC113835857
90,LOC113837845,LOC113837845
90,LOC113835059,LOC113835059
90,LOC113836427,I79_002895
90,LOC113838539,LOC113838539
90,LOC113836920,LOC113836920
90,LOC113833392,LOC113833392
90,LOC113835615,LOC113835615
90,LOC113838541,LOC113838541
90,LOC113838537,LOC113838537
90,Junb,Junb
90,LOC113837250,LOC113837250
90,LOC113838852,LOC113838852
90,LOC113836998,LOC113836998
90,Ier2,Ier2
90,LOC118238159,I79_009808
90,LOC113832491,LOC113832491
90,LOC113836680,LOC113836680
90,LOC118239828,LOC118239828
90,LOC113832527,LOC113832527
90,Rn28s1,Rn28s1
90,LOC113836270,LOC113836270
90,Cd99,I79_025094
90,Ier5l,Ier5l
90,LOC113835924,LOC113835924
90,Znf524,Znf524
90,Ccdc85b,Ccdc85b
90,Eva1b,Eva1b
90,LOC100752159,I79_015873
90,LOC113837275,LOC113837275
90,LOC118239111,LOC118239111
90,LOC100752453,LOC100752453
90,LOC100757772,LOC100757772
90,LOC113837276,LOC113837276
90,Spp1,Spp1
90,LOC100770030,I79_024261
90,LOC103160498,I79_007395
91,LOC100768921,Rps21
91,Gad1,I79_001258
91,LOC113833012,LOC113833012
91,LOC113830966,LOC113830966
91,Prodh,Prodh
91,Anp32b,I79_006289
91,Lsm4,LSM4
91,Fabp4,Fabp4
91,Gad2,Gad2
91,Hnrnpc,Hnrnpc
91,LOC113832500,LOC113832500
91,LOC100768273,Rpl27
91,LOC100760278,LOC100760278
91,LOC113831372,LOC113831372
91,Rps26,I79_023563
91,Nupr1,I79_024210
91,LOC100757586,I79_023563
91,LOC100765693,Rpl29
91,Prodh2,Prodh2
92,Pltp,Pltp
92,Spp1,Spp1
92,Serpinf1,Serpinf1
92,Gpnmb,Gpnmb
92,Aebp1,Aebp1
92,B2m,B2m
92,Ctsa,Ctsa
92,Itm2b,Itm2b
92,Rnaset2,Rnaset2
92,LOC100768693,I79_022264
92,Pros1,Pros1
92,Sparc,Sparc
92,Qsox1,Qsox1
92,Sbsn,Sbsn
92,Ctsb,Ctsb
93,Mir632,Mir632
93,Gja1,Gja1
93,Chtf8,Chtf8
93,Ccnd1,Ccnd1
93,Mir1306,Mir1306
93,Elovl5,ELOVL5
93,LOC113833675,LOC113833675
93,LOC113836194,LOC113836194
93,Ldlr,LDLR
93,LOC113830746,LOC113830746
93,Furin,Furin
93,Gnai3,GNAI3
93,B4galt5,B4galt5
94,LOC100772378,LOC100772378
94,Spn,Spn
94,LOC107978244,LOC107978244
94,LOC113837454,LOC113837454
94,Klhl13,Klhl13
94,LOC113836220,LOC113836220
94,Gja8,Gja8
94,LOC118239720,LOC118239720
94,Gabrp,I79_014200
94,LOC100766081,LOC100766081
94,LOC107978529,LOC107978529
94,Cfap300,Cfap300
94,Cfap92,Cfap92
94,LOC103161182,LOC103161182
94,LOC103164148,LOC103164148
94,Ggt1,Ggt1
94,LOC118239187,LOC118239187
94,Fn3k,Fn3k
94,LOC100758108,I79_011106
94,LOC107978255,LOC107978255
94,Trnar-acg_5,Trnar-acg_5
94,Trnay-gua_4,Trnay-gua_4
94,LOC107979479,LOC107979479
94,Pde3b,I79_013773
94,LOC100752904,LOC100752904
94,Ccdc80,Ccdc80
94,Homer2,Homer2
94,LOC107977585,I79_024992
94,LOC103162259,LOC103162259
94,LOC113835046,LOC113835046
94,Stard5,Stard5
94,Fam169b,Fam169b
94,Rcbtb2,Rcbtb2
94,Defb128,Defb128
94,Fgf12,Fgf12
94,Stambpl1,I79_013240
94,LOC107978184,LOC107978184
94,LOC113834615,LOC113834615
95,LOC118239024,LOC118239024
95,LOC118239130,LOC118239130
95,LOC118239129,LOC118239129
95,LOC113836674,LOC113836674
95,Postn,Postn
95,LOC103159905,LOC103159905
95,Svip,Svip
95,Thbs1,Thbs1
95,Defb124,Defb124
95,Fibin,Fibin
95,Lama3,I79_014076
95,Areg,Areg
95,LOC107977441,LOC107977441
95,LOC118238651,LOC118238651
95,LOC118238335,LOC118238335
95,LOC103160811,LOC103160811
95,LOC113833127,LOC113833127
95,Spp1,Spp1
95,LOC118239683,LOC118239683
96,Zfand2a,Zfand2a
96,LOC103164270,LOC103164270
96,LOC118239413,LOC118239413
96,LOC113831372,LOC113831372
96,LOC113833455,LOC113833455
96,Ccnl1,Ccnl1
96,Gadd45b,Gadd45b
96,LOC113836194,LOC113836194
96,LOC113836832,LOC113836832
96,Hes1,I79_015503
96,LOC103160417,LOC103160417
96,Ppp1r15a,I79_016638
96,Id2,I79_011789
97,Col7a1,Col7a1
97,Trnap-agg,Trnap-agg
97,Olfm2,Olfm2
97,LOC118239683,LOC118239683
97,Prxl2a,Prxl2a
97,LOC118239039,LOC118239039
97,LOC113835508,LOC113835508
97,Zbtb32,Zbtb32
97,Il11,Il11
97,Ddit4,Ddit4
97,Gjb3,Gjb3
97,Mmp12,Mmp12
97,Skil,Skil
97,Smad7,Smad7
97,LOC100758417,I79_002904
97,LOC100760951,LOC100760951
97,LOC100773073,LOC100773073
97,Slc16a4,Slc16a4
97,LOC113833687,LOC113833687
97,Trnat-ugu_2,Trnat-ugu_2
97,Fn1,Fn1
97,Bhlhe40,Bhlhe40
97,LOC113830844,LOC113830844
97,Plxna4,Plxna4
97,LOC113831088,LOC113831088
97,Tnfaip6,Tnfaip6
97,LOC113833871,LOC113833871
97,Cd36,I79_011940
98,Cd9,Cd9
98,LOC103162414,LOC103162414
98,Gap43,Gap43
98,Lgals9,Lgals9
98,Tmem176b,Tmem176b
98,Thbs1,Thbs1
98,Wsb1,Wsb1
98,Cd7,Cd7
98,Ptprq,Ptprq
98,LOC100771838,I79_023469
98,Hpse,I79_020442
98,Tmem176a,Tmem176a
98,LOC118238818,LOC118238818
98,LOC103163383,LOC103163383
98,Ereg,Ereg
98,Pfkp,Pfkp
98,LOC103160599,LOC103160599
98,Unc5c,Unc5c
98,LOC100770202,I79_001046
98,Tmem170b,Tmem170b
98,Stmn4,Stmn4
98,Nt5c3b,Nt5c3b
98,Dcn,Dcn
98,Areg,Areg
98,C1qtnf1,I79_004757
98,LOC103160307,LOC103160307
98,Lmo7,I79_012243
98,Lrrc8b,Lrrc8b
98,Col6a2,Col6a2
98,Lmo2,Lmo2
98,Oat,Oat
98,LOC103163237,LOC103163237
98,Fgd3,Fgd3
98,Ptpre,I79_022665
98,Gpnmb,Gpnmb
98,LOC100756860,I79_017397
98,LOC100761616,LOC100761616
98,Acta2,Acta2
98,LOC103162193,LOC103162193
98,Dtx4,Dtx4
98,LOC113831658,LOC113831658
98,Rarres2,Rarres2
98,Trnat-cgu_1,Trnat-cgu_1
98,Pcgf6,I79_019130
98,Casp4,Casp4
98,Pxdc1,Pxdc1
98,LOC103161473,LOC103161473
98,Tmem38a,Tmem38a
98,Neu2,Neu2
98,LOC100759179,I79_019429
98,Fgfr2,Fgfr2
98,LOC107977165,I79_025588
98,Id2,I79_011789
98,LOC103159579,LOC103159579
98,Serpinf1,Serpinf1
98,LOC113833487,LOC113833487
98,LOC103162716,LOC103162716
98,Mt1,Mt1
98,LOC100773073,LOC100773073
98,Sirpa,Sirpa
98,Tnfaip6,Tnfaip6
98,Sdsl,Sdsl
98,Lbh,Lbh
99,LOC100762719,I79_008458
99,Nrg4,Nrg4
99,Hoxa9,Hoxa9
99,Hoxa6,Hoxa6
99,LOC103163470,LOC103163470
99,Hoxa7,Hoxa7
99,LOC113833786,LOC113833786
99,LOC118238377,LOC118238377
99,LOC113833011,LOC113833011
99,LOC118239149,Col1a1
99,LOC103159336,LOC103159336
99,Hoxa5,I79_008450
99,Mir3068,Mir3068
99,LOC113835571,LOC113835571
99,LOC113832629,LOC113832629
99,Ptprt,Ptprt
99,LOC103163104,LOC103163104
99,LOC103162998,LOC103162998
99,LOC113833717,LOC113833717
99,LOC118238392,LOC118238392
99,LOC103159579,LOC103159579
99,LOC100756289,Eef1a1
99,LOC107980197,LOC107980197
99,Slitrk5,Slitrk5
99,LOC100769029,I79_019041
99,Dsp,Dsp
99,Trnaa-ugc_1,Trnaa-ugc_1
99,Lmo2,Lmo2
99,LOC103161854,LOC103161854
99,Pstpip1,I79_003588
99,LOC118239500,LOC118239500
99,Cysltr2,Cysltr2
99,LOC113833674,LOC113833674
99,Fam25a,Fam25a
99,Mir652,Mir652
99,LOC113831477,LOC113831477
99,LOC100750571,I79_011711
99,LOC118238721,I79_009808
99,LOC113836667,LOC113836667
99,LOC113832801,LOC113832801
100,Igf2bp2,Igf2bp2
100,LOC100751053,H671_4g12045
100,Rarres2,Rarres2
100,Fabp4,Fabp4
100,Ccbe1,Ccbe1
100,LOC113831499,LOC113831499
100,LOC113834219,LOC113834219
100,Evl,Evl
100,Hoxc10,Hoxc10
100,Gpd1,Gpd1
100,Id2,I79_011789
100,Hoxc8,Hoxc8
100,LOC100771813,I79_018216
100,Mmp9,Mmp9
100,Cavin4,Cavin4
100,Lmo7,I79_012243
100,Ncam1,I79_004399
100,Ehd3,Ehd3
100,Sphk1,Sphk1
100,LOC107979247,LOC107979247
100,Apobr,Apobr
100,LOC103161381,LOC103161381
100,Il33,Il33
100,B3gnt4,B3gnt4
100,LOC103159766,LOC103159766
100,Spp1,Spp1
100,Bahcc1,Bahcc1
100,LOC113834136,LOC113834136
100,LOC107979936,LOC107979936
101,Nppb,Nppb
101,Sirt5,SIRT5
101,Ca3,Ca3
101,Rxra,Rxra
101,She,She
101,Pros1,Pros1
101,Itga6,I79_001272
101,Gpr27,Gpr27
101,LOC100751053,H671_4g12045
101,Parvg,I79_023973
101,LOC103158703,I79_025172
101,Ccbe1,Ccbe1
101,LOC113835048,LOC113835048
101,LOC100763954,LOC100763954
101,Adam8,Adam8
101,Nod2,Nod2
101,Fgfr1,Fgfr1
101,LOC107977529,LOC107977529
101,Vopp1,I79_012031
101,Ccn2,Ccn2
101,Cdsn,Cdsn
101,Nppa,Nppa
101,Optc,Optc
101,Dsp,Dsp
101,Was,I79_012275
101,Cited1,Cited1
101,Sulf2,Sulf2
101,Nrg2,I79_014973
101,Id3,Id3
101,LOC100762270,LOC100762270
101,Jup,Jup
101,Lmo2,Lmo2
101,LOC103162686,LOC103162686
101,Trabd2b,Trabd2b
101,Tspan7,Tspan7
101,LOC107978642,LOC107978642
101,Eya1,Eya1
101,Mmp28,Mmp28
101,Csrp2,I79_014012
101,LOC118237762,LOC118237762
101,Vegfd,I79_009992
101,LOC103159982,LOC103159982
101,Il19,Il19
101,LOC103159647,LOC103159647
101,Hoxc8,Hoxc8
101,Sirpa,Sirpa
101,LOC100750533,I79_001734
101,Hoxc10,Hoxc10
102,LOC113835248,LOC113835248
102,LOC113833114,LOC113833114
102,Marcks,Marcks
102,LOC113832536,LOC113832536
102,Prr5,Prr5
102,LOC113831373,LOC113831373
102,Lrp3,I79_020064
102,Slitrk5,Slitrk5
102,Mmp12,Mmp12
102,LOC103163104,LOC103163104
102,LOC113834633,LOC113834633
102,LOC113831734,LOC113831734
102,LOC113833012,LOC113833012
102,LOC113833639,LOC113833639
102,Trnap-agg_1,Trnap-agg_1
102,LOC113834110,LOC113834110
102,LOC113835078,LOC113835078
102,LOC113834714,LOC113834714
102,LOC118238648,LOC118238648
102,LOC113836320,LOC113836320
102,LOC103160608,LOC103160608
102,LOC118238398,LOC118238398
103,Prxl2a,Prxl2a
103,LOC113833717,LOC113833717
103,Mir25,Mir25
103,LOC113834615,LOC113834615
103,LOC113832498,LOC113832498
103,LOC113831025_1,LOC113831025_1
103,LOC113831372,LOC113831372
103,LOC113832596,LOC113832596
103,LOC113834136,LOC113834136
103,LOC113832536,LOC113832536
103,LOC113833686,LOC113833686
103,Trnat-agu_7,Trnat-agu_7
103,LOC113835167,LOC113835167
103,Lpcat2,I79_003737
103,LOC113837138,LOC113837138
103,LOC113831473,LOC113831473
103,Mir27a,Mir27a
103,LOC118239090,LOC118239090
103,LOC107978840,LOC107978840
103,LOC113833631,LOC113833631
103,LOC113836326,LOC113836326
103,LOC118239069,LOC118239069
103,LOC118239581,LOC118239581
103,LOC118238430,LOC118238430
103,Trnay-gua_8,Trnay-gua_8
103,Tmem88b,Tmem88b
103,CUNH11orf52,CUNH11orf52
103,LOC118239098,LOC118239098
103,LOC118239070,LOC118239070
103,LOC118238878,LOC118238878
103,Spon2,Spon2
103,LOC113835234,LOC113835234
103,LOC118238016,LOC118238016
103,Mmp2,Mmp2
103,LOC113830993,LOC113830993
103,LOC113833231,LOC113833231
103,LOC113831374,LOC113831374
103,LOC107977779,LOC107977779
103,LOC113834391,LOC113834391
103,LOC113835571,LOC113835571
103,Mir23a,Mir23a
103,LOC113835166,LOC113835166
103,LOC118238767,LOC118238767
103,LOC103161682,LOC103161682
104,LOC113836830,LOC113836830
104,LOC113836194,LOC113836194
104,LOC113836831,LOC113836831
104,LOC107977878,LOC107977878
104,LOC113832633,LOC113832633
104,LOC113834342,LOC113834342
104,Ankrd61,Ankrd61
104,LOC113833012,LOC113833012
104,LOC113836709,LOC113836709
104,LOC100766491,I79_025066
104,Trnak-uuu_1,Trnak-uuu_1
104,Mir25,Mir25
104,LOC118238367,I79_009808
104,LOC113831655,LOC113831655
104,LOC113834513,LOC113834513
104,LOC113836317,LOC113836317
104,LOC113832735,LOC113832735
104,LOC113834475,LOC113834475
104,LOC118238596,LOC118238596
104,LOC118237816,LOC118237816
104,LOC113831473,LOC113831473
104,LOC113831513,LOC113831513
104,LOC113833681,LOC113833681
