iModulon,explained_variance
52,10.948481785552062
25,5.513524552281155
5,4.125357879225971
86,3.729544563000385
16,3.545509526054386
9,3.4153700693696174
1,2.95136174221146
92,2.9413957007215465
90,2.6958811119038235
47,1.875227247237897
91,1.6943765915571039
2,1.634235050564015
60,1.5463388673940461
13,1.4590980065175712
95,1.3506350896808113
65,1.3482431615724595
101,1.2360287148524833
80,1.1502147162589003
42,1.1331622149940732
44,1.082830494769383
14,1.0325223613932795
93,1.0220544588036862
31,0.9987675586164106
20,0.9977605051621032
55,0.9919849483892237
87,0.9136540668896196
75,0.8970028826610198
96,0.8403853711944063
82,0.8199218482410316
11,0.6450661169606986
88,0.6217606165611073
54,0.6061461325435707
84,0.5857173262712365
43,0.5823458491217408
37,0.5727767305520189
73,0.5665910756346159
3,0.5635261295728899
17,0.5542524675943403
53,0.5502103546208266
45,0.5462000739862082
98,0.5247406557436164
66,0.49476885268081566
26,0.4473376780812185
29,0.4203722411658005
4,0.41231963872016936
81,0.4087075787449228
68,0.37520141214157476
94,0.3628469317997063
35,0.3584660827429346
36,0.35082554367185775
69,0.3453814708780825
28,0.33971728068985807
74,0.3318020175449216
83,0.3232566330024128
85,0.31095574011629856
21,0.3076518695530808
78,0.29419023109676645
97,0.2897483638402905
72,0.2810217832432389
89,0.2775078521888578
64,0.27550683959418687
100,0.2653553536197174
57,0.24634730718293887
7,0.23755256754839385
79,0.2374882274947438
10,0.23545013224992675
40,0.2284125402198806
27,0.21903718039572476
0,0.2152519779012656
41,0.21518547184682166
76,0.19738198110543648
15,0.19725312361235903
30,0.1953374833435381
18,0.19122006657365842
8,0.1893166736385767
24,0.18758490768302816
62,0.18736062532313713
77,0.1780068781170423
12,0.16250887305130238
48,0.1593055492869505
103,0.157558006205841
63,0.15712969978614505
67,0.15364546193739148
58,0.14942620964284226
70,0.14905880810838937
39,0.14873489351933183
6,0.14695504853763924
38,0.14478628122320603
61,0.130666638125213
19,0.12571028470488196
99,0.1217726911742265
22,0.12091657567538143
56,0.11370686311384899
50,0.11361705133389455
71,0.10341878833586614
33,0.09103993026943298
46,0.0821263486340875
34,0.07455408383146706
49,0.06953916446719892
104,0.06920172997887092
102,0.06075363553755037
32,0.05816873309853962
51,0.05526159056073639
59,0.0530641512971172
23,0.05114124441263071
