Gene,Loading,DisplayLabel,Inferred
LOC100773073,0.0848274058257793,Anxa8*,True
LOC100751672,0.0830592118091025,Ldhc*,True
LOC118237644,0.0801101191932148,RNAU1*,True
Fos,-0.0677040584408754,Fos,False
Inka2,0.0594541092063742,Inka2,False
Eda2r,0.0546010522354091,Eda2r,False
Sesn2,0.0535041296720791,Sesn2,False
LOC103161050,0.0517299268901759,LOC103161050,False
LOC100769250,0.0514195438507937,Ces2c*,True
Ccdc122,0.0500293444688332,Ccdc122,False
LOC100753502,-0.0479079439261433,H2B1B*,True
Mir22,0.0462540644467028,Mir22,False
Rbm3,0.0462388556417715,Rbm3,False
Hoatz,0.0458284822712467,Hoatz,False
Moxd1,0.0454582997300121,Moxd1,False
LOC100754104,-0.0451141794443888,H3*,True
Tbc1d8,0.0446009268129059,Tbc1d8,False
LOC100755639,0.044400967715674,Inpp1*,True
Mdm2,0.0438251719987012,Mdm2,False
LOC107979446,-0.0437159241529574,H3*,True
