Project,SampleID,Instrument,Layout,Cell line,Time point,Time point (day),Producer,Product,Engineered,Culture,Productivity,Stability,Temperature shift,Phase,Media,Library,Source,Condition 
PRJEB33024,ERR3374020,ILLUMINA,SINGLE,CHO-K1,48hr,2.0,NP,,,Batch,,,NO,E,CD-CHO (Gibco),PolyA,https://analyticalsciencejournals.onlinelibrary.wiley.com/doi/full/10.1002/biot.201900359,48h in cell culture; 24h before TS
PRJEB33024,ERR3374021,ILLUMINA,SINGLE,CHO-K1,48hr,2.0,NP,,,Batch,,,NO,E,CD-CHO (Gibco),PolyA,https://analyticalsciencejournals.onlinelibrary.wiley.com/doi/full/10.1002/biot.201900359,48h in cell culture; 24h before TS
PRJEB33024,ERR3374022,ILLUMINA,SINGLE,CHO-K1,68hr,2.8333333333333335,NP,,,Batch,,,NO,E,CD-CHO (Gibco),PolyA,https://analyticalsciencejournals.onlinelibrary.wiley.com/doi/full/10.1002/biot.201900359,68h in cell culture; 4h before TS
PRJEB33024,ERR3374023,ILLUMINA,SINGLE,CHO-K1,68hr,2.8333333333333335,NP,,,Batch,,,NO,E,CD-CHO (Gibco),PolyA,https://analyticalsciencejournals.onlinelibrary.wiley.com/doi/full/10.1002/biot.201900359,68h in cell culture; 4h before TS
PRJEB33024,ERR3374024,ILLUMINA,SINGLE,CHO-K1,76hr,3.1666666666666665,NP,,,Batch,,,YES,E,CD-CHO (Gibco),PolyA,https://analyticalsciencejournals.onlinelibrary.wiley.com/doi/full/10.1002/biot.201900359,76h in cell culture; 4h after TS
PRJEB33024,ERR3374025,ILLUMINA,SINGLE,CHO-K1,76hr,3.1666666666666665,NP,,,Batch,,,YES,E,CD-CHO (Gibco),PolyA,https://analyticalsciencejournals.onlinelibrary.wiley.com/doi/full/10.1002/biot.201900359,76h in cell culture; 4h after TS
PRJEB33024,ERR3374026,ILLUMINA,SINGLE,CHO-K1,96hr,4.0,NP,,,Batch,,,YES,S,CD-CHO (Gibco),PolyA,https://analyticalsciencejournals.onlinelibrary.wiley.com/doi/full/10.1002/biot.201900359,96h in cell culture; 24h after TS
PRJEB33024,ERR3374027,ILLUMINA,SINGLE,CHO-K1,96hr,4.0,NP,,,Batch,,,YES,S,CD-CHO (Gibco),PolyA,https://analyticalsciencejournals.onlinelibrary.wiley.com/doi/full/10.1002/biot.201900359,96h in cell culture; 24h after TS
PRJEB33024,ERR3374028,ILLUMINA,SINGLE,CHO-K1,144hr,6.0,NP,,,Batch,,,YES,S,CD-CHO (Gibco),PolyA,https://analyticalsciencejournals.onlinelibrary.wiley.com/doi/full/10.1002/biot.201900359,144h in cell culture; 72h after TS
PRJEB33024,ERR3374029,ILLUMINA,SINGLE,CHO-K1,144hr,6.0,NP,,,Batch,,,YES,S,CD-CHO (Gibco),PolyA,https://analyticalsciencejournals.onlinelibrary.wiley.com/doi/full/10.1002/biot.201900359,144h in cell culture; 72h after TS
PRJEB37009,ERR3972086,ILLUMINA,SINGLE,CHO-K1,45hr,1.875,NP,,,Batch,,,NO,E,CD-CHO (Gibco),rRNA,https://www.sciencedirect.com/science/article/pii/S200103702030283X,K1_0mMQ_R1
PRJEB37009,ERR3972087,ILLUMINA,SINGLE,CHO-K1,45hr,1.875,NP,,,Batch,,,NO,E,CD-CHO (Gibco),rRNA,https://www.sciencedirect.com/science/article/pii/S200103702030283X,K1_0mMQ_R2
PRJEB37009,ERR3972088,ILLUMINA,SINGLE,CHO-K1,45hr,1.875,NP,,,Batch,,,NO,E,CD-CHO (Gibco),rRNA,https://www.sciencedirect.com/science/article/pii/S200103702030283X,K1_0mMQ_sub2_R1
PRJEB37009,ERR3972089,ILLUMINA,SINGLE,CHO-K1,45hr,1.875,NP,,,Batch,,,NO,E,CD-CHO (Gibco),rRNA,https://www.sciencedirect.com/science/article/pii/S200103702030283X,K1_0mMQ_sub2_R2
PRJEB37009,ERR3972090,ILLUMINA,SINGLE,CHO-K1,45hr,1.875,NP,,,Batch,,,NO,E,CD-CHO (Gibco),rRNA,https://www.sciencedirect.com/science/article/pii/S200103702030283X,K1_8mMQ_R1
PRJEB37009,ERR3972091,ILLUMINA,SINGLE,CHO-K1,45hr,1.875,NP,,,Batch,,,NO,E,CD-CHO (Gibco),rRNA,https://www.sciencedirect.com/science/article/pii/S200103702030283X,K1_8mMQ_R2
PRJEB37009,ERR3972092,ILLUMINA,SINGLE,CHO-K1,45hr,1.875,NP,,,Batch,,,NO,E,CD-CHO (Gibco),rRNA,https://www.sciencedirect.com/science/article/pii/S200103702030283X,K1_8mMQ_sub2_R1
PRJEB37009,ERR3972093,ILLUMINA,SINGLE,CHO-K1,45hr,1.875,NP,,,Batch,,,NO,E,CD-CHO (Gibco),rRNA,https://www.sciencedirect.com/science/article/pii/S200103702030283X,K1_8mMQ_sub2_R2
PRJEB37009,ERR3972094,ILLUMINA,SINGLE,CHO-K1,45hr,1.875,NP,,,Batch,,,NO,E,CD-CHO (Gibco),rRNA,https://www.sciencedirect.com/science/article/pii/S200103702030283X,K1_Hy_R1(6mMQ)
PRJEB37009,ERR3972095,ILLUMINA,SINGLE,CHO-K1,45hr,1.875,NP,,,Batch,,,NO,E,CD-CHO (Gibco),rRNA,https://www.sciencedirect.com/science/article/pii/S200103702030283X,K1_Hy_R2(6mMQ)
PRJEB37009,ERR3972096,ILLUMINA,SINGLE,CHO-K1,45hr,1.875,NP,,,Batch,,,NO,E,CD-CHO (Gibco),rRNA,https://www.sciencedirect.com/science/article/pii/S200103702030283X,K1_Hy_sub2_R1(6mMQ)
PRJEB37009,ERR3972097,ILLUMINA,SINGLE,CHO-K1,45hr,1.875,NP,,,Batch,,,NO,E,CD-CHO (Gibco),rRNA,https://www.sciencedirect.com/science/article/pii/S200103702030283X,K1_Hy_sub2_R2(6mMQ)
PRJEB38542,ERR4184070,ILLUMINA,SINGLE,CHO-DXB11,Day5,5.0,P,EPO-Fc,,Batch,Low,1.0,NO,E,CD-CHO (Gibco),total RNA,https://analyticalsciencejournals.onlinelibrary.wiley.com/doi/10.1002/biot.202000350,1_B3_Transcriptome_R1
PRJEB38542,ERR4184071,ILLUMINA,SINGLE,CHO-DXB11,Day5,5.0,P,EPO-Fc,,Batch,Low,1.0,NO,E,CD-CHO (Gibco),total RNA,https://analyticalsciencejournals.onlinelibrary.wiley.com/doi/10.1002/biot.202000350,1_B3_Transcriptome_R2
PRJEB38542,ERR4184072,ILLUMINA,SINGLE,CHO-DXB11,Day5,5.0,P,EPO-Fc,,Batch,Medium,1.0,NO,E,CD-CHO (Gibco),total RNA,https://analyticalsciencejournals.onlinelibrary.wiley.com/doi/10.1002/biot.202000350,1_C3_Transcriptome_R1
PRJEB38542,ERR4184073,ILLUMINA,SINGLE,CHO-DXB11,Day5,5.0,P,EPO-Fc,,Batch,Medium,1.0,NO,E,CD-CHO (Gibco),total RNA,https://analyticalsciencejournals.onlinelibrary.wiley.com/doi/10.1002/biot.202000350,1_C3_Transcriptome_R2
PRJEB38542,ERR4184074,ILLUMINA,SINGLE,CHO-DXB11,Day5,5.0,P,EPO-Fc,,Batch,Medium,1.0,NO,E,CD-CHO (Gibco),total RNA,https://analyticalsciencejournals.onlinelibrary.wiley.com/doi/10.1002/biot.202000350,1_C6_Transcriptome_R1
PRJEB38542,ERR4184075,ILLUMINA,SINGLE,CHO-DXB11,Day5,5.0,P,EPO-Fc,,Batch,Medium,1.0,NO,E,CD-CHO (Gibco),total RNA,https://analyticalsciencejournals.onlinelibrary.wiley.com/doi/10.1002/biot.202000350,1_C6_Transcriptome_R2
PRJEB38542,ERR4184076,ILLUMINA,SINGLE,CHO-DXB11,Day5,5.0,P,EPO-Fc,,Batch,Medium,1.0,NO,E,CD-CHO (Gibco),total RNA,https://analyticalsciencejournals.onlinelibrary.wiley.com/doi/10.1002/biot.202000350,1_C7_Transcriptome_R1
PRJEB38542,ERR4184077,ILLUMINA,SINGLE,CHO-DXB11,Day5,5.0,P,EPO-Fc,,Batch,Medium,1.0,NO,E,CD-CHO (Gibco),total RNA,https://analyticalsciencejournals.onlinelibrary.wiley.com/doi/10.1002/biot.202000350,1_C7_Transcriptome_R2
PRJEB38542,ERR4184078,ILLUMINA,SINGLE,CHO-DXB11,Day5,5.0,P,EPO-Fc,,Batch,High,0.0,NO,E,CD-CHO (Gibco),total RNA,https://analyticalsciencejournals.onlinelibrary.wiley.com/doi/10.1002/biot.202000350,1_E2_Transcriptome_R1
PRJEB38542,ERR4184079,ILLUMINA,SINGLE,CHO-DXB11,Day5,5.0,P,EPO-Fc,,Batch,High,0.0,NO,E,CD-CHO (Gibco),total RNA,https://analyticalsciencejournals.onlinelibrary.wiley.com/doi/10.1002/biot.202000350,1_E2_Transcriptome_R2
PRJEB38542,ERR4184080,ILLUMINA,SINGLE,CHO-DXB11,Day5,5.0,P,EPO-Fc,,Batch,High,1.0,NO,E,CD-CHO (Gibco),total RNA,https://analyticalsciencejournals.onlinelibrary.wiley.com/doi/10.1002/biot.202000350,1_E7_Transcriptome_R1
PRJEB38542,ERR4184081,ILLUMINA,SINGLE,CHO-DXB11,Day5,5.0,P,EPO-Fc,,Batch,High,1.0,NO,E,CD-CHO (Gibco),total RNA,https://analyticalsciencejournals.onlinelibrary.wiley.com/doi/10.1002/biot.202000350,1_E7_Transcriptome_R2
PRJEB38542,ERR4184082,ILLUMINA,SINGLE,CHO-DXB11,Day5,5.0,P,EPO-Fc,,Batch,,,NO,E,CD-CHO (Gibco),total RNA,https://analyticalsciencejournals.onlinelibrary.wiley.com/doi/10.1002/biot.202000350,Parent_Transcriptome_R1
PRJEB38542,ERR4184083,ILLUMINA,SINGLE,CHO-DXB11,Day5,5.0,P,EPO-Fc,,Batch,,,NO,E,CD-CHO (Gibco),total RNA,https://analyticalsciencejournals.onlinelibrary.wiley.com/doi/10.1002/biot.202000350,Parent_Transcriptome_R2
PRJEB55916,ERR10745711,Illumina NovaSeq 6000 sequencing,PAIRED,CHO-K1,6hr,0.25,NP,,,Batch,,,NO,L,CD-CHO (Gibco),rRNA,https://analyticalsciencejournals.onlinelibrary.wiley.com/doi/10.1002/bit.28320,CHO-K1_8mMQ_6h_R1
PRJEB55916,ERR10745712,Illumina NovaSeq 6000 sequencing,PAIRED,CHO-K1,6hr,0.25,NP,,,Batch,,,NO,L,CD-CHO (Gibco),rRNA,https://analyticalsciencejournals.onlinelibrary.wiley.com/doi/10.1002/bit.28320,CHO-K1_8mMQ_6h_R1
PRJEB55916,ERR10745713,Illumina NovaSeq 6000 sequencing,PAIRED,CHO-K1,6hr,0.25,NP,,,Batch,,,NO,L,CD-CHO (Gibco),rRNA,https://analyticalsciencejournals.onlinelibrary.wiley.com/doi/10.1002/bit.28320,CHO-K1_8mMQ_6h_R1
PRJEB55916,ERR10745714,Illumina NovaSeq 6000 sequencing,PAIRED,CHO-K1,6hr,0.25,NP,,,Batch,,,NO,L,CD-CHO (Gibco),rRNA,https://analyticalsciencejournals.onlinelibrary.wiley.com/doi/10.1002/bit.28320,CHO-K1_8mMQ_6h_R1
PRJEB55916,ERR10745715,Illumina NovaSeq 6000 sequencing,PAIRED,CHO-K1,6hr,0.25,NP,,,Batch,,,NO,L,CD-CHO (Gibco),rRNA,https://analyticalsciencejournals.onlinelibrary.wiley.com/doi/10.1002/bit.28320,CHO-K1_8mMQ_6h_R2
PRJEB55916,ERR10745716,Illumina NovaSeq 6000 sequencing,PAIRED,CHO-K1,6hr,0.25,NP,,,Batch,,,NO,L,CD-CHO (Gibco),rRNA,https://analyticalsciencejournals.onlinelibrary.wiley.com/doi/10.1002/bit.28320,CHO-K1_8mMQ_6h_R2
PRJEB55916,ERR10745717,Illumina NovaSeq 6000 sequencing,PAIRED,CHO-K1,6hr,0.25,NP,,,Batch,,,NO,L,CD-CHO (Gibco),rRNA,https://analyticalsciencejournals.onlinelibrary.wiley.com/doi/10.1002/bit.28320,CHO-K1_8mMQ_6h_R2
PRJEB55916,ERR10745718,Illumina NovaSeq 6000 sequencing,PAIRED,CHO-K1,6hr,0.25,NP,,,Batch,,,NO,L,CD-CHO (Gibco),rRNA,https://analyticalsciencejournals.onlinelibrary.wiley.com/doi/10.1002/bit.28320,CHO-K1_8mMQ_6h_R2
PRJEB55916,ERR10745719,Illumina NovaSeq 6000 sequencing,PAIRED,CHO-K1,6hr,0.25,NP,,,Batch,,,NO,L,CD-CHO (Gibco),rRNA,https://analyticalsciencejournals.onlinelibrary.wiley.com/doi/10.1002/bit.28320,CHO-K1_0mMQ_6h_R1
PRJEB55916,ERR10745720,Illumina NovaSeq 6000 sequencing,PAIRED,CHO-K1,6hr,0.25,NP,,,Batch,,,NO,L,CD-CHO (Gibco),rRNA,https://analyticalsciencejournals.onlinelibrary.wiley.com/doi/10.1002/bit.28320,CHO-K1_0mMQ_6h_R1
PRJEB55916,ERR10745721,Illumina NovaSeq 6000 sequencing,PAIRED,CHO-K1,6hr,0.25,NP,,,Batch,,,NO,L,CD-CHO (Gibco),rRNA,https://analyticalsciencejournals.onlinelibrary.wiley.com/doi/10.1002/bit.28320,CHO-K1_0mMQ_6h_R1
PRJEB55916,ERR10745722,Illumina NovaSeq 6000 sequencing,PAIRED,CHO-K1,6hr,0.25,NP,,,Batch,,,NO,L,CD-CHO (Gibco),rRNA,https://analyticalsciencejournals.onlinelibrary.wiley.com/doi/10.1002/bit.28320,CHO-K1_0mMQ_6h_R1
PRJEB55916,ERR10745723,Illumina NovaSeq 6000 sequencing,PAIRED,CHO-K1,6hr,0.25,NP,,,Batch,,,NO,L,CD-CHO (Gibco),rRNA,https://analyticalsciencejournals.onlinelibrary.wiley.com/doi/10.1002/bit.28320,CHO-K1_0mMQ_6h_R2
PRJEB55916,ERR10745724,Illumina NovaSeq 6000 sequencing,PAIRED,CHO-K1,6hr,0.25,NP,,,Batch,,,NO,L,CD-CHO (Gibco),rRNA,https://analyticalsciencejournals.onlinelibrary.wiley.com/doi/10.1002/bit.28320,CHO-K1_0mMQ_6h_R2
PRJEB55916,ERR10745725,Illumina NovaSeq 6000 sequencing,PAIRED,CHO-K1,6hr,0.25,NP,,,Batch,,,NO,L,CD-CHO (Gibco),rRNA,https://analyticalsciencejournals.onlinelibrary.wiley.com/doi/10.1002/bit.28320,CHO-K1_0mMQ_6h_R2
PRJEB55916,ERR10745726,Illumina NovaSeq 6000 sequencing,PAIRED,CHO-K1,24hr,1.0,NP,,,Batch,,,NO,L,CD-CHO (Gibco),rRNA,https://analyticalsciencejournals.onlinelibrary.wiley.com/doi/10.1002/bit.28320,CHO-K1_8mMQ_24h_R1
PRJEB55916,ERR10745727,Illumina NovaSeq 6000 sequencing,PAIRED,CHO-K1,24hr,1.0,NP,,,Batch,,,NO,L,CD-CHO (Gibco),rRNA,https://analyticalsciencejournals.onlinelibrary.wiley.com/doi/10.1002/bit.28320,CHO-K1_8mMQ_24h_R1
PRJEB55916,ERR10745728,Illumina NovaSeq 6000 sequencing,PAIRED,CHO-K1,24hr,1.0,NP,,,Batch,,,NO,L,CD-CHO (Gibco),rRNA,https://analyticalsciencejournals.onlinelibrary.wiley.com/doi/10.1002/bit.28320,CHO-K1_8mMQ_24h_R1
PRJEB55916,ERR10745729,Illumina NovaSeq 6000 sequencing,PAIRED,CHO-K1,24hr,1.0,NP,,,Batch,,,NO,L,CD-CHO (Gibco),rRNA,https://analyticalsciencejournals.onlinelibrary.wiley.com/doi/10.1002/bit.28320,CHO-K1_8mMQ_24h_R1
PRJEB55916,ERR10745730,Illumina NovaSeq 6000 sequencing,PAIRED,CHO-K1,24hr,1.0,NP,,,Batch,,,NO,L,CD-CHO (Gibco),rRNA,https://analyticalsciencejournals.onlinelibrary.wiley.com/doi/10.1002/bit.28320,CHO-K1_8mMQ_24h_R2
PRJEB55916,ERR10745731,Illumina NovaSeq 6000 sequencing,PAIRED,CHO-K1,24hr,1.0,NP,,,Batch,,,NO,L,CD-CHO (Gibco),rRNA,https://analyticalsciencejournals.onlinelibrary.wiley.com/doi/10.1002/bit.28320,CHO-K1_8mMQ_24h_R2
PRJEB55916,ERR10745732,Illumina NovaSeq 6000 sequencing,PAIRED,CHO-K1,24hr,1.0,NP,,,Batch,,,NO,L,CD-CHO (Gibco),rRNA,https://analyticalsciencejournals.onlinelibrary.wiley.com/doi/10.1002/bit.28320,CHO-K1_8mMQ_24h_R2
PRJEB55916,ERR10745733,Illumina NovaSeq 6000 sequencing,PAIRED,CHO-K1,24hr,1.0,NP,,,Batch,,,NO,L,CD-CHO (Gibco),rRNA,https://analyticalsciencejournals.onlinelibrary.wiley.com/doi/10.1002/bit.28320,CHO-K1_8mMQ_24h_R2
PRJEB55916,ERR10745734,Illumina NovaSeq 6000 sequencing,PAIRED,CHO-K1,24hr,1.0,NP,,,Batch,,,NO,L,CD-CHO (Gibco),rRNA,https://analyticalsciencejournals.onlinelibrary.wiley.com/doi/10.1002/bit.28320,CHO-K1_0mMQ_24h_R1
PRJEB55916,ERR10745735,Illumina NovaSeq 6000 sequencing,PAIRED,CHO-K1,24hr,1.0,NP,,,Batch,,,NO,L,CD-CHO (Gibco),rRNA,https://analyticalsciencejournals.onlinelibrary.wiley.com/doi/10.1002/bit.28320,CHO-K1_0mMQ_24h_R1
PRJEB55916,ERR10745736,Illumina NovaSeq 6000 sequencing,PAIRED,CHO-K1,24hr,1.0,NP,,,Batch,,,NO,L,CD-CHO (Gibco),rRNA,https://analyticalsciencejournals.onlinelibrary.wiley.com/doi/10.1002/bit.28320,CHO-K1_0mMQ_24h_R1
PRJEB55916,ERR10745737,Illumina NovaSeq 6000 sequencing,PAIRED,CHO-K1,24hr,1.0,NP,,,Batch,,,NO,L,CD-CHO (Gibco),rRNA,https://analyticalsciencejournals.onlinelibrary.wiley.com/doi/10.1002/bit.28320,CHO-K1_0mMQ_24h_R1
PRJEB55916,ERR10745738,Illumina NovaSeq 6000 sequencing,PAIRED,CHO-K1,24hr,1.0,NP,,,Batch,,,NO,L,CD-CHO (Gibco),rRNA,https://analyticalsciencejournals.onlinelibrary.wiley.com/doi/10.1002/bit.28320,CHO-K1_0mMQ_24h_R2
PRJEB55916,ERR10745739,Illumina NovaSeq 6000 sequencing,PAIRED,CHO-K1,24hr,1.0,NP,,,Batch,,,NO,L,CD-CHO (Gibco),rRNA,https://analyticalsciencejournals.onlinelibrary.wiley.com/doi/10.1002/bit.28320,CHO-K1_0mMQ_24h_R2
PRJEB55916,ERR10745740,Illumina NovaSeq 6000 sequencing,PAIRED,CHO-K1,24hr,1.0,NP,,,Batch,,,NO,L,CD-CHO (Gibco),rRNA,https://analyticalsciencejournals.onlinelibrary.wiley.com/doi/10.1002/bit.28320,CHO-K1_0mMQ_24h_R2
PRJEB55916,ERR10745741,Illumina NovaSeq 6000 sequencing,PAIRED,CHO-K1,24hr,1.0,NP,,,Batch,,,NO,L,CD-CHO (Gibco),rRNA,https://analyticalsciencejournals.onlinelibrary.wiley.com/doi/10.1002/bit.28320,CHO-K1_0mMQ_24h_R2
PRJEB55916,ERR10745742,Illumina NovaSeq 6000 sequencing,PAIRED,CHO-K1,48 hr,2.0,NP,,,Batch,,,NO,E,CD-CHO (Gibco),rRNA,https://analyticalsciencejournals.onlinelibrary.wiley.com/doi/10.1002/bit.28320,CHO-K1_8mMQ_48h_R1
PRJEB55916,ERR10745743,Illumina NovaSeq 6000 sequencing,PAIRED,CHO-K1,48 hr,2.0,NP,,,Batch,,,NO,E,CD-CHO (Gibco),rRNA,https://analyticalsciencejournals.onlinelibrary.wiley.com/doi/10.1002/bit.28320,CHO-K1_8mMQ_48h_R1
PRJEB55916,ERR10745744,Illumina NovaSeq 6000 sequencing,PAIRED,CHO-K1,48 hr,2.0,NP,,,Batch,,,NO,E,CD-CHO (Gibco),rRNA,https://analyticalsciencejournals.onlinelibrary.wiley.com/doi/10.1002/bit.28320,CHO-K1_8mMQ_48h_R1
PRJEB55916,ERR10745745,Illumina NovaSeq 6000 sequencing,PAIRED,CHO-K1,48 hr,2.0,NP,,,Batch,,,NO,E,CD-CHO (Gibco),rRNA,https://analyticalsciencejournals.onlinelibrary.wiley.com/doi/10.1002/bit.28320,CHO-K1_8mMQ_48h_R1
PRJEB55916,ERR10745746,Illumina NovaSeq 6000 sequencing,PAIRED,CHO-K1,48 hr,2.0,NP,,,Batch,,,NO,E,CD-CHO (Gibco),rRNA,https://analyticalsciencejournals.onlinelibrary.wiley.com/doi/10.1002/bit.28320,CHO-K1_8mMQ_48h_R2
PRJEB55916,ERR10745747,Illumina NovaSeq 6000 sequencing,PAIRED,CHO-K1,48 hr,2.0,NP,,,Batch,,,NO,E,CD-CHO (Gibco),rRNA,https://analyticalsciencejournals.onlinelibrary.wiley.com/doi/10.1002/bit.28320,CHO-K1_8mMQ_48h_R2
PRJEB55916,ERR10745748,Illumina NovaSeq 6000 sequencing,PAIRED,CHO-K1,48 hr,2.0,NP,,,Batch,,,NO,E,CD-CHO (Gibco),rRNA,https://analyticalsciencejournals.onlinelibrary.wiley.com/doi/10.1002/bit.28320,CHO-K1_8mMQ_48h_R2
PRJEB55916,ERR10745749,Illumina NovaSeq 6000 sequencing,PAIRED,CHO-K1,48 hr,2.0,NP,,,Batch,,,NO,E,CD-CHO (Gibco),rRNA,https://analyticalsciencejournals.onlinelibrary.wiley.com/doi/10.1002/bit.28320,CHO-K1_8mMQ_48h_R2
PRJEB55916,ERR10745750,Illumina NovaSeq 6000 sequencing,PAIRED,CHO-K1,48 hr,2.0,NP,,,Batch,,,NO,E,CD-CHO (Gibco),rRNA,https://analyticalsciencejournals.onlinelibrary.wiley.com/doi/10.1002/bit.28320,CHO-K1_0mMQ_48h_R1
PRJEB55916,ERR10745751,Illumina NovaSeq 6000 sequencing,PAIRED,CHO-K1,48 hr,2.0,NP,,,Batch,,,NO,E,CD-CHO (Gibco),rRNA,https://analyticalsciencejournals.onlinelibrary.wiley.com/doi/10.1002/bit.28320,CHO-K1_0mMQ_48h_R1
PRJEB55916,ERR10745752,Illumina NovaSeq 6000 sequencing,PAIRED,CHO-K1,48 hr,2.0,NP,,,Batch,,,NO,E,CD-CHO (Gibco),rRNA,https://analyticalsciencejournals.onlinelibrary.wiley.com/doi/10.1002/bit.28320,CHO-K1_0mMQ_48h_R1
PRJEB55916,ERR10745753,Illumina NovaSeq 6000 sequencing,PAIRED,CHO-K1,48 hr,2.0,NP,,,Batch,,,NO,E,CD-CHO (Gibco),rRNA,https://analyticalsciencejournals.onlinelibrary.wiley.com/doi/10.1002/bit.28320,CHO-K1_0mMQ_48h_R1
PRJEB55916,ERR10745754,Illumina NovaSeq 6000 sequencing,PAIRED,CHO-K1,48 hr,2.0,NP,,,Batch,,,NO,E,CD-CHO (Gibco),rRNA,https://analyticalsciencejournals.onlinelibrary.wiley.com/doi/10.1002/bit.28320,CHO-K1_0mMQ_48h_R2
PRJEB55916,ERR10745755,Illumina NovaSeq 6000 sequencing,PAIRED,CHO-K1,48 hr,2.0,NP,,,Batch,,,NO,E,CD-CHO (Gibco),rRNA,https://analyticalsciencejournals.onlinelibrary.wiley.com/doi/10.1002/bit.28320,CHO-K1_0mMQ_48h_R2
PRJEB55916,ERR10745756,Illumina NovaSeq 6000 sequencing,PAIRED,CHO-K1,48 hr,2.0,NP,,,Batch,,,NO,E,CD-CHO (Gibco),rRNA,https://analyticalsciencejournals.onlinelibrary.wiley.com/doi/10.1002/bit.28320,CHO-K1_0mMQ_48h_R2
PRJEB55916,ERR10745757,Illumina NovaSeq 6000 sequencing,PAIRED,CHO-K1,48 hr,2.0,NP,,,Batch,,,NO,E,CD-CHO (Gibco),rRNA,https://analyticalsciencejournals.onlinelibrary.wiley.com/doi/10.1002/bit.28320,CHO-K1_0mMQ_48h_R2
PRJNA1130622,SRR29672912,ILLUMINA,PAIRED,CHO-DXB11,Day3,3.0,P,mAb,NO,Batch,,1.0,YES,E,CD-CHO (Gibco),total RNA,https://analyticalsciencejournals.onlinelibrary.wiley.com/doi/10.1002/biot.70055,rCHO DP-12 33 degC pH 6.70 rep2
PRJNA1130622,SRR29672913,ILLUMINA,PAIRED,CHO-DXB11,Day3,3.0,P,mAb,NO,Batch,,1.0,YES,E,CD-CHO (Gibco),total RNA,https://analyticalsciencejournals.onlinelibrary.wiley.com/doi/10.1002/biot.70055,rCHO DP-12 33 degC pH 6.70 rep1
PRJNA1130622,SRR29672914,ILLUMINA,PAIRED,CHO-DXB11,Day3,3.0,P,mAb,NO,Batch,,1.0,YES,E,CD-CHO (Gibco),total RNA,https://analyticalsciencejournals.onlinelibrary.wiley.com/doi/10.1002/biot.70055,rCHO DP-12 33 degC pH 6.95 rep2
PRJNA1130622,SRR29672915,ILLUMINA,PAIRED,CHO-DXB11,Day3,3.0,P,mAb,NO,Batch,,1.0,YES,E,CD-CHO (Gibco),total RNA,https://analyticalsciencejournals.onlinelibrary.wiley.com/doi/10.1002/biot.70055,rCHO DP-12 33 degC pH 6.95 rep1
PRJNA1130622,SRR29672916,ILLUMINA,PAIRED,CHO-K1,Day2,2.0,NP,,NO,Batch,,1.0,NO,E,CD-CHO (Gibco),total RNA,https://analyticalsciencejournals.onlinelibrary.wiley.com/doi/10.1002/biot.70055,CHO K1-PF 37 degC pH 6.95 rep2
PRJNA1130622,SRR29672917,ILLUMINA,PAIRED,CHO-K1,Day2,2.0,NP,,NO,Batch,,1.0,NO,E,CD-CHO (Gibco),total RNA,https://analyticalsciencejournals.onlinelibrary.wiley.com/doi/10.1002/biot.70055,CHO K1-PF 37 degC pH 6.95 rep1
PRJNA1130622,SRR29672918,ILLUMINA,PAIRED,CHO-DXB11,Day2,2.0,P,mAb,NO,Batch,,1.0,NO,E,CD-CHO (Gibco),total RNA,https://analyticalsciencejournals.onlinelibrary.wiley.com/doi/10.1002/biot.70055,rCHO DP-12 37 degC pH 6.95 rep2
PRJNA1130622,SRR29672919,ILLUMINA,PAIRED,CHO-DXB11,Day2,2.0,NP,,NO,Batch,,1.0,NO,E,50DMEM-50CD-CHO,total RNA,https://analyticalsciencejournals.onlinelibrary.wiley.com/doi/10.1002/biot.70055,CHO dhFr- 5% serum rep2
PRJNA1130622,SRR29672920,ILLUMINA,PAIRED,CHO-DXB11,Day2,2.0,NP,,NO,Batch,,1.0,NO,E,50DMEM-50CD-CHO,total RNA,https://analyticalsciencejournals.onlinelibrary.wiley.com/doi/10.1002/biot.70055,CHO dhFr- 5% serum rep1
PRJNA1130622,SRR29672921,ILLUMINA,PAIRED,CHO-DXB11,Day2,2.0,NP,,NO,Batch,,1.0,NO,E,DMEM,total RNA,https://analyticalsciencejournals.onlinelibrary.wiley.com/doi/10.1002/biot.70055,CHO dhFr- 10% serum rep2
PRJNA1130622,SRR29672922,ILLUMINA,PAIRED,CHO-DXB11,Day2,2.0,NP,,NO,Batch,,1.0,NO,E,DMEM,total RNA,https://analyticalsciencejournals.onlinelibrary.wiley.com/doi/10.1002/biot.70055,CHO dhFr- 10% serum rep1
PRJNA1130622,SRR29672923,ILLUMINA,PAIRED,CHO-DXB11,Day2,2.0,NP,,NO,Batch,,1.0,NO,E,CD-CHO (Gibco),total RNA,https://analyticalsciencejournals.onlinelibrary.wiley.com/doi/10.1002/biot.70055,rCHO DP-12 0% serum rep2
PRJNA1130622,SRR29672924,ILLUMINA,PAIRED,CHO-DXB11,Day2,2.0,P,mAb,NO,Batch,,1.0,NO,E,50DMEM-50CD-CHO,total RNA,https://analyticalsciencejournals.onlinelibrary.wiley.com/doi/10.1002/biot.70055,rCHO DP-12 5% serum rep2
PRJNA1130622,SRR29672925,ILLUMINA,PAIRED,CHO-DXB11,Day2,2.0,P,mAb,NO,Batch,,1.0,NO,E,50DMEM-50CD-CHO,total RNA,https://analyticalsciencejournals.onlinelibrary.wiley.com/doi/10.1002/biot.70055,rCHO DP-12 37 degC pH 6.95 rep1
PRJNA1130622,SRR29672926,ILLUMINA,PAIRED,CHO-DXB11,Day2,2.0,NP,,NO,Batch,,1.0,NO,E,DMEM,total RNA,https://analyticalsciencejournals.onlinelibrary.wiley.com/doi/10.1002/biot.70055,rCHO DP-12 10% serum rep1
PRJNA1130622,SRR29672927,ILLUMINA,PAIRED,CHO-DXB11,Day2,2.0,NP,,NO,Batch,,1.0,NO,E,DMEM,total RNA,https://analyticalsciencejournals.onlinelibrary.wiley.com/doi/10.1002/biot.70055,rCHO DP-12 10% serum rep2
PRJNA1130622,SRR29672928,ILLUMINA,PAIRED,CHO-DXB11,Day2,2.0,P,mAb,NO,Batch,,1.0,NO,E,CD-CHO (Gibco),total RNA,https://analyticalsciencejournals.onlinelibrary.wiley.com/doi/10.1002/biot.70055,rCHO DP-12 5% serum rep1
PRJNA1130622,SRR29672929,ILLUMINA,PAIRED,CHO-DXB11,Day2,2.0,NP,,NO,Batch,,1.0,NO,E,CD-CHO (Gibco),total RNA,https://analyticalsciencejournals.onlinelibrary.wiley.com/doi/10.1002/biot.70055,rCHO DP-12 0% serum rep1
PRJNA1130622,SRR29672930,ILLUMINA,PAIRED,CHO-DXB11,Day2,2.0,P,mAb,NO,Batch,,1.0,NO,E,80DMEM-20CD-CHO,total RNA,https://analyticalsciencejournals.onlinelibrary.wiley.com/doi/10.1002/biot.70055,rCHO DP-12 10mM glucose rep2
PRJNA1130622,SRR29672931,ILLUMINA,PAIRED,CHO-DXB11,Day2,2.0,P,mAb,NO,Batch,,1.0,NO,E,80DMEM-20CD-CHO,total RNA,https://analyticalsciencejournals.onlinelibrary.wiley.com/doi/10.1002/biot.70055,rCHO DP-12 30mM glucose rep2
PRJNA1130622,SRR29672932,ILLUMINA,PAIRED,CHO-K1,Day3,3.0,NP,,NO,Batch,,1.0,YES,E,CD-CHO (Gibco),total RNA,https://analyticalsciencejournals.onlinelibrary.wiley.com/doi/10.1002/biot.70055,CHO K1-PF 33 degC pH 6.95 rep2
PRJNA1130622,SRR29672933,ILLUMINA,PAIRED,CHO-K1,Day3,3.0,NP,,NO,Batch,,1.0,YES,E,CD-CHO (Gibco),total RNA,https://analyticalsciencejournals.onlinelibrary.wiley.com/doi/10.1002/biot.70055,CHO K1-PF 33 degC pH 6.70 rep2
PRJNA1130622,SRR29672934,ILLUMINA,PAIRED,CHO-K1,Day3,3.0,NP,,NO,Batch,,1.0,YES,E,CD-CHO (Gibco),total RNA,https://analyticalsciencejournals.onlinelibrary.wiley.com/doi/10.1002/biot.70055,CHO K1-PF 33 degC pH 6.70 rep1
PRJNA1130622,SRR29672935,ILLUMINA,PAIRED,CHO-K1,Day3,3.0,NP,,NO,Batch,,1.0,YES,E,CD-CHO (Gibco),total RNA,https://analyticalsciencejournals.onlinelibrary.wiley.com/doi/10.1002/biot.70055,CHO K1-PF 33 degC pH 6.95 rep1
PRJNA1130622,SRR29672936,ILLUMINA,PAIRED,CHO-DXB11,Day2,2.0,P,mAb,NO,Batch,,1.0,NO,E,80DMEM-20CD-CHO,total RNA,https://analyticalsciencejournals.onlinelibrary.wiley.com/doi/10.1002/biot.70055,rCHO DP-12 30mM glucose rep1
PRJNA1130622,SRR29672937,ILLUMINA,PAIRED,CHO-DXB11,Day2,2.0,P,mAb,NO,Batch,,1.0,NO,E,80DMEM-20CD-CHO,total RNA,https://analyticalsciencejournals.onlinelibrary.wiley.com/doi/10.1002/biot.70055,rCHO DP-12 10mM glucose rep1
PRJNA1130622,SRR29672938,ILLUMINA,PAIRED,CHO-DXB11,Day2,2.0,P,mAb,NO,Batch,,1.0,NO,E,CD-CHO (Gibco),total RNA,https://analyticalsciencejournals.onlinelibrary.wiley.com/doi/10.1002/biot.70055,rCHO DP-12 37 degC pH 6.70 rep2
PRJNA1130622,SRR29672939,ILLUMINA,PAIRED,CHO-DXB11,Day2,2.0,P,mAb,NO,Batch,,1.0,NO,E,CD-CHO (Gibco),total RNA,https://analyticalsciencejournals.onlinelibrary.wiley.com/doi/10.1002/biot.70055,rCHO DP-12 37 degC pH 6.70 rep1
PRJNA214684,SRR950107,Illumina HiSeq 2000,PAIRED,CHO-K1,,,P,TLQP responsive,NO,Plate,,,NO,,,total RNA,https://www.sciencedirect.com/science/article/pii/S0021925820490106,TLQP responsive
PRJNA214684,SRR950108,Illumina HiSeq 2000,PAIRED,CHO-K1,,,P,TLQP responsive,NO,Plate,,,NO,,,total RNA,https://www.sciencedirect.com/science/article/pii/S0021925820490106,TLQP responsive
PRJNA214684,SRR950109,Illumina HiSeq 2000,PAIRED,CHO-K1,,,P,TLQP responsive,NO,Plate,,,NO,,,total RNA,https://www.sciencedirect.com/science/article/pii/S0021925820490106,TLQP responsive
PRJNA316065,SRR3284443,Illumina HiSeq 2500,SINGLE,CHO-DG44,Day3,3.0,P,chimeric IgG against S surface antigen of hepatitis B virus,,,,,NO,E,PowerCHO (Lonza),total RNA,https://www.nature.com/articles/srep40388,day3_rep1
PRJNA316065,SRR3284444,Illumina HiSeq 2500,SINGLE,CHO-DG44,Day3,3.0,P,chimeric IgG against S surface antigen of hepatitis B virus,,,,,NO,E,PowerCHO (Lonza),total RNA,https://www.nature.com/articles/srep40388,day3_rep2
PRJNA316065,SRR3284445,Illumina HiSeq 2500,SINGLE,CHO-DG44,Day3,3.0,P,chimeric IgG against S surface antigen of hepatitis B virus,,,,,NO,E,PowerCHO (Lonza),total RNA,https://www.nature.com/articles/srep40388,day3_rep3
PRJNA316065,SRR3284446,Illumina HiSeq 2500,SINGLE,CHO-DG44,Day3,3.0,P,chimeric IgG against S surface antigen of hepatitis B virus,,,,,NO,E,PowerCHO (Lonza),total RNA,https://www.nature.com/articles/srep40388,day3_rep4
PRJNA316065,SRR3284447,Illumina HiSeq 2500,SINGLE,CHO-DG44,Day3,3.0,P,chimeric IgG against S surface antigen of hepatitis B virus,,,,,NO,E,PowerCHO (Lonza),total RNA,https://www.nature.com/articles/srep40388,day3_rep5
PRJNA316065,SRR3284448,Illumina HiSeq 2500,SINGLE,CHO-DG44,Day3,3.0,P,chimeric IgG against S surface antigen of hepatitis B virus,,,,,NO,E,PowerCHO (Lonza),total RNA,https://www.nature.com/articles/srep40388,day3_rep6
PRJNA316065,SRR3284455,Illumina HiSeq 2500,SINGLE,CHO-DG44,Day6,6.0,P,chimeric IgG against S surface antigen of hepatitis B virus,,,,,NO,S,PowerCHO (Lonza),total RNA,https://www.nature.com/articles/srep40388,day6_rep1
PRJNA316065,SRR3284456,Illumina HiSeq 2500,SINGLE,CHO-DG44,Day6,6.0,P,chimeric IgG against S surface antigen of hepatitis B virus,,,,,NO,S,PowerCHO (Lonza),total RNA,https://www.nature.com/articles/srep40388,day6_rep2
PRJNA316065,SRR3284457,Illumina HiSeq 2500,SINGLE,CHO-DG44,Day6,6.0,P,chimeric IgG against S surface antigen of hepatitis B virus,,,,,NO,S,PowerCHO (Lonza),total RNA,https://www.nature.com/articles/srep40388,day6_rep3
PRJNA316065,SRR3284458,Illumina HiSeq 2500,SINGLE,CHO-DG44,Day6,6.0,P,chimeric IgG against S surface antigen of hepatitis B virus,,,,,NO,S,PowerCHO (Lonza),total RNA,https://www.nature.com/articles/srep40388,day6_rep4
PRJNA316065,SRR3284459,Illumina HiSeq 2500,SINGLE,CHO-DG44,Day6,6.0,P,chimeric IgG against S surface antigen of hepatitis B virus,,,,,NO,S,PowerCHO (Lonza),total RNA,https://www.nature.com/articles/srep40388,day6_rep5
PRJNA316065,SRR3284460,Illumina HiSeq 2500,SINGLE,CHO-DG44,Day6,6.0,P,chimeric IgG against S surface antigen of hepatitis B virus,,,,,NO,S,PowerCHO (Lonza),total RNA,https://www.nature.com/articles/srep40388,day6_rep6
PRJNA393479,SRR5812570,ILLUMINA,PAIRED,CHO-K1,,,P,mAb,,FedBatch,High,,NO,E,PowerCHO (Lonza),PolyA,https://analyticalsciencejournals.onlinelibrary.wiley.com/doi/10.1002/biot.201700231,high_rep1
PRJNA393479,SRR5812571,ILLUMINA,PAIRED,CHO-K1,,,P,mAb,,FedBatch,High,,NO,E,PowerCHO (Lonza),PolyA,https://analyticalsciencejournals.onlinelibrary.wiley.com/doi/10.1002/biot.201700231,high_rep2
PRJNA393479,SRR5812572,ILLUMINA,PAIRED,CHO-K1,,,P,mAb,,FedBatch,High,,NO,E,PowerCHO (Lonza),PolyA,https://analyticalsciencejournals.onlinelibrary.wiley.com/doi/10.1002/biot.201700231,high_rep3
PRJNA393479,SRR5812573,ILLUMINA,PAIRED,CHO-K1,,,P,mAb,,FedBatch,High,,NO,E,PowerCHO (Lonza),PolyA,https://analyticalsciencejournals.onlinelibrary.wiley.com/doi/10.1002/biot.201700231,high_rep4
PRJNA393479,SRR5812574,ILLUMINA,PAIRED,CHO-K1,,,P,mAb,,FedBatch,High,,NO,E,PowerCHO (Lonza),PolyA,https://analyticalsciencejournals.onlinelibrary.wiley.com/doi/10.1002/biot.201700231,high_rep5
PRJNA393479,SRR5812575,ILLUMINA,PAIRED,CHO-K1,,,P,mAb,,FedBatch,High,,NO,E,PowerCHO (Lonza),PolyA,https://analyticalsciencejournals.onlinelibrary.wiley.com/doi/10.1002/biot.201700231,high_rep6
PRJNA393479,SRR5812576,ILLUMINA,PAIRED,CHO-K1,,,P,mAb,,FedBatch,Low,,NO,E,PowerCHO (Lonza),PolyA,https://analyticalsciencejournals.onlinelibrary.wiley.com/doi/10.1002/biot.201700231,low_rep1
PRJNA393479,SRR5812577,ILLUMINA,PAIRED,CHO-K1,,,P,mAb,,FedBatch,Low,,NO,E,PowerCHO (Lonza),PolyA,https://analyticalsciencejournals.onlinelibrary.wiley.com/doi/10.1002/biot.201700231,low_rep2
PRJNA393479,SRR5812578,ILLUMINA,PAIRED,CHO-K1,,,P,mAb,,FedBatch,Low,,NO,E,PowerCHO (Lonza),PolyA,https://analyticalsciencejournals.onlinelibrary.wiley.com/doi/10.1002/biot.201700231,low_rep3
PRJNA393479,SRR5812579,ILLUMINA,PAIRED,CHO-K1,,,P,mAb,,FedBatch,Low,,NO,E,PowerCHO (Lonza),PolyA,https://analyticalsciencejournals.onlinelibrary.wiley.com/doi/10.1002/biot.201700231,low_rep4
PRJNA393479,SRR5812580,ILLUMINA,PAIRED,CHO-K1,,,P,mAb,,FedBatch,Low,,NO,E,PowerCHO (Lonza),PolyA,https://analyticalsciencejournals.onlinelibrary.wiley.com/doi/10.1002/biot.201700231,low_rep5
PRJNA393479,SRR5812581,ILLUMINA,PAIRED,CHO-K1,,,P,mAb,,FedBatch,Low,,NO,E,PowerCHO (Lonza),PolyA,https://analyticalsciencejournals.onlinelibrary.wiley.com/doi/10.1002/biot.201700231,low_rep6
PRJNA590485,SRR10493847,ILLUMINA,SINGLE,CHO-DG44,Day4,4.0,P,mAb,,FedBatch,High,,NO,E,PowerCHO (Lonza),rRNA,https://www.sciencedirect.com/science/article/pii/S2589004219305309 ,3068 Day 4 rep2 (dataset 2)
PRJNA590485,SRR10493848,ILLUMINA,SINGLE,CHO-DG44,Day4,4.0,P,mAb,,FedBatch,High,,NO,E,PowerCHO (Lonza),rRNA,https://www.sciencedirect.com/science/article/pii/S2589004219305309 ,3068 Day 4 rep3 (dataset 2)
PRJNA590485,SRR10493849,ILLUMINA,SINGLE,CHO-DG44,Day7,7.0,P,mAb,,FedBatch,High,,NO,S,PowerCHO (Lonza),rRNA,https://www.sciencedirect.com/science/article/pii/S2589004219305309 ,3068 Day 7 rep1 (dataset 2)
PRJNA590485,SRR10493850,ILLUMINA,SINGLE,CHO-DG44,Day7,7.0,P,mAb,,FedBatch,High,,NO,S,PowerCHO (Lonza),rRNA,https://www.sciencedirect.com/science/article/pii/S2589004219305309 ,3068 Day 7 rep2 (dataset 2)
PRJNA590485,SRR10493851,ILLUMINA,SINGLE,CHO-DG44,Day7,7.0,P,mAb,,FedBatch,High,,NO,S,PowerCHO (Lonza),rRNA,https://www.sciencedirect.com/science/article/pii/S2589004219305309 ,3068 Day 7 rep3 (dataset 2)
PRJNA590485,SRR10493855,ILLUMINA,SINGLE,CHO-DG44,Day4,4.0,P,mAb,,FedBatch,High,,NO,E,PowerCHO (Lonza),rRNA,https://www.sciencedirect.com/science/article/pii/S2589004219305309 ,3080 Day 4 rep1 (dataset 2)
PRJNA590485,SRR10493856,ILLUMINA,SINGLE,CHO-DG44,Day4,4.0,P,mAb,,FedBatch,High,,NO,E,PowerCHO (Lonza),rRNA,https://www.sciencedirect.com/science/article/pii/S2589004219305309 ,3080 Day 4 rep2 (dataset 2)
PRJNA590485,SRR10493858,ILLUMINA,SINGLE,CHO-DG44,Day7,7.0,P,mAb,,FedBatch,High,,NO,S,PowerCHO (Lonza),rRNA,https://www.sciencedirect.com/science/article/pii/S2589004219305309 ,3080 Day 7 rep1 (dataset 2)
PRJNA590485,SRR10493859,ILLUMINA,SINGLE,CHO-DG44,Day7,7.0,P,mAb,,FedBatch,High,,NO,S,PowerCHO (Lonza),rRNA,https://www.sciencedirect.com/science/article/pii/S2589004219305309 ,3080 Day 7 rep2 (dataset 2)
PRJNA590485,SRR10493860,ILLUMINA,SINGLE,CHO-DG44,Day7,7.0,P,mAb,,FedBatch,High,,NO,S,PowerCHO (Lonza),rRNA,https://www.sciencedirect.com/science/article/pii/S2589004219305309 ,3080 Day 7 rep3 (dataset 2)
PRJNA590485,SRR10493864,ILLUMINA,SINGLE,CHO-DG44,Day4,4.0,P,mAb,,FedBatch,,,NO,E,PowerCHO (Lonza),rRNA,https://www.sciencedirect.com/science/article/pii/S2589004219305309 ,3936 Day 4 rep1 (dataset 2)
PRJNA590485,SRR10493865,ILLUMINA,SINGLE,CHO-DG44,Day4,4.0,P,mAb,,FedBatch,,,NO,E,PowerCHO (Lonza),rRNA,https://www.sciencedirect.com/science/article/pii/S2589004219305309 ,3936 Day 4 rep2 (dataset 2)
PRJNA590485,SRR10493866,ILLUMINA,SINGLE,CHO-DG44,Day4,4.0,P,mAb,,FedBatch,,,NO,E,PowerCHO (Lonza),rRNA,https://www.sciencedirect.com/science/article/pii/S2589004219305309 ,3936 Day 4 rep3 (dataset 2)
PRJNA590485,SRR10493867,ILLUMINA,SINGLE,CHO-DG44,Day7,7.0,P,mAb,,FedBatch,,,NO,S,PowerCHO (Lonza),rRNA,https://www.sciencedirect.com/science/article/pii/S2589004219305309 ,3936 Day 7 rep1 (dataset 2)
PRJNA590485,SRR10493868,ILLUMINA,SINGLE,CHO-DG44,Day7,7.0,P,mAb,,FedBatch,,,NO,S,PowerCHO (Lonza),rRNA,https://www.sciencedirect.com/science/article/pii/S2589004219305309 ,3936 Day 7 rep2 (dataset 2)
PRJNA590485,SRR10493869,ILLUMINA,SINGLE,CHO-DG44,Day7,7.0,P,mAb,,FedBatch,,,NO,S,PowerCHO (Lonza),rRNA,https://www.sciencedirect.com/science/article/pii/S2589004219305309 ,3936 Day 7 rep3 (dataset 2)
PRJNA590485,SRR10493873,ILLUMINA,SINGLE,CHO-DG44,Day4,4.0,P,mAb,,FedBatch,,,NO,E,PowerCHO (Lonza),rRNA,https://www.sciencedirect.com/science/article/pii/S2589004219305309 ,4384 Day 4 rep1 (dataset 2)
PRJNA590485,SRR10493874,ILLUMINA,SINGLE,CHO-DG44,Day4,4.0,P,mAb,,FedBatch,,,NO,E,PowerCHO (Lonza),rRNA,https://www.sciencedirect.com/science/article/pii/S2589004219305309 ,4384 Day 4 rep2 (dataset 2)
PRJNA590485,SRR10493875,ILLUMINA,SINGLE,CHO-DG44,Day4,4.0,P,mAb,,FedBatch,,,NO,E,PowerCHO (Lonza),rRNA,https://www.sciencedirect.com/science/article/pii/S2589004219305309 ,4384 Day 4 rep3 (dataset 2)
PRJNA590485,SRR10493876,ILLUMINA,SINGLE,CHO-DG44,Day7,7.0,P,mAb,,FedBatch,,,NO,S,PowerCHO (Lonza),rRNA,https://www.sciencedirect.com/science/article/pii/S2589004219305309 ,4384 Day 7 rep1 (dataset 2)
PRJNA590485,SRR10493877,ILLUMINA,SINGLE,CHO-DG44,Day7,7.0,P,mAb,,FedBatch,,,NO,S,PowerCHO (Lonza),rRNA,https://www.sciencedirect.com/science/article/pii/S2589004219305309 ,4384 Day 7 rep2 (dataset 2)
PRJNA590485,SRR10493878,ILLUMINA,SINGLE,CHO-DG44,Day7,7.0,P,mAb,,FedBatch,,,NO,S,PowerCHO (Lonza),rRNA,https://www.sciencedirect.com/science/article/pii/S2589004219305309 ,4384 Day 7 rep3 (dataset 2)
PRJNA599947,SRR11184908,ILLUMINA,PAIRED,CHO-K1,Day6,6.0,P,mAb,,FedBatch,,1.0,NO,E,ActiPro (Gibco),total RNA,https://analyticalsciencejournals.onlinelibrary.wiley.com/doi/10.1002/biot.202100098,BR8_D6_Amm10
PRJNA599947,SRR11184909,ILLUMINA,PAIRED,CHO-K1,Day6,6.0,P,mAb,,FedBatch,,1.0,NO,E,ActiPro (Gibco),total RNA,https://analyticalsciencejournals.onlinelibrary.wiley.com/doi/10.1002/biot.202100098,BR7_D6_Amm10
PRJNA599947,SRR11184910,ILLUMINA,PAIRED,CHO-K1,Day6,6.0,P,mAb,,FedBatch,,1.0,NO,E,ActiPro (Gibco),total RNA,https://analyticalsciencejournals.onlinelibrary.wiley.com/doi/10.1002/biot.202100098,BR6_D6_Amm0
PRJNA599947,SRR11184911,ILLUMINA,PAIRED,CHO-K1,Day6,6.0,P,mAb,,FedBatch,,1.0,NO,E,ActiPro (Gibco),total RNA,https://analyticalsciencejournals.onlinelibrary.wiley.com/doi/10.1002/biot.202100098,BR5_D6_Amm0
PRJNA599947,SRR11184912,ILLUMINA,PAIRED,CHO-K1,Day3,3.0,P,mAb,,FedBatch,,1.0,NO,E,ActiPro (Gibco),total RNA,https://analyticalsciencejournals.onlinelibrary.wiley.com/doi/10.1002/biot.202100098,BR8_D3_Amm10
PRJNA599947,SRR11184913,ILLUMINA,PAIRED,CHO-K1,Day3,3.0,P,mAb,,FedBatch,,1.0,NO,E,ActiPro (Gibco),total RNA,https://analyticalsciencejournals.onlinelibrary.wiley.com/doi/10.1002/biot.202100098,BR7_D3_Amm10
PRJNA599947,SRR11184914,ILLUMINA,PAIRED,CHO-K1,Day3,3.0,P,mAb,,FedBatch,,1.0,NO,E,ActiPro (Gibco),total RNA,https://analyticalsciencejournals.onlinelibrary.wiley.com/doi/10.1002/biot.202100098,BR5_D3_Amm0
PRJNA599947,SRR11184915,ILLUMINA,PAIRED,CHO-K1,Day9,9.0,P,mAb,,FedBatch,,1.0,NO,S,ActiPro (Gibco),total RNA,https://analyticalsciencejournals.onlinelibrary.wiley.com/doi/10.1002/biot.202100098,BR8_D9_Amm10
PRJNA599947,SRR11184916,ILLUMINA,PAIRED,CHO-K1,Day9,9.0,P,mAb,,FedBatch,,1.0,NO,S,ActiPro (Gibco),total RNA,https://analyticalsciencejournals.onlinelibrary.wiley.com/doi/10.1002/biot.202100098,BR7_D9_Amm10
PRJNA599947,SRR11184917,ILLUMINA,PAIRED,CHO-K1,Day3,3.0,P,mAb,,FedBatch,,1.0,NO,E,ActiPro (Gibco),total RNA,https://analyticalsciencejournals.onlinelibrary.wiley.com/doi/10.1002/biot.202100098,BR6_D3_Amm0
PRJNA599947,SRR11184918,ILLUMINA,PAIRED,CHO-K1,Day9,9.0,P,mAb,,FedBatch,,1.0,NO,S,ActiPro (Gibco),total RNA,https://analyticalsciencejournals.onlinelibrary.wiley.com/doi/10.1002/biot.202100098,BR6_D9_Amm0
PRJNA599947,SRR11184919,ILLUMINA,PAIRED,CHO-K1,Day9,9.0,P,mAb,,FedBatch,,1.0,NO,S,ActiPro (Gibco),total RNA,https://analyticalsciencejournals.onlinelibrary.wiley.com/doi/10.1002/biot.202100098,BR5_D9_Amm0
PRJNA599947,SRR11184920,ILLUMINA,PAIRED,CHO-K1,Day0,0.0,P,mAb,,FedBatch,,1.0,NO,L,ActiPro (Gibco),total RNA,https://analyticalsciencejournals.onlinelibrary.wiley.com/doi/10.1002/biot.202100098,BR6_D0_Amm0
PRJNA599947,SRR11184921,ILLUMINA,PAIRED,CHO-K1,Day0,0.0,P,mAb,,FedBatch,,1.0,NO,L,ActiPro (Gibco),total RNA,https://analyticalsciencejournals.onlinelibrary.wiley.com/doi/10.1002/biot.202100098,BR5_D0_Amm0
PRJNA739051,SRR14860925,ILLUMINA,PAIRED,CHO-K1,Day8,8.0,P,BsAb,,FedBatch,High,,NO,E,CD-CHO (Gibco),total RNA,https://www.sciencedirect.com/science/article/pii/S1871678422000103,Ab1-agg
PRJNA739051,SRR14860926,ILLUMINA,PAIRED,CHO-K1,Day8,8.0,P,BsAb,,FedBatch,Medium,,NO,E,CD-CHO (Gibco),total RNA,https://www.sciencedirect.com/science/article/pii/S1871678422000103,Ab1-less
PRJNA739051,SRR14860927,ILLUMINA,PAIRED,CHO-K1,Day8,8.0,P,BsAb,,FedBatch,Medium,,NO,E,CD-CHO (Gibco),total RNA,https://www.sciencedirect.com/science/article/pii/S1871678422000103,Ab1-less
PRJNA739051,SRR14860928,ILLUMINA,PAIRED,CHO-K1,Day8,8.0,P,BsAb,,FedBatch,Medium,,NO,E,CD-CHO (Gibco),total RNA,https://www.sciencedirect.com/science/article/pii/S1871678422000103,Ab1-less
PRJNA739051,SRR14860929,ILLUMINA,PAIRED,CHO-K1,Day8,8.0,NP,,,FedBatch,,,NO,E,CD-CHO (Gibco),total RNA,https://www.sciencedirect.com/science/article/pii/S1871678422000103,GS_Null
PRJNA739051,SRR14860930,ILLUMINA,PAIRED,CHO-K1,Day8,8.0,NP,,,FedBatch,,,NO,E,CD-CHO (Gibco),total RNA,https://www.sciencedirect.com/science/article/pii/S1871678422000103,GS_Null
PRJNA739051,SRR14860931,ILLUMINA,PAIRED,CHO-K1,Day8,8.0,NP,,,FedBatch,,,NO,E,CD-CHO (Gibco),total RNA,https://www.sciencedirect.com/science/article/pii/S1871678422000103,GS_Null
PRJNA739051,SRR14860932,ILLUMINA,PAIRED,CHO-K1,Day8,8.0,NP,,,FedBatch,,,NO,E,CD-CHO (Gibco),total RNA,https://www.sciencedirect.com/science/article/pii/S1871678422000103,CATS
PRJNA739051,SRR14860933,ILLUMINA,PAIRED,CHO-K1,Day8,8.0,P,BsAb,,FedBatch,Low,,NO,E,CD-CHO (Gibco),total RNA,https://www.sciencedirect.com/science/article/pii/S1871678422000103,Ab2-OPT-agg
PRJNA739051,SRR14860934,ILLUMINA,PAIRED,CHO-K1,Day8,8.0,P,BsAb,,FedBatch,Low,,NO,E,CD-CHO (Gibco),total RNA,https://www.sciencedirect.com/science/article/pii/S1871678422000103,Ab2-OPT-agg
PRJNA739051,SRR14860935,ILLUMINA,PAIRED,CHO-K1,Day8,8.0,P,BsAb,,FedBatch,Low,,NO,E,CD-CHO (Gibco),total RNA,https://www.sciencedirect.com/science/article/pii/S1871678422000103,Ab2-OPT-agg
PRJNA739051,SRR14860936,ILLUMINA,PAIRED,CHO-K1,Day8,8.0,P,BsAb,,FedBatch,Low,,NO,E,CD-CHO (Gibco),total RNA,https://www.sciencedirect.com/science/article/pii/S1871678422000103,Ab2-less
PRJNA739051,SRR14860937,ILLUMINA,PAIRED,CHO-K1,Day8,8.0,P,BsAb,,FedBatch,Low,,NO,E,CD-CHO (Gibco),total RNA,https://www.sciencedirect.com/science/article/pii/S1871678422000103,Ab2-less
PRJNA739051,SRR14860938,ILLUMINA,PAIRED,CHO-K1,Day8,8.0,P,BsAb,,FedBatch,Low,,NO,E,CD-CHO (Gibco),total RNA,https://www.sciencedirect.com/science/article/pii/S1871678422000103,Ab2-less
PRJNA739051,SRR14860939,ILLUMINA,PAIRED,CHO-K1,Day8,8.0,P,BsAb,,FedBatch,High,,NO,E,CD-CHO (Gibco),total RNA,https://www.sciencedirect.com/science/article/pii/S1871678422000103,Ab1-agg
PRJNA739051,SRR14860940,ILLUMINA,PAIRED,CHO-K1,Day8,8.0,P,BsAb,,FedBatch,High,,NO,E,CD-CHO (Gibco),total RNA,https://www.sciencedirect.com/science/article/pii/S1871678422000103,Ab1-agg
PRJNA739051,SRR14860941,ILLUMINA,PAIRED,CHO-K1,Day8,8.0,NP,,,FedBatch,,,NO,E,CD-CHO (Gibco),total RNA,https://www.sciencedirect.com/science/article/pii/S1871678422000103,CATS
PRJNA739051,SRR14860942,ILLUMINA,PAIRED,CHO-K1,Day8,8.0,NP,,,FedBatch,,,NO,E,CD-CHO (Gibco),total RNA,https://www.sciencedirect.com/science/article/pii/S1871678422000103,CATS
PRJNA778050,SRR16796943,ILLUMINA,SINGLE,CHO-K1,Day3,3.0,P,mAb,,Batch,,1.0,YES,E,CHO-S-SFM II (Gibco),rRNA,https://www.nature.com/articles/s41467-024-51870-0,IgG producer; Temperature shifted replicate 4
PRJNA778050,SRR16796944,ILLUMINA,SINGLE,CHO-K1,Day3,3.0,P,mAb,,Batch,,1.0,YES,E,CHO-S-SFM II (Gibco),rRNA,https://www.nature.com/articles/s41467-024-51870-0,IgG producer; Temperature shifted replicate 3
PRJNA778050,SRR16796945,ILLUMINA,SINGLE,CHO-K1,Day3,3.0,P,mAb,,Batch,,1.0,YES,E,CHO-S-SFM II (Gibco),rRNA,https://www.nature.com/articles/s41467-024-51870-0,IgG producer; Temperature shifted replicate 2
PRJNA778050,SRR16796946,ILLUMINA,SINGLE,CHO-K1,Day3,3.0,P,mAb,,Batch,,1.0,YES,E,CHO-S-SFM II (Gibco),rRNA,https://www.nature.com/articles/s41467-024-51870-0,IgG producer; Temperature shifted replicate 1
PRJNA778050,SRR16796949,ILLUMINA,SINGLE,CHO-K1,Day3,3.0,P,mAb,,Batch,,1.0,NO,E,CHO-S-SFM II (Gibco),rRNA,https://www.nature.com/articles/s41467-024-51870-0,IgG producer; Non-temperature shifted replicate 4
PRJNA778050,SRR16796960,ILLUMINA,SINGLE,CHO-K1,Day3,3.0,P,mAb,,Batch,,1.0,NO,E,CHO-S-SFM II (Gibco),rRNA,https://www.nature.com/articles/s41467-024-51870-0,IgG producer; Non-temperature shifted replicate 3
PRJNA778050,SRR16796971,ILLUMINA,SINGLE,CHO-K1,Day3,3.0,P,mAb,,Batch,,1.0,NO,E,CHO-S-SFM II (Gibco),rRNA,https://www.nature.com/articles/s41467-024-51870-0,IgG producer; Non-temperature shifted replicate 2
PRJNA778050,SRR16796972,ILLUMINA,SINGLE,CHO-K1,Day3,3.0,P,mAb,,Batch,,1.0,NO,E,CHO-S-SFM II (Gibco),rRNA,https://www.nature.com/articles/s41467-024-51870-0,IgG producer; Non-temperature shifted replicate 1
PRJNA810994,SRR18163655,ILLUMINA,SINGLE,CHO-K1,Day14,14.0,P,mAb,,FedBatch,,1.0,NO,D,G13 medium,PolyA,https://www.nature.com/articles/s41598-022-11342-1,clone2-medium1-day14
PRJNA810994,SRR18163656,ILLUMINA,SINGLE,CHO-K1,Day11,11.0,P,mAb,,FedBatch,,1.0,NO,S,G13 medium,PolyA,https://www.nature.com/articles/s41598-022-11342-1,clone2-medium1-day11
PRJNA810994,SRR18163657,ILLUMINA,SINGLE,CHO-K1,Day9,9.0,P,mAb,,FedBatch,,1.0,NO,S,G13 medium,PolyA,https://www.nature.com/articles/s41598-022-11342-1,clone2-medium1-day9
PRJNA810994,SRR18163658,ILLUMINA,SINGLE,CHO-K1,Day7,7.0,P,mAb,,FedBatch,,1.0,NO,E,G13 medium,PolyA,https://www.nature.com/articles/s41598-022-11342-1,clone2-medium1-day7
PRJNA810994,SRR18163659,ILLUMINA,SINGLE,CHO-K1,Day4,4.0,P,mAb,,FedBatch,,1.0,NO,E,G13 medium,PolyA,https://www.nature.com/articles/s41598-022-11342-1,clone2-medium1-day4
PRJNA810994,SRR18163660,ILLUMINA,SINGLE,CHO-K1,Day14,14.0,P,mAb,,FedBatch,,1.0,NO,D,DA1 medium,PolyA,https://www.nature.com/articles/s41598-022-11342-1,clone1-medium2-day14
PRJNA810994,SRR18163661,ILLUMINA,SINGLE,CHO-K1,Day11,11.0,P,mAb,,FedBatch,,1.0,NO,S,DA1 medium,PolyA,https://www.nature.com/articles/s41598-022-11342-1,clone1-medium2-day11
PRJNA810994,SRR18163662,ILLUMINA,SINGLE,CHO-K1,Day9,9.0,P,mAb,,FedBatch,,1.0,NO,S,DA1 medium,PolyA,https://www.nature.com/articles/s41598-022-11342-1,clone1-medium12day9
PRJNA810994,SRR18163663,ILLUMINA,SINGLE,CHO-K1,Day7,7.0,P,mAb,,FedBatch,,1.0,NO,E,DA1 medium,PolyA,https://www.nature.com/articles/s41598-022-11342-1,clone1-medium2-day7
PRJNA810994,SRR18163664,ILLUMINA,SINGLE,CHO-K1,Day4,4.0,P,mAb,,FedBatch,,1.0,NO,E,DA1 medium,PolyA,https://www.nature.com/articles/s41598-022-11342-1,clone1-medium2-day4
PRJNA810994,SRR18163665,ILLUMINA,SINGLE,CHO-K1,Day14,14.0,P,mAb,,FedBatch,,1.0,NO,D,G13 medium,PolyA,https://www.nature.com/articles/s41598-022-11342-1,clone1-medium1-day14
PRJNA810994,SRR18163666,ILLUMINA,SINGLE,CHO-K1,Day11,11.0,P,mAb,,FedBatch,,1.0,NO,S,G13 medium,PolyA,https://www.nature.com/articles/s41598-022-11342-1,clone1-medium1-day11
PRJNA810994,SRR18163667,ILLUMINA,SINGLE,CHO-K1,Day9,9.0,P,mAb,,FedBatch,,1.0,NO,S,G13 medium,PolyA,https://www.nature.com/articles/s41598-022-11342-1,clone1-medium1-day9
PRJNA810994,SRR18163668,ILLUMINA,SINGLE,CHO-K1,Day7,7.0,P,mAb,,FedBatch,,1.0,NO,E,G13 medium,PolyA,https://www.nature.com/articles/s41598-022-11342-1,clone1-medium1-day7
PRJNA810994,SRR18163669,ILLUMINA,SINGLE,CHO-K1,Day4,4.0,P,mAb,,FedBatch,,1.0,NO,E,G13 medium,PolyA,https://www.nature.com/articles/s41598-022-11342-1,clone1-medium1-day4
PRJNA839086,SRR19256295,ILLUMINA,PAIRED,CHO-S,,,P,mAb,,Batch,,1.0,NO,E,ExCELL CD-CHO (SAFC),PolyA,https://www.ncbi.nlm.nih.gov/bioproject/PRJNA839086,anti-PD1
PRJNA839086,SRR19256296,ILLUMINA,PAIRED,CHO-S,,,P,mAb,,Batch,,1.0,NO,E,ExCELL CD-CHO (SAFC),PolyA,https://www.ncbi.nlm.nih.gov/bioproject/PRJNA839086,anti-PD1
PRJNA839086,SRR19256297,ILLUMINA,PAIRED,CHO-S,,,NP,,,Batch,,,NO,E,ExCELL CD-CHO (SAFC),PolyA,https://www.ncbi.nlm.nih.gov/bioproject/PRJNA839086,anti-PD1
PRJNA839086,SRR19256304,ILLUMINA,PAIRED,CHO-S,,,P,mAb,,Batch,,1.0,NO,E,ExCELL CD-CHO (SAFC),PolyA,https://www.ncbi.nlm.nih.gov/bioproject/PRJNA839086,WT
PRJNA839086,SRR19256305,ILLUMINA,PAIRED,CHO-S,,,NP,,,Batch,,,NO,E,ExCELL CD-CHO (SAFC),PolyA,https://www.ncbi.nlm.nih.gov/bioproject/PRJNA839086,WT
PRJNA839086,SRR19256306,ILLUMINA,PAIRED,CHO-S,,,NP,,,Batch,,,NO,E,ExCELL CD-CHO (SAFC),PolyA,https://www.ncbi.nlm.nih.gov/bioproject/PRJNA839086,WT
PRJNA899862,SRR22246869,ILLUMINA,PAIRED,CHO-K1,Day5,5.0,P,mAb,,FedBatch,,1.0,NO,E,ExCELL CD-CHO (SAFC),PolyA,https://www.nature.com/articles/s41598-024-64767-1,Day5 IgG1 producer rep 3
PRJNA899862,SRR22246870,ILLUMINA,PAIRED,CHO-K1,Day5,5.0,P,mAb,,FedBatch,,1.0,NO,E,ExCELL CD-CHO (SAFC),PolyA,https://www.nature.com/articles/s41598-024-64767-1,Day5 IgG1 producer rep 2
PRJNA899862,SRR22246871,ILLUMINA,PAIRED,CHO-K1,Day5,5.0,P,mAb,,FedBatch,,1.0,NO,E,ExCELL CD-CHO (SAFC),PolyA,https://www.nature.com/articles/s41598-024-64767-1,Day5 IgG1 producer rep 1
PRJNA899862,SRR22246872,ILLUMINA,PAIRED,CHO-K1,Day5,5.0,NP,,,FedBatch,,,NO,E,ExCELL CD-CHO (SAFC),PolyA,https://www.nature.com/articles/s41598-024-64767-1,"Day5 control\, host cell line rep 3"
PRJNA899862,SRR22246874,ILLUMINA,PAIRED,CHO-K1,Day5,5.0,NP,,,FedBatch,,,NO,E,ExCELL CD-CHO (SAFC),PolyA,https://www.nature.com/articles/s41598-024-64767-1,"Day5 control\, host cell line rep 1"
PRJNA899862,SRR22246875,ILLUMINA,PAIRED,CHO-K1,Day3,3.0,P,EPO-Fc,,FedBatch,,1.0,NO,E,ExCELL CD-CHO (SAFC),PolyA,https://www.nature.com/articles/s41598-024-64767-1,Day3 EPO-Fc producer rep 3
PRJNA899862,SRR22246876,ILLUMINA,PAIRED,CHO-K1,Day3,3.0,P,EPO-Fc,,FedBatch,,1.0,NO,E,ExCELL CD-CHO (SAFC),PolyA,https://www.nature.com/articles/s41598-024-64767-1,Day3 EPO-Fc producer rep 2
PRJNA899862,SRR22246877,ILLUMINA,PAIRED,CHO-K1,Day3,3.0,P,EPO-Fc,,FedBatch,,1.0,NO,E,ExCELL CD-CHO (SAFC),PolyA,https://www.nature.com/articles/s41598-024-64767-1,Day3 EPO-Fc producer rep 1
PRJNA899862,SRR22246878,ILLUMINA,PAIRED,CHO-K1,Day3,3.0,P,mAb,,FedBatch,,1.0,NO,E,ExCELL CD-CHO (SAFC),PolyA,https://www.nature.com/articles/s41598-024-64767-1,Day3 IgG1 producer rep 3
PRJNA899862,SRR22246879,ILLUMINA,PAIRED,CHO-K1,Day3,3.0,P,mAb,,FedBatch,,1.0,NO,E,ExCELL CD-CHO (SAFC),PolyA,https://www.nature.com/articles/s41598-024-64767-1,Day3 IgG1 producer rep 2
PRJNA899862,SRR22246880,ILLUMINA,PAIRED,CHO-K1,Day3,3.0,P,mAb,,FedBatch,,1.0,NO,E,ExCELL CD-CHO (SAFC),PolyA,https://www.nature.com/articles/s41598-024-64767-1,Day3 IgG1 producer rep 1
PRJNA899862,SRR22246881,ILLUMINA,PAIRED,CHO-K1,Day3,3.0,NP,,,FedBatch,,,NO,E,ExCELL CD-CHO (SAFC),PolyA,https://www.nature.com/articles/s41598-024-64767-1,"Day3 control\, host cell line rep 3"
PRJNA899862,SRR22246882,ILLUMINA,PAIRED,CHO-K1,Day3,3.0,NP,,,FedBatch,,,NO,E,ExCELL CD-CHO (SAFC),PolyA,https://www.nature.com/articles/s41598-024-64767-1,"Day3 control\, host cell line rep 2"
PRJNA899862,SRR22246883,ILLUMINA,PAIRED,CHO-K1,Day3,3.0,NP,,,FedBatch,,,NO,E,ExCELL CD-CHO (SAFC),PolyA,https://www.nature.com/articles/s41598-024-64767-1,"Day3 control\, host cell line rep 1"
PRJNA899862,SRR22246884,ILLUMINA,PAIRED,CHO-K1,Day1,1.0,P,EPO-Fc,,FedBatch,,1.0,NO,E,ExCELL CD-CHO (SAFC),PolyA,https://www.nature.com/articles/s41598-024-64767-1,Day1 EPO-Fc producer rep 3
PRJNA899862,SRR22246885,ILLUMINA,PAIRED,CHO-K1,Day1,1.0,P,EPO-Fc,,FedBatch,,1.0,NO,E,ExCELL CD-CHO (SAFC),PolyA,https://www.nature.com/articles/s41598-024-64767-1,Day1 EPO-Fc producer rep 2
PRJNA899862,SRR22246886,ILLUMINA,PAIRED,CHO-K1,Day1,1.0,P,EPO-Fc,,FedBatch,,1.0,NO,E,ExCELL CD-CHO (SAFC),PolyA,https://www.nature.com/articles/s41598-024-64767-1,Day1 EPO-Fc producer rep 1
PRJNA899862,SRR22246887,ILLUMINA,PAIRED,CHO-K1,Day1,1.0,P,mAb,,FedBatch,,1.0,NO,E,ExCELL CD-CHO (SAFC),PolyA,https://www.nature.com/articles/s41598-024-64767-1,Day1 IgG1 producer rep 3
PRJNA899862,SRR22246888,ILLUMINA,PAIRED,CHO-K1,Day1,1.0,P,mAb,,FedBatch,,1.0,NO,E,ExCELL CD-CHO (SAFC),PolyA,https://www.nature.com/articles/s41598-024-64767-1,Day1 IgG1 producer rep 2
PRJNA899862,SRR22246889,ILLUMINA,PAIRED,CHO-K1,Day1,1.0,P,mAb,,FedBatch,,1.0,NO,E,ExCELL CD-CHO (SAFC),PolyA,https://www.nature.com/articles/s41598-024-64767-1,Day1 IgG1 producer rep 1
PRJNA899862,SRR22246890,ILLUMINA,PAIRED,CHO-K1,Day1,1.0,NP,,,FedBatch,,,NO,E,ExCELL CD-CHO (SAFC),PolyA,https://www.nature.com/articles/s41598-024-64767-1,"Day1 control\, host cell line rep 3"
PRJNA899862,SRR22246891,ILLUMINA,PAIRED,CHO-K1,Day1,1.0,NP,,,FedBatch,,,NO,E,ExCELL CD-CHO (SAFC),PolyA,https://www.nature.com/articles/s41598-024-64767-1,"Day1 control\, host cell line rep 2"
PRJNA899862,SRR22246892,ILLUMINA,PAIRED,CHO-K1,Day1,1.0,NP,,,FedBatch,,,NO,E,ExCELL CD-CHO (SAFC),PolyA,https://www.nature.com/articles/s41598-024-64767-1,"Day1 control\, host cell line rep 1"
PRJNA899862,SRR22246893,ILLUMINA,PAIRED,CHO-K1,Day5,5.0,P,EPO-Fc,,FedBatch,,1.0,NO,E,ExCELL CD-CHO (SAFC),PolyA,https://www.nature.com/articles/s41598-024-64767-1,Day5 EPO-Fc producer rep 3
PRJNA899862,SRR22246894,ILLUMINA,PAIRED,CHO-K1,Day5,5.0,P,EPO-Fc,,FedBatch,,1.0,NO,E,ExCELL CD-CHO (SAFC),PolyA,https://www.nature.com/articles/s41598-024-64767-1,Day5 EPO-Fc producer rep 2
PRJNA899862,SRR22246895,ILLUMINA,PAIRED,CHO-K1,Day5,5.0,P,EPO-Fc,,FedBatch,,1.0,NO,E,ExCELL CD-CHO (SAFC),PolyA,https://www.nature.com/articles/s41598-024-64767-1,Day5 EPO-Fc producer rep 1
PRJNA899862,SRR22246896,ILLUMINA,PAIRED,CHO-K1,Day0,0.0,P,EPO-Fc,,FedBatch,,1.0,NO,E,ExCELL CD-CHO (SAFC),PolyA,https://www.nature.com/articles/s41598-024-64767-1,Day0 EPO-Fc producer rep 3
PRJNA899862,SRR22246897,ILLUMINA,PAIRED,CHO-K1,Day0,0.0,P,EPO-Fc,,FedBatch,,1.0,NO,E,ExCELL CD-CHO (SAFC),PolyA,https://www.nature.com/articles/s41598-024-64767-1,Day0 EPO-Fc producer rep 2
PRJNA899862,SRR22246898,ILLUMINA,PAIRED,CHO-K1,Day0,0.0,P,EPO-Fc,,FedBatch,,1.0,NO,E,ExCELL CD-CHO (SAFC),PolyA,https://www.nature.com/articles/s41598-024-64767-1,Day0 EPO-Fc producer rep 1
PRJNA899862,SRR22246899,ILLUMINA,PAIRED,CHO-K1,Day0,0.0,P,mAb,,FedBatch,,1.0,NO,E,ExCELL CD-CHO (SAFC),PolyA,https://www.nature.com/articles/s41598-024-64767-1,Day0 IgG1 producer rep 3
PRJNA899862,SRR22246900,ILLUMINA,PAIRED,CHO-K1,Day0,0.0,P,mAb,,FedBatch,,1.0,NO,E,ExCELL CD-CHO (SAFC),PolyA,https://www.nature.com/articles/s41598-024-64767-1,Day0 IgG1 producer rep 2
PRJNA899862,SRR22246902,ILLUMINA,PAIRED,CHO-K1,Day0,0.0,NP,,,FedBatch,,,NO,E,ExCELL CD-CHO (SAFC),PolyA,https://www.nature.com/articles/s41598-024-64767-1,"Day0 control\, host cell line rep 3"
PRJNA899862,SRR22246903,ILLUMINA,PAIRED,CHO-K1,Day0,0.0,NP,,,FedBatch,,,NO,E,ExCELL CD-CHO (SAFC),PolyA,https://www.nature.com/articles/s41598-024-64767-1,"Day0 control\, host cell line rep 2"
PRJNA899862,SRR22246904,ILLUMINA,PAIRED,CHO-K1,Day0,0.0,NP,,,FedBatch,,,NO,E,ExCELL CD-CHO (SAFC),PolyA,https://www.nature.com/articles/s41598-024-64767-1,"Day0 control\, host cell line rep 1"
