discovery_iModulon,expanded_iModulon,discovery_name,expanded_name,weight_r,weight_abs_r,weight_RBM,membership_RBM,membership_J,discovery_n,expanded_n,shared_genes,activity_r,centered_activity_r,n_shared
0,111,ECM-3,ECM-3,0.9064135452325464,0.9064135452325464,True,True,0.6470588235294118,43,41,33,0.9574578966045297,0.9649426985399826,778
1,61,Translation-1,Translation-1,0.9494268440230262,0.9494268440230262,True,True,0.4444444444444444,53,25,24,0.9980066385022249,0.9975796297166353,778
2,81,Lysosome-1,Lysosome-1,0.8790235423473455,0.8790235423473455,True,True,0.6379310344827587,50,45,37,0.9860686460134265,0.986805595613444,778
3,46,ncRNA-1,RHO Signaling,0.4836939449374426,0.4836939449374426,False,False,0.0512820512820512,30,11,2,0.7772381565773642,0.7191651728363874,778
4,95,Unfolded Protein Response,Unfolded Protein Response,0.7567499183069618,0.7567499183069618,True,True,0.48,43,31,24,0.934692076065145,0.9476555797631908,778
5,72,SP5,SP5,0.9281897820158704,0.9281897820158704,True,True,0.7450980392156863,47,42,38,0.9950866837749924,0.9836579289346679,778
6,33,Igf2bp2,Immunoregulatory Interactions,-0.325769037458584,0.325769037458584,False,False,0.1276595744680851,26,27,6,0.39029925619823735,0.3341886357898007,778
7,127,rRNA-1,rRNA-1,0.4703622858365919,0.4703622858365919,True,True,0.7058823529411765,14,15,12,0.7395751253411456,0.7301569269344259,778
8,117,Ephrin Locus,Ephrin Locus,0.9266522017865748,0.9266522017865748,True,True,0.6842105263157895,37,27,26,0.9722676410175195,0.9718121868478207,778
9,29,Translation-2,Translation-2,0.9682974131422704,0.9682974131422704,True,True,0.8333333333333334,40,48,40,0.9992707276677959,0.9987700159929164,778
10,108,UC-1,ECM-9,0.864059773337873,0.864059773337873,True,True,0.4333333333333333,31,55,26,0.7615824671479318,0.7430516745617782,778
11,124,Chr2 Locus,UC-32,0.9394105015832874,0.9394105015832874,True,True,0.25,47,13,12,0.993462009500365,0.9738885746681412,778
12,126,Immediate-Early,Immediate-Early,0.7271737216849309,0.7271737216849309,True,True,0.5185185185185185,19,22,14,0.8053453820720307,0.8236301876128673,778
13,46,snoRNA-1,RHO Signaling,0.6508731689563738,0.6508731689563738,True,True,0.09375,24,11,3,0.9632740147740451,0.9293552018529962,778
14,82,Homeobox Domains,Homeobox Domains,0.95773596284577,0.95773596284577,True,True,0.7974683544303798,67,75,63,0.9950073251825844,0.9920402154323085,778
15,28,UC-2,Organic Nitrogen Response,0.35435355507804,0.35435355507804,False,False,0.1132075471698113,36,23,6,0.7142572126609683,0.6739165701208412,778
16,8,Cell Cycle-1,Cell Cycle-1,0.936828590963902,0.936828590963902,True,True,0.8048780487804879,36,38,33,0.9995145976880307,0.9995249618859039,778
17,84,Translation-3,Translation-3,0.7286207812603581,0.7286207812603581,True,True,0.48,56,55,36,0.9463786860333309,0.8377984898944157,778
18,147,Culture-1,ECM Remodeling,0.6203617965989229,0.6203617965989229,True,True,0.2388059701492537,39,44,16,0.5863082694916311,0.6662268371412172,778
19,33,UC-3,Immunoregulatory Interactions,-0.6328096623713216,0.6328096623713216,True,True,0.1818181818181818,25,27,8,0.8502763902220961,0.8098531505170602,778
20,39,Extracellular Region-1,Extracellular Region-1,0.9342937506853888,0.9342937506853888,True,True,0.6666666666666666,29,41,28,0.9878724673490957,0.983638086149198,778
21,98,Alpha-2-Macroglobulin,ChrX,0.5428993882635507,0.5428993882635507,False,False,0.15625,33,41,10,0.8705502882556606,0.7978199797229608,778
22,19,Translation-4,Translation-4,-0.8728550155038852,0.8728550155038852,True,True,0.6375,59,72,51,0.9270893681573417,0.6389699531515276,778
23,107,snoRNA-2,snoRNA-2,0.9387127042274608,0.9387127042274608,True,True,0.5142857142857142,99,60,54,0.8712503434651914,0.8919365727972054,778
24,114,Cell Adhesion Regulation,Hormone Response,0.4623182855030304,0.4623182855030304,True,False,0.15,18,28,6,0.49782520332840374,0.4327262782735945,778
25,56,Histone,Histone,0.6935767290655392,0.6935767290655392,True,True,0.6842105263157895,63,65,52,0.9905185128971354,0.7652903209787977,778
26,10,UC-4,Biosynthesis,0.9519548268080184,0.9519548268080184,True,True,0.4651162790697674,22,41,20,0.9657816987922802,0.9725416984493681,778
27,121,UC-5,UC-30,0.3087323616536551,0.3087323616536551,False,False,0.0588235294117647,25,29,3,0.5885508398662939,0.532629020502938,778
28,105,Inflammatory Cytokine,Inflammatory Cytokine,0.9059561355668072,0.9059561355668072,True,True,0.5238095238095238,24,40,22,0.8199572691273247,0.8656130449662631,778
29,98,ChrX,ChrX,0.7515168135396554,0.7515168135396554,True,True,0.4,36,41,22,0.922688926137347,0.9137796474190406,778
30,128,UC-6,Homeobox Domains-2,0.8554998492114217,0.8554998492114217,True,True,0.6060606060606061,22,31,20,0.952322228651016,0.9447727913950212,778
31,12,MEOX1,POU6F2 Motif,0.920995915969039,0.920995915969039,True,True,0.6388888888888888,34,25,23,0.9937073732875532,0.9875054210639412,778
32,125,snoRNA-3,snoRNA-3,0.9188610475012154,0.9188610475012154,True,True,0.5645161290322581,39,58,35,0.8734560635179299,0.8872929607712216,778
33,45,Extracellular Region-2,Glycosaminoglycan Binding,-0.1596791237267825,0.1596791237267825,False,False,0.0576923076923076,38,17,3,-0.014170411366685794,-0.04757348049251797,778
34,80,snoRNA-4,snoRNA-4,0.8503416580776353,0.8503416580776353,True,True,0.3896103896103896,57,50,30,0.8899138953107946,0.8975357268406957,778
35,147,Cell Cycle-2,ECM Remodeling,-0.5068665897747555,0.5068665897747555,False,False,0.1075268817204301,59,44,10,0.6125163166168862,0.6317259293045534,778
36,47,Natriuretic Peptide,Natriuretic Peptide,0.8747765357830913,0.8747765357830913,True,True,0.2142857142857142,13,55,12,0.9155507482071156,0.9621718668772773,778
37,109,Chaperone,Chaperone,0.9753499823662716,0.9753499823662716,True,True,0.8666666666666667,14,14,13,0.9816360412770856,0.9953495091332301,778
38,35,WH1 Domain,UC-19,0.9476589957914944,0.9476589957914944,True,True,0.5945945945945946,36,23,22,0.9481664014525004,0.9699293642526857,778
39,21,Temperature Downshift,Temperature Downshift,0.7948648371934491,0.7948648371934491,True,True,0.3513513513513513,28,22,13,0.9148903401513204,0.892561650443149,778
40,139,ISG-2,ISG-2,0.7807664598152212,0.7807664598152212,True,True,0.5,27,54,27,0.8481835212389586,0.8632956479148935,778
41,27,Chr8-1,Chr8-1,0.8841161967524247,0.8841161967524247,True,True,0.5490196078431373,29,50,28,0.8953337085608645,0.8942442225123709,778
42,68,Matrix Metalloprotease,Matrix Metalloprotease,0.929404946964212,0.929404946964212,True,True,0.6451612903225806,20,31,20,0.9803087667158863,0.9793527618057094,778
43,11,Lysosome-2,Lysosome-2,0.9688936169997164,0.9688936169997164,True,True,0.8787878787878788,32,30,29,0.9928880360686758,0.9921278348321289,778
44,102,Culture-2,UC-27,-0.954790282233885,0.954790282233885,True,True,0.7647058823529411,30,30,26,0.9859783147421166,0.9914806457863315,778
45,101,Chr1,Homeobox Motif,0.792994042626076,0.792994042626076,True,True,0.5268817204301075,66,76,49,0.9647951365499703,0.9725593915694337,778
46,106,UC-7,UC-7,0.905451961654236,0.905451961654236,True,True,0.5,2,1,1,0.9846200040303561,0.9842249520019762,778
47,22,Nuclear Compartment,EGR1 Motif,0.9360949427120676,0.9360949427120676,True,True,0.4583333333333333,37,33,22,0.9862680833964326,0.9908807935693231,778
48,146,UC-8,FCH Domains,-0.4171455591663762,0.4171455591663762,True,False,0.0285714285714285,64,44,3,0.5033631009586611,0.45745497288119435,778
49,136,ASNS,Extracellular Region-10,-0.5743550774295944,0.5743550774295944,True,False,0.1666666666666666,28,35,9,0.6123956705299379,0.5971766093833359,778
50,45,ncRNA-2,Glycosaminoglycan Binding,0.2381607312553399,0.2381607312553399,True,False,0.0,15,17,0,0.2868408408603729,0.33239606992074205,778
51,137,snoRNA-5,snoRNA-11,0.1036481093715729,0.1036481093715729,False,False,0.0392156862745098,24,29,2,-0.006459312275703583,0.07966358433871193,778
52,55,ECM-1,ECM-1,0.9289255802321608,0.9289255802321608,True,True,0.6181818181818182,38,51,34,0.9992008016153444,0.9983958027611274,778
53,62,Media-1,Extracellular Region-7,0.8501627054908152,0.8501627054908152,True,True,0.3125,12,30,10,0.9821718260253888,0.7347509294533677,778
54,90,ATF4,ATF4,0.8649200108334861,0.8649200108334861,True,True,0.6428571428571429,63,52,45,0.9584526491235374,0.9620955719891211,778
55,133,snoRNA-6,snoRNA-6,0.9237164087012768,0.9237164087012768,True,True,0.4285714285714285,55,35,27,0.974943164709476,0.8752644755559406,778
56,146,UC-9,FCH Domains,-0.2002626115440398,0.2002626115440398,False,False,0.0232558139534883,44,44,2,0.14372663150542211,0.08475087233715335,778
57,141,Oxidative Stress,Oxidative Stress-2,0.5864833974964218,0.5864833974964218,True,True,0.2537313432835821,57,27,17,0.6912452093876101,0.7618277998422689,778
58,91,Coagulation,Chemokine Signaling-3,0.6784716588268735,0.6784716588268735,True,True,0.288135593220339,47,29,17,0.6860573003379777,0.7668980670922684,778
59,135,snoRNA-7,snoRNA-16,-0.0868745085623546,0.0868745085623546,True,False,0.0196078431372549,20,32,1,-0.013655758054719084,0.0460383441476147,778
60,36,Culture-3,Receptor Signaling,0.95447615303053,0.95447615303053,True,True,0.7666666666666667,30,23,23,0.9979126404444049,0.9973934029533973,778
61,51,UC-10,Cell Migration,0.7617813732230874,0.7617813732230874,True,True,0.2156862745098039,14,48,11,0.8606522237976544,0.8358242300394496,778
62,136,Mechanical Stimulus Response,Extracellular Region-10,0.4569409374362728,0.4569409374362728,False,False,0.1666666666666666,28,35,9,0.40094645881133906,0.5251258197731549,778
63,119,snoRNA-8,snoRNA-15,0.3977570370655549,0.3977570370655549,False,True,0.1333333333333333,32,36,8,0.7789470193781952,0.8305774404599462,778
64,32,Translation-5,Translation-5,0.8400470583234817,0.8400470583234817,True,True,0.268041237113402,97,26,26,0.9583513097311683,0.9419397682917067,778
65,103,ECM-2,ECM-2,-0.9197917802386222,0.9197917802386222,True,True,0.2784810126582278,79,22,22,0.9736438949228033,0.9616345409581007,778
66,4,UC-11,UC-11,0.9680124762076436,0.9680124762076436,True,True,0.8214285714285714,28,23,23,0.9817180994192023,0.982110792811177,778
67,129,Chemokine Signaling,Chemokine Signaling,0.8494220456957915,0.8494220456957915,True,True,0.5151515151515151,49,51,34,0.9596651095638981,0.9519551011253046,778
68,60,Homeobox-1,Homeobox-1,0.9509430858771978,0.9509430858771978,True,True,0.6973684210526315,75,54,53,0.9910791265631409,0.991340152302153,778
69,67,Homeobox-2,Homeobox-2,0.9101640028227944,0.9101640028227944,True,True,0.5714285714285714,28,49,28,0.9753212441782227,0.9720335116720317,778
70,146,ECM-4,FCH Domains,-0.2804444746460741,0.2804444746460741,False,False,0.0508474576271186,18,44,3,0.4567129822713294,0.2968480155714905,778
71,13,Chr5,Chr5,0.920092221971621,0.920092221971621,True,True,0.8076923076923077,26,21,21,0.9590640131554488,0.9671022248919415,778
72,115,UC-12,UC-12,0.8436439788939862,0.8436439788939862,True,True,0.6484848484848484,154,118,107,0.9791842718677906,0.889298534573515,778
73,42,Antimicrobial Response,Antimicrobial Response,0.7614590539527598,0.7614590539527598,True,True,0.44,31,41,22,0.8708119655768678,0.8680797771461766,778
74,54,Hypoxia,Hypoxia,0.8768691317747653,0.8768691317747653,True,True,0.5283018867924528,49,32,28,0.9617803515311651,0.9620010030069902,778
75,141,UC-13,Oxidative Stress-2,-0.3707046997376576,0.3707046997376576,False,False,0.0392156862745098,26,27,2,0.25578608496538974,0.17083774638523455,778
76,28,Chr8-2,Organic Nitrogen Response,-0.6231034406492094,0.6231034406492094,True,True,0.2222222222222222,43,23,12,0.8375244008295959,0.8150303274474837,778
77,130,Collagen,Collagen,0.9540927870729043,0.9540927870729043,True,True,0.6666666666666666,42,63,42,0.9512778952327262,0.9669201824534535,778
78,49,FABP4,FABP4,0.7771748502156363,0.7771748502156363,True,True,0.25,11,39,10,0.7936389310147357,0.7998772851475169,778
79,134,ERV-1,ERV-1,0.7237221080312387,0.7237221080312387,True,True,0.3088235294117647,36,53,21,0.761069786215006,0.619559358848332,778
80,145,Thrombospondin Repeats,UC-35,-0.8195274822652913,0.8195274822652913,True,True,0.2564102564102564,34,15,10,0.9511511211457013,0.9233120387624923,778
81,44,Extracellular Region-3,Extracellular Region-6,0.7843114397200677,0.7843114397200677,True,True,0.1290322580645161,46,24,8,0.8506470392999763,0.8795947762265869,778
82,123,Translation-6,Translation-6,0.9444069939570086,0.9444069939570086,True,True,0.5161290322580645,57,37,32,0.9841551189925153,0.9714621785843165,778
83,6,ECM-5,ECM-5,0.9008564683577928,0.9008564683577928,True,True,0.5138888888888888,47,62,37,0.9454845120320364,0.9514661276119908,778
84,5,Cholesterol Biosynthesis,Cholesterol Biosynthesis,0.6933643425424646,0.6933643425424646,True,True,0.3809523809523809,39,48,24,0.8891300636673993,0.8155158441988585,778
85,20,UC-14,UC-14,0.7653468887257517,0.7653468887257517,True,True,0.2941176470588235,28,60,20,0.9142548490377624,0.8699714594745678,778
86,85,snRNA-1,snoRNA-13,0.6443490539745721,0.6443490539745721,True,True,0.2619047619047619,31,75,22,0.9706843688059046,0.884231259457073,778
87,52,ISG-1,ISG-1,0.98195739200847,0.98195739200847,True,True,0.9482758620689656,55,58,55,0.998912233986261,0.9989272267727022,778
88,37,tRNA-1,tRNA-1,-0.7254835677232643,0.7254835677232643,True,True,0.2673267326732673,73,55,27,0.9497394012887028,0.9227234372377905,778
89,141,Cytokine Signaling,Oxidative Stress-2,0.314067000035779,0.314067000035779,False,False,0.0576923076923076,28,27,3,0.31159436051070527,0.4284611733941965,778
90,16,IER Proteins,IER Proteins,0.9250030230624392,0.9250030230624392,True,True,0.7647058823529411,51,39,39,0.9983384680327476,0.9859606354170873,778
91,2,RNA Metabolism,UC-17,0.9211111790199904,0.9211111790199904,True,True,0.36,19,15,9,0.9900335791832823,0.95272033906763,778
92,118,Collagen Binding,Collagen Binding,0.9075976539143412,0.9075976539143412,True,True,0.5789473684210527,15,15,11,0.9945222251702841,0.9938243907933835,778
93,26,Golgi,Cell Cycle-3,0.9337501434198526,0.9337501434198526,True,True,0.6470588235294118,13,15,11,0.9941579915935438,0.9912042715922604,778
94,75,UC-15,UC-15,0.9230709057595632,0.9230709057595632,True,True,0.5666666666666667,38,56,34,0.9896071402739937,0.9896927307400954,778
95,83,Integrin Binding,Integrin Binding,0.7955766287825145,0.7955766287825145,True,True,0.3103448275862069,19,19,9,0.948087955024193,0.8520525925704389,778
96,1,UC-16,Unfolded Protein Response-2,0.8031922222126104,0.8031922222126104,True,True,0.1555555555555555,13,39,7,0.861238382184425,0.907932178673231,778
97,24,BMP Signaling Regulation,Olfactomedin Domains,0.8295687764627347,0.8295687764627347,True,True,0.3170731707317073,28,26,13,0.7685671580261233,0.7788528487801454,778
98,93,Immune and MAPK Regulation,Immune and MAPK Regulation,0.9066943630771116,0.9066943630771116,True,True,0.7361111111111112,63,62,53,0.9597482631112301,0.959952206817812,778
99,92,HOXA,HOXA,-0.7980972510809455,0.7980972510809455,True,True,0.4561403508771929,40,43,26,0.8574335856924549,0.7586161116964504,778
100,104,Process Regulation,Process Regulation,0.8704896826042912,0.8704896826042912,True,True,0.53125,29,20,17,0.9385082319765017,0.9609740671277196,778
101,53,Integrin Adhesion,Integrin Adhesion,0.9670812086855226,0.9670812086855226,True,True,0.6714285714285714,48,69,47,0.9976008414749579,0.9974780647426307,778
102,92,snoRNA-9,HOXA,0.1865018595193442,0.1865018595193442,False,False,0.0317460317460317,22,43,2,0.4120313086201647,0.41037291639004525,778
103,24,snoRNA-10,Olfactomedin Domains,0.1515680513565083,0.1515680513565083,False,False,0.0144927536231884,44,26,1,0.44235171440864957,0.4358911010595587,778
104,137,snoRNA-11,snoRNA-11,0.8376593358458598,0.8376593358458598,True,True,0.3,23,29,12,0.8504314384105588,0.8810795773466177,778
