discovery_iModulon,expanded_iModulon,Gene,status,discovery_loading,expanded_sign_aligned_loading
87,52,Ccl5,shared,0.0683424108400185,0.0677221831876986
87,52,Cxcl10,shared,0.130542200457399,0.1291560305502944
87,52,Cxcl11,shared,0.0790772015154894,0.0779258530873272
87,52,Cxcl9,shared,0.0629467883802932,0.0615263802424367
87,52,Ddx60,shared,0.0734053666861941,0.0722899175410453
87,52,Gbp5,shared,0.0966326850819773,0.094015626235929
87,52,Herc6,shared,0.0875121541879237,0.0865288422020644
87,52,Ifi35,shared,0.0803300349110618,0.0834278895055743
87,52,Ifi44l_1,shared,0.0726370804677597,0.0714928845148944
87,52,Ifit2,shared,0.157393146775705,0.1554431599568873
87,52,Irf7,shared,0.119258997428826,0.1221207791341505
87,52,Irf9,expanded_only,0.0560682720633681,0.0589814320746452
87,52,Isg15,shared,0.21724227812136,0.2274135163069905
87,52,LOC100750637,shared,0.0712377838097742,0.0706504043041138
87,52,LOC100750669,shared,0.0651225249160685,0.0634332672407957
87,52,LOC100753152,shared,0.0782273197991485,0.0766911241452738
87,52,LOC100754939,shared,0.0791823577816046,0.0797393696646929
87,52,LOC100755228,shared,0.0662605780110817,0.0628082164199351
87,52,LOC100758111,shared,0.0849839919171928,0.0832651374691959
87,52,LOC100758550,shared,0.0735066482854904,0.0713972200062968
87,52,LOC100761048,shared,0.14297580323716,0.1433607900247818
87,52,LOC100762031,shared,0.106642975346587,0.1096358725634618
87,52,LOC100762377,shared,0.110679006739346,0.1111284813956204
87,52,LOC100762389,shared,0.0931804551657942,0.0911431505314498
87,52,LOC100762860,shared,0.0807219299648839,0.0741819926753792
87,52,LOC100763130,shared,0.187988422211498,0.1948696864695373
87,52,LOC100764653,shared,0.189416325558761,0.1908970866471354
87,52,LOC100765968,shared,0.068777495116089,0.0683533281354393
87,52,LOC100767358,shared,0.0641273090091497,0.0619502436275048
87,52,LOC100767734,shared,0.145656342563845,0.1459441454343365
87,52,LOC100767905,shared,0.10791692368763,0.1075974541562415
87,52,LOC100768312,shared,0.0847194185626589,0.0839587728625741
87,52,LOC100768530,shared,0.0809287659058266,0.0795033351316725
87,52,LOC100769624,shared,0.082608788231006,0.0819666839384961
87,52,LOC100770794,shared,0.077123363825502,0.0795699411381597
87,52,LOC100771979,shared,0.0864494389788124,0.0838904782498673
87,52,LOC100772509,shared,0.160076042299559,0.1608641102598056
87,52,LOC100772719,shared,0.0614978566934689,0.0598814413421938
87,52,LOC100773381,shared,0.154202030715095,0.1543941073102044
87,52,LOC100773381_1,shared,0.16150727510433,0.1613883736009808
87,52,LOC100774003,shared,0.0708616409860909,0.0688847721584553
87,52,LOC100774966,shared,0.107999719266702,0.1129714003682623
87,52,LOC103164543,shared,0.067270208203051,0.0678482997153151
87,52,LOC113830641,expanded_only,0.0570774604521904,0.060063030194606
87,52,LOC113834739,shared,0.144952601032524,0.1434360237554426
87,52,LOC118238892,shared,0.0876117623195648,0.079521386696346
87,52,LOC118239651,expanded_only,0.0511877565191455,0.0594963037689669
87,52,Oas2,shared,0.0862468168792548,0.0834745734815836
87,52,Parp14,shared,0.061399994891718,0.0616146311304365
87,52,Pla2g5,shared,0.0806885872594552,0.0790173958133209
87,52,Rsad2,shared,0.0712054464140787,0.0663288813798002
87,52,Rtp4,shared,0.116796483401233,0.1209996978655109
87,52,Samhd1,shared,0.0619288455859177,0.0615595567146631
87,52,Tnfsf10,shared,0.0720405999661102,0.0739237904905043
87,52,Uba7,shared,0.07060226339842,0.0681593979467466
87,52,Ube2l6,shared,0.0815215777902776,0.0833214756608976
87,52,Usp18,shared,0.115176250766918,0.1216462686519921
87,52,Xaf1,shared,0.0638990907474575,0.0612231998906908
54,90,Aars1,shared,0.0556116751064817,0.0610914373511449
54,90,Abhd6,discovery_only,0.0437284908832183,0.0329462374814079
54,90,Adapt15,discovery_only,0.0415979584303167,0.0303684701855342
54,90,Asns,shared,0.091469416494532,0.1089728497982196
54,90,Atf3,shared,0.0646904588485962,0.0511171861270329
54,90,Atf4,shared,0.0758730103510396,0.0881504479169594
54,90,Atf5,shared,0.0821682436124567,0.1065279511728679
54,90,Camlg,shared,0.0589971487805095,0.0525148577105354
54,90,Cars1,shared,0.0499106117291985,0.0578926248517768
54,90,Cerk,shared,0.0418678989597459,0.0475648977171421
54,90,Chac1,shared,0.0750240511280751,0.0720830895801078
54,90,Chst12,discovery_only,-0.0379373637549805,-0.0405457286138739
54,90,Ddit3,shared,0.0820726903412108,0.0772909836555731
54,90,Ddit4,shared,0.0813072319450385,0.0887988030344373
54,90,Eif4ebp1,shared,0.0439451278686725,0.0433015381680194
54,90,Gadd45a,shared,0.0734745146633927,0.0654759701727882
54,90,Gars1,shared,0.0507666441727229,0.0538252310677513
54,90,Gpt2,shared,0.0709254689280279,0.0671371148298048
54,90,Gtpbp2,shared,0.0595995684516464,0.0570578253470049
54,90,Herpud1,shared,0.0556785263437106,0.0463390239792315
54,90,Hspa8,discovery_only,-0.0419270162580509,-0.0329098935632426
54,90,Iars1,shared,0.0512093882291148,0.0515720449630946
54,90,Il33,shared,-0.0512744987835898,-0.0460999936008277
54,90,LOC100750542,discovery_only,0.0394490164904754,0.0380877754368093
54,90,LOC100757077,expanded_only,-0.0277050106094304,-0.0557928636937232
54,90,LOC100772859,shared,0.0506036912314432,0.0527959633101182
54,90,LOC103161105,shared,0.0615990427549974,0.0656080722863314
54,90,LOC103161546,expanded_only,0.0350252888362642,0.0458378591809973
54,90,LOC113833112,discovery_only,0.0384955358700148,0.0074517702015564
54,90,LOC113833814,expanded_only,-0.0356435121398136,-0.0502818544691488
54,90,LOC113834042,expanded_only,0.0277353179135257,0.0556482870555188
54,90,LOC113834043,expanded_only,0.0228487031417169,0.0432230556053564
54,90,LOC113834136,discovery_only,-0.0513591515220355,-0.0287553069606502
54,90,LOC113834382,shared,0.0578487406899534,0.0622348776049834
54,90,LOC113837180,discovery_only,0.0383671640053522,0.0398908984231301
54,90,LOC118238326,expanded_only,0.0188505972428652,0.0430724032924982
54,90,LOC118238565,shared,0.042716052114626,0.0450036327719836
54,90,LOC118239039,discovery_only,0.0395990603785978,0.0339856936576608
54,90,Lars1,discovery_only,0.0385459317200482,0.0384559474307957
54,90,Mir23a,shared,-0.0376567381383694,-0.0467394893148305
54,90,Mir27a,discovery_only,-0.0411873935547963,-0.0392725965441208
54,90,Mir450b,shared,-0.0477962458056295,-0.0572517068075117
54,90,Mknk1,discovery_only,0.0382598164471998,0.0324487351303528
54,90,Mthfd2,shared,0.0599221920515368,0.0630260253185462
54,90,Nars1,discovery_only,0.0391996524475704,0.0377769052441098
54,90,Niban1,shared,0.0474678374138031,0.0531663633641747
54,90,Nnmt,shared,0.0615326366621014,0.0619694881327202
54,90,Nupr1,shared,0.0440867122230855,0.0548108820460266
54,90,Pck2,shared,0.062466939028875,0.0594901657934757
54,90,Postn,expanded_only,-0.024319302498217,-0.043192244296535
54,90,Ppp1r15a,discovery_only,0.0443682442567617,0.0308125270262794
54,90,Psat1,shared,0.0613713012140098,0.0671713220396112
54,90,Psph,shared,0.0440117974253317,0.0434773285313184
54,90,Pycr1,shared,0.071334540764133,0.0690060856451023
54,90,Sars1,shared,0.0447330128886151,0.045347192013609
54,90,Sesn2,shared,0.0935687176151304,0.0913151546428487
54,90,Shmt2,discovery_only,0.0393548533930523,0.0411920915248515
54,90,Slc1a4,discovery_only,0.0428696628481699,0.037708876069426
54,90,Slc1a5,shared,0.0496746580899308,0.0446771781966376
54,90,Slc3a2,shared,0.0521835030638539,0.0434771511505754
54,90,Slc6a9,shared,0.0931660284649012,0.0897678416696807
54,90,Slc7a1,shared,0.0474091619405991,0.0471857664819165
54,90,Slc7a5,shared,0.0511684353145656,0.0488664429307751
54,90,Slc7a7,shared,0.0429770485232993,0.042926048410412
54,90,Stc2,shared,0.0667211156025389,0.0717869204249602
54,90,Tars1,shared,0.0442981881069729,0.0437529040596022
54,90,Trib3,shared,0.116838174572361,0.1130755303071903
54,90,Xpot,discovery_only,0.0408914156092604,0.0402769843246089
54,90,Yars1,shared,0.0625110429248134,0.0642418079603479
54,90,Zswim3,discovery_only,0.0453199365931194,0.03996364421746
39,21,Aen,expanded_only,0.0411045126699714,0.050233968538539
39,21,Btg2,shared,0.0432643391255743,0.0669834166320047
39,21,Ccdc122,shared,0.0500293444688332,0.0576740451395952
39,21,Ccng1,shared,0.0436862138707829,0.0520962996402479
39,21,Cdkn1a,expanded_only,0.0408570373121067,0.0549254572871016
39,21,Dzip1,expanded_only,0.0398797236726415,0.0572075037898867
39,21,Eda2r,shared,0.0546010522354091,0.060372897291095
39,21,Fos,discovery_only,-0.0677040584408754,-0.0390377498339493
39,21,Hoatz,discovery_only,0.0458284822712467,0.0441610204106069
39,21,Inka2,shared,0.0594541092063742,0.082566588319088
39,21,LOC100751672,shared,0.0830592118091025,0.0812636022830068
39,21,LOC100753502,discovery_only,-0.0479079439261433,-0.0229831705022723
39,21,LOC100753804,discovery_only,-0.0426749886325998,-0.014441075621832
39,21,LOC100754104,discovery_only,-0.0451141794443888,-0.0119221518310453
39,21,LOC100755639,shared,0.044400967715674,0.0514171778782479
39,21,LOC100769250,discovery_only,0.0514195438507937,0.0447548113729975
39,21,LOC100773073,shared,0.0848274058257793,0.0869598626978745
39,21,LOC103161050,discovery_only,0.0517299268901759,0.027424593112778
39,21,LOC107979446,discovery_only,-0.0437159241529574,-0.0119403995639611
39,21,LOC118237644,discovery_only,0.0801101191932148,0.016790213834179
39,21,LOC118238272,discovery_only,0.0435851844320889,0.0092046864352
39,21,LOC118239039,shared,-0.0434124549237621,-0.0689038336098412
39,21,Mdm2,shared,0.0438251719987012,0.0488219991253759
39,21,Mir22,discovery_only,0.0462540644467028,0.0406748317667394
39,21,Mirlet7b,discovery_only,-0.0428300808020013,-0.0039597403830382
39,21,Moxd1,discovery_only,0.0454582997300121,0.0432976020448939
39,21,Mro,expanded_only,0.0268992635229542,0.0499684006635543
39,21,Psrc1,expanded_only,0.0380068055077994,0.0499191639374859
39,21,Rasl11a,expanded_only,0.0331038887338228,0.05444879593081
39,21,Rbm3,shared,0.0462388556417715,0.0507569992994276
39,21,Rhbdl2,shared,0.0430105109127713,0.0476585167323894
39,21,Sesn2,discovery_only,0.0535041296720791,0.0458427023350981
39,21,Smim4,discovery_only,0.0429357612211168,0.0389797946186526
39,21,Tbc1d8,shared,0.0446009268129059,0.0598625469823785
39,21,Tmem63b,expanded_only,0.0382937899090341,0.0494029740723143
39,21,Tp53inp1,expanded_only,0.0417780398466717,0.0583441139103449
39,21,Zmat3,expanded_only,0.035393396505035,0.0487110596477083
52,55,Aebp1,shared,0.077289699852092,0.0842365314754541
52,55,Bgn,shared,0.094957262351331,0.1010374342240706
52,55,Btg3,shared,-0.0725810411469576,-0.0815036825979783
52,55,Cadm1,shared,0.0763450815890108,0.0820765759083854
52,55,Chcr1,expanded_only,-0.0432988575069011,-0.053608999949114
52,55,Ckmt1b,shared,0.0654885061590186,0.068190336041798
52,55,Cnrip1,shared,-0.0769469145742418,-0.0861469325982636
52,55,Col3a1,shared,-0.078250000631262,-0.0683359263489615
52,55,Col4a2,shared,0.061519930223884,0.060569215222517
52,55,Col6a2,shared,0.063595708097178,0.0740844731196058
52,55,Crlf1,expanded_only,0.0522422142213571,0.0611169331779577
52,55,Ctps2,shared,-0.0605411138281139,-0.0662574055236298
52,55,Dcn,shared,-0.0660693470106198,-0.0650406631272642
52,55,Dhx40,expanded_only,-0.0561811471263734,-0.059691569680195
52,55,Emp2,expanded_only,-0.0515606210049413,-0.0560659212393115
52,55,Kdelr3,shared,-0.0670042973555904,-0.0820330887772063
52,55,Kitlg,shared,-0.0607479541619048,-0.0582460707793397
52,55,LOC100750890,shared,-0.0818259793678826,-0.0972735967595829
52,55,LOC100753467,discovery_only,0.0581405170662714,0.0433719244649314
52,55,LOC100755834,shared,0.0866803738369291,0.0954270787639174
52,55,LOC100757158,shared,-0.0605315557560055,-0.0645101778194048
52,55,LOC100757534,expanded_only,-0.0466896683163127,-0.0549983582314512
52,55,LOC100766583,shared,0.0749502246961373,0.0913967833252426
52,55,LOC100769497,shared,-0.0716363336136139,-0.0650352210891566
52,55,LOC103159228,shared,0.0702991506997178,0.0582396168777283
52,55,LOC103160599,shared,-0.0661966987610131,-0.0643947267437221
52,55,LOC103160641,shared,0.0715459957893568,0.0752611101327233
52,55,LOC103162162,discovery_only,0.0590574820206684,0.0366221947154627
52,55,LOC103162856,discovery_only,0.0612989903119911,0.0488971718477901
52,55,LOC103163886,discovery_only,-0.0737808974206025,-0.0435795860762446
52,55,LOC107980024,expanded_only,0.0548494300339089,0.0620989995234232
52,55,LOC107980378,shared,0.0669448319158193,0.0533478492053261
52,55,LOC113832687,expanded_only,0.0496234096322869,0.0550586047339332
52,55,LOC113833950,shared,0.0726191866009124,0.0795798721792065
52,55,LOC113834278,shared,0.0868272327717966,0.072589828125136
52,55,LOC113836427,expanded_only,0.0429614295392032,0.0645904704006871
52,55,LOC113836802,shared,0.0704214163399757,0.0776673895952782
52,55,LOC118237777,shared,0.068934203131441,0.0561670971327087
52,55,Lgalsl,shared,-0.0603984054008061,-0.0626513288556016
52,55,Mpp6,shared,-0.0807131174341554,-0.0844760778632616
52,55,Mtss1,shared,-0.0620967207846133,-0.0633212837635845
52,55,Nipal3,expanded_only,-0.0533974091474988,-0.0603491732471301
52,55,Noxa1,shared,-0.0577731330453516,-0.0665480813139042
52,55,Nrn1,shared,0.0592873057614391,0.0691226174041766
52,55,Pon2,expanded_only,0.0541010930841824,0.0697421060165307
52,55,Prss35,expanded_only,-0.0539955875400463,-0.0608781459234815
52,55,Ptp4a3,expanded_only,0.0490656271756443,0.0554640128567482
52,55,Rcn2,shared,-0.0699407689814018,-0.0810021326736383
52,55,Slco3a1,expanded_only,0.0489661052912979,0.0543148095960973
52,55,Slco4a1,expanded_only,0.0536939086040983,0.0600414656630233
52,55,Sumo3,expanded_only,-0.0470065860242362,-0.0543099366486005
52,55,Tes,shared,-0.0602369883712038,-0.0693569023261958
52,55,Them6,expanded_only,-0.0551958376337476,-0.0701693385975437
52,55,Tuba4a,expanded_only,0.0323444643313759,0.0559109673291087
52,55,Uck1,shared,-0.0605968414129065,-0.0689613759699491
65,103,Adam12,discovery_only,0.0463904602724055,0.0448280641496193
65,103,Ampd3,discovery_only,-0.0449207658082556,-0.0441212517546646
65,103,B4galt6,discovery_only,0.0487392760544911,0.0502253230975045
65,103,Bicc1,discovery_only,0.0422546308279628,0.0499452259208658
65,103,C1H12orf75,shared,0.0594081681568669,0.0579775749122754
65,103,CUNH1orf87,discovery_only,-0.0468753519093081,-0.0316923220927671
65,103,Cdh2,discovery_only,-0.052765335662467,-0.0524647463430298
65,103,Clcn5,discovery_only,-0.0429904613762275,-0.0361831460819169
65,103,Cldn15,discovery_only,0.0435820685297889,0.0431246280806197
65,103,Col4a1,shared,0.0619042221318835,0.0733442683863024
65,103,Col4a2,shared,0.0607665362230356,0.0708504084719816
65,103,Ddit4l,discovery_only,-0.0459698355431445,-0.0340297988332266
65,103,Dpt,shared,-0.0650343124021357,-0.0648046400117753
65,103,Eif4e3,shared,0.0586572301465249,0.0589244555687909
65,103,Epb41,discovery_only,0.0423504583395337,0.0430394474729327
65,103,Fam151b,discovery_only,0.0458154793423884,0.0485602765014425
65,103,Fbxl16,discovery_only,0.0505616780966615,0.0488567306650514
65,103,Gnpda2,discovery_only,0.0455808338533979,0.0489780594353146
65,103,Gpr160,discovery_only,-0.0481459348910844,-0.0287492640528333
65,103,Hes2,shared,-0.0580213913046838,-0.059409168139229
65,103,Hsd11b1,discovery_only,-0.0421821614355065,-0.0342474833308913
65,103,Htr3a,discovery_only,-0.0436189202750173,-0.0365835097815151
65,103,Irs2,shared,0.0530743634784095,0.0581899233423008
65,103,Kctd15,discovery_only,0.0533783461576029,0.0539079131080109
65,103,Kdelr3,discovery_only,0.0442210219461268,0.0416547955076066
65,103,LOC100750890,discovery_only,-0.0549683342036416,-0.0377049090553025
65,103,LOC100753770,discovery_only,-0.0416527093079209,-0.0562312445796612
65,103,LOC100753862,discovery_only,0.0437976669094284,0.0492677028145979
65,103,LOC100759871,shared,-0.0556970713731827,-0.0597665592725196
65,103,LOC100767818,shared,-0.0574255300419306,-0.0602654889704386
65,103,LOC100769145,discovery_only,-0.044770031529301,-0.0488582686740794
65,103,LOC100772326,discovery_only,-0.0488824679108099,-0.0303887338184062
65,103,LOC103159587,discovery_only,-0.0437475940390056,-0.0341371246710044
65,103,LOC103159589,shared,-0.0439453687715776,-0.0611452020614053
65,103,LOC103161127,discovery_only,0.0420144900146797,0.0472529722936071
65,103,LOC103162302,shared,-0.066429478419733,-0.0734920506808248
65,103,LOC103162826,discovery_only,-0.0425528843239579,-0.0404646857262841
65,103,LOC103163470,shared,0.0448014740123514,0.0627084464127355
65,103,LOC103163630,shared,0.0445613925318661,0.0587034255875102
65,103,LOC103163886,discovery_only,-0.0533295411629307,-0.0458117251630878
65,103,LOC107977973,shared,-0.0761692708925415,-0.072948688190971
65,103,LOC107978394,shared,-0.0606360321730767,-0.0599774506199866
65,103,LOC113832370,discovery_only,-0.0417731635881641,-0.0467024823262499
65,103,LOC113832678,discovery_only,0.0454855177470586,0.0508118673205382
65,103,LOC113833667,discovery_only,0.0429667875808982,0.0438597714854636
65,103,LOC113834099,discovery_only,0.0425571372525311,0.0489411947452407
65,103,LOC113835123,discovery_only,-0.0437047622905945,-0.0325593993985374
65,103,LOC113835325,discovery_only,0.0444642939345525,0.056196380081337
65,103,LOC118238519,discovery_only,-0.050258641315431,-0.0531964003871374
65,103,LOC118238520,shared,-0.0599517071138585,-0.0604845220934667
65,103,LOC118238553,discovery_only,-0.0475527683614705,-0.0476169155650601
65,103,LOC118238893,discovery_only,-0.0450512248286438,-0.0360055136340881
65,103,LOC118239660,discovery_only,-0.0457769237301578,-0.0443461219308444
65,103,Maged1,shared,0.0893021382299371,0.0923133132016443
65,103,Morn4,discovery_only,0.0568568917685789,0.0552041598443142
65,103,Mpeg1,discovery_only,-0.0426670643897206,-0.0350826551203011
65,103,Msh3,discovery_only,0.0470762997905458,0.053038969750783
65,103,Ngef,discovery_only,-0.0464819877856924,-0.0526166703047794
65,103,Nppb,discovery_only,0.0560195944899344,0.0318545357400088
65,103,Pdpn,shared,-0.0759005573839082,-0.1012743218463876
65,103,Pipox,discovery_only,-0.0421872220855546,-0.0457814380027622
65,103,Rab44,discovery_only,-0.0429100593842408,-0.0459834054322368
65,103,Retreg1,discovery_only,-0.0443118921135637,-0.0490385954461626
65,103,Serpinf1,discovery_only,-0.0531360888136018,-0.0394151086385638
65,103,Slc15a3,discovery_only,-0.043027435746633,-0.0543350413734355
65,103,Slc2a9,discovery_only,-0.0475376873982202,-0.054026151676708
65,103,Slc44a5,discovery_only,-0.0475296460933706,-0.0345682429569346
65,103,Smim1,discovery_only,0.0510607919936278,0.0487322260028682
65,103,Stard4,shared,0.0548928008414683,0.0620115831249159
65,103,Stc2,shared,0.0591763702714065,0.0601160078608404
65,103,Swap70,shared,0.0600283089513771,0.0627295773242006
65,103,Syt14,discovery_only,-0.0485434034313068,-0.0516824463570067
65,103,Tarbp1,discovery_only,0.0507865026401091,0.0528399057653962
65,103,Twist1,discovery_only,-0.0435538987016927,-0.0537974815647059
65,103,Vstm4,shared,0.0748442663025204,0.0712030848004409
65,103,Zfyve16,discovery_only,0.0495108148183258,0.0542938719667273
65,103,Zmat4,discovery_only,-0.0609318343981489,-0.0529014655186461
65,103,Znf365,discovery_only,0.0517360679856901,0.0509195827900021
65,103,Znf605,discovery_only,0.0549461037475319,0.0547320677764313
